run_date,code,name,wics,metric,period,value
2026-07-11,005930,삼성전자,반도체와반도체장비,target_price,,513958.0
2026-07-11,005930,삼성전자,반도체와반도체장비,rev_e,2026/12,7324732.0
2026-07-11,005930,삼성전자,반도체와반도체장비,op_e,2026/12,3832404.0
2026-07-11,000660,SK하이닉스,반도체와반도체장비,target_price,,3547917.0
2026-07-11,000660,SK하이닉스,반도체와반도체장비,rev_e,2026/12,3577853.0
2026-07-11,000660,SK하이닉스,반도체와반도체장비,op_e,2026/12,2767812.0
2026-07-11,402340,SK스퀘어,반도체와반도체장비,target_price,,1810000.0
2026-07-11,402340,SK스퀘어,반도체와반도체장비,rev_e,2026/12,73622.0
2026-07-11,402340,SK스퀘어,반도체와반도체장비,op_e,2026/12,430392.0
2026-07-11,009150,삼성전기,전자장비와기기,target_price,,2470000.0
2026-07-11,009150,삼성전기,전자장비와기기,rev_e,2026/12,135229.0
2026-07-11,009150,삼성전기,전자장비와기기,op_e,2026/12,16524.0
2026-07-11,005380,현대차,자동차,target_price,,812800.0
2026-07-11,005380,현대차,자동차,rev_e,2026/12,1937132.0
2026-07-11,005380,현대차,자동차,op_e,2026/12,118722.0
2026-07-11,373220,LG에너지솔루션,전기제품,target_price,,554136.0
2026-07-11,373220,LG에너지솔루션,전기제품,rev_e,2026/12,304941.0
2026-07-11,373220,LG에너지솔루션,전기제품,op_e,2026/12,11445.0
2026-07-11,032830,삼성생명,생명보험,target_price,,406179.0
2026-07-11,032830,삼성생명,생명보험,op_e,2026/12,33019.0
2026-07-11,105560,KB금융,은행,target_price,,215611.0
2026-07-11,105560,KB금융,은행,op_e,2026/12,92995.0
2026-07-11,207940,삼성바이오로직스,제약,target_price,,2055000.0
2026-07-11,207940,삼성바이오로직스,제약,rev_e,2026/12,54270.0
2026-07-11,207940,삼성바이오로직스,제약,op_e,2026/12,24946.0
2026-07-11,028260,삼성물산,복합기업,target_price,,585385.0
2026-07-11,028260,삼성물산,복합기업,rev_e,2026/12,441678.0
2026-07-11,028260,삼성물산,복합기업,op_e,2026/12,36331.0
2026-07-11,000270,기아,자동차,target_price,,235652.0
2026-07-11,000270,기아,자동차,rev_e,2026/12,1240124.0
2026-07-11,000270,기아,자동차,op_e,2026/12,102467.0
2026-07-11,329180,HD현대중공업,조선,target_price,,929143.0
2026-07-11,329180,HD현대중공업,조선,rev_e,2026/12,248924.0
2026-07-11,329180,HD현대중공업,조선,op_e,2026/12,38898.0
2026-07-11,055550,신한지주,은행,target_price,,131667.0
2026-07-11,055550,신한지주,은행,op_e,2026/12,76926.0
2026-07-11,034020,두산에너빌리티,기계,target_price,,150200.0
2026-07-11,034020,두산에너빌리티,기계,rev_e,2026/12,181012.0
2026-07-11,034020,두산에너빌리티,기계,op_e,2026/12,11196.0
2026-07-11,012450,한화에어로스페이스,우주항공과국방,target_price,,1803889.0
2026-07-11,012450,한화에어로스페이스,우주항공과국방,rev_e,2026/12,302395.0
2026-07-11,012450,한화에어로스페이스,우주항공과국방,op_e,2026/12,42648.0
2026-07-11,034730,SK,석유와가스,target_price,,853692.0
2026-07-11,034730,SK,석유와가스,rev_e,2026/12,1418951.0
2026-07-11,034730,SK,석유와가스,op_e,2026/12,98678.0
2026-07-11,012330,현대모비스,자동차부품,target_price,,788000.0
2026-07-11,012330,현대모비스,자동차부품,rev_e,2026/12,652140.0
2026-07-11,012330,현대모비스,자동차부품,op_e,2026/12,37235.0
2026-07-11,068270,셀트리온,제약,target_price,,265476.0
2026-07-11,068270,셀트리온,제약,rev_e,2026/12,53265.0
2026-07-11,068270,셀트리온,제약,op_e,2026/12,17804.0
2026-07-11,086790,하나금융지주,은행,target_price,,160474.0
2026-07-11,086790,하나금융지주,은행,op_e,2026/12,60435.0
2026-07-11,006400,삼성SDI,전기제품,target_price,,802130.0
2026-07-11,006400,삼성SDI,전기제품,rev_e,2026/12,156606.0
2026-07-11,006400,삼성SDI,전기제품,op_e,2026/12,83.0
2026-07-11,267260,HD현대일렉트릭,전기장비,target_price,,1487692.0
2026-07-11,267260,HD현대일렉트릭,전기장비,rev_e,2026/12,46646.0
2026-07-11,267260,HD현대일렉트릭,전기장비,op_e,2026/12,12375.0
2026-07-11,010120,LS ELECTRIC,전기장비,target_price,,268846.0
2026-07-11,010120,LS ELECTRIC,전기장비,rev_e,2026/12,61820.0
2026-07-11,010120,LS ELECTRIC,전기장비,op_e,2026/12,6602.0
2026-07-11,035420,NAVER,양방향미디어와서비스,target_price,,329667.0
2026-07-11,035420,NAVER,양방향미디어와서비스,rev_e,2026/12,137611.0
2026-07-11,035420,NAVER,양방향미디어와서비스,op_e,2026/12,23974.0
2026-07-11,066570,LG전자,전자제품,target_price,,218250.0
2026-07-11,066570,LG전자,전자제품,rev_e,2026/12,949907.0
2026-07-11,066570,LG전자,전자제품,op_e,2026/12,42384.0
2026-07-11,000810,삼성화재,손해보험,target_price,,696882.0
2026-07-11,000810,삼성화재,손해보험,op_e,2026/12,30345.0
2026-07-11,298040,효성중공업,전기장비,target_price,,4661538.0
2026-07-11,298040,효성중공업,전기장비,rev_e,2026/12,71214.0
2026-07-11,298040,효성중공업,전기장비,op_e,2026/12,10942.0
2026-07-11,042660,한화오션,조선,target_price,,163600.0
2026-07-11,042660,한화오션,조선,rev_e,2026/12,140385.0
2026-07-11,042660,한화오션,조선,op_e,2026/12,19012.0
2026-07-11,005490,POSCO홀딩스,철강,target_price,,552588.0
2026-07-11,005490,POSCO홀딩스,철강,rev_e,2026/12,726523.0
2026-07-11,005490,POSCO홀딩스,철강,op_e,2026/12,31078.0
2026-07-11,009540,HD한국조선해양,조선,target_price,,598571.0
2026-07-11,009540,HD한국조선해양,조선,rev_e,2026/12,338030.0
2026-07-11,009540,HD한국조선해양,조선,op_e,2026/12,56418.0
2026-07-11,006800,미래에셋증권,증권,target_price,,71188.0
2026-07-11,006800,미래에셋증권,증권,rev_e,2026/12,412959.0
2026-07-11,006800,미래에셋증권,증권,op_e,2026/12,41656.0
2026-07-11,015760,한국전력,전기유틸리티,target_price,,56667.0
2026-07-11,015760,한국전력,전기유틸리티,rev_e,2026/12,985021.0
2026-07-11,015760,한국전력,전기유틸리티,op_e,2026/12,97617.0
2026-07-11,316140,우리금융지주,은행,target_price,,43850.0
2026-07-11,316140,우리금융지주,은행,op_e,2026/12,43418.0
2026-07-11,000150,두산,복합기업,target_price,,2305385.0
2026-07-11,000150,두산,복합기업,rev_e,2026/12,216928.0
2026-07-11,000150,두산,복합기업,op_e,2026/12,17064.0
2026-07-11,010130,고려아연,비철금속,target_price,,1791600.0
2026-07-11,010130,고려아연,비철금속,rev_e,2026/12,234635.0
2026-07-11,010130,고려아연,비철금속,op_e,2026/12,23854.0
2026-07-11,042700,한미반도체,반도체와반도체장비,target_price,,380000.0
2026-07-11,042700,한미반도체,반도체와반도체장비,rev_e,2026/12,7850.0
2026-07-11,042700,한미반도체,반도체와반도체장비,op_e,2026/12,3694.0
2026-07-11,010140,삼성중공업,조선,target_price,,40050.0
2026-07-11,010140,삼성중공업,조선,rev_e,2026/12,128170.0
2026-07-11,010140,삼성중공업,조선,op_e,2026/12,14957.0
2026-07-11,064350,현대로템,우주항공과국방,target_price,,310500.0
2026-07-11,064350,현대로템,우주항공과국방,rev_e,2026/12,69403.0
2026-07-11,064350,현대로템,우주항공과국방,op_e,2026/12,11805.0
2026-07-11,138040,메리츠금융지주,증권,target_price,,148000.0
2026-07-11,138040,메리츠금융지주,증권,op_e,2026/12,32058.0
2026-07-11,017670,SK텔레콤,무선통신서비스,target_price,,116667.0
2026-07-11,017670,SK텔레콤,무선통신서비스,rev_e,2026/12,177610.0
2026-07-11,017670,SK텔레콤,무선통신서비스,op_e,2026/12,19165.0
2026-07-11,051910,LG화학,화학,target_price,,449929.0
2026-07-11,051910,LG화학,화학,rev_e,2026/12,542857.0
2026-07-11,051910,LG화학,화학,op_e,2026/12,15532.0
2026-07-11,011200,HMM,해운사,target_price,,22455.0
2026-07-11,011200,HMM,해운사,rev_e,2026/12,116563.0
2026-07-11,011200,HMM,해운사,op_e,2026/12,11608.0
2026-07-11,033780,KT&G,담배,target_price,,227143.0
2026-07-11,033780,KT&G,담배,rev_e,2026/12,69698.0
2026-07-11,033780,KT&G,담배,op_e,2026/12,15108.0
2026-07-11,011070,LG이노텍,전자장비와기기,target_price,,1219190.0
2026-07-11,011070,LG이노텍,전자장비와기기,rev_e,2026/12,245423.0
2026-07-11,011070,LG이노텍,전자장비와기기,op_e,2026/12,11680.0
2026-07-11,096770,SK이노베이션,석유와가스,target_price,,166909.0
2026-07-11,096770,SK이노베이션,석유와가스,rev_e,2026/12,1022217.0
2026-07-11,096770,SK이노베이션,석유와가스,op_e,2026/12,50950.0
2026-07-11,196170,알테오젠,생물공학,target_price,,566667.0
2026-07-11,196170,알테오젠,생물공학,rev_e,2026/12,4674.0
2026-07-11,196170,알테오젠,생물공학,op_e,2026/12,2859.0
2026-07-11,024110,기업은행,은행,target_price,,27714.0
2026-07-11,024110,기업은행,은행,op_e,2026/12,37016.0
2026-07-11,079550,LIG디펜스앤에어로스페이스,우주항공과국방,target_price,,1160000.0
2026-07-11,079550,LIG디펜스앤에어로스페이스,우주항공과국방,rev_e,2026/12,51371.0
2026-07-11,079550,LIG디펜스앤에어로스페이스,우주항공과국방,op_e,2026/12,4501.0
2026-07-11,267250,HD현대,조선,target_price,,382000.0
2026-07-11,267250,HD현대,조선,rev_e,2026/12,807008.0
2026-07-11,267250,HD현대,조선,op_e,2026/12,90457.0
2026-07-11,035720,카카오,양방향미디어와서비스,target_price,,66706.0
2026-07-11,035720,카카오,양방향미디어와서비스,rev_e,2026/12,82450.0
2026-07-11,035720,카카오,양방향미디어와서비스,op_e,2026/12,9387.0
2026-07-11,018260,삼성에스디에스,IT서비스,target_price,,246600.0
2026-07-11,018260,삼성에스디에스,IT서비스,rev_e,2026/12,143018.0
2026-07-11,018260,삼성에스디에스,IT서비스,op_e,2026/12,8342.0
2026-07-11,003550,LG,복합기업,target_price,,144909.0
2026-07-11,003550,LG,복합기업,rev_e,2026/12,82094.0
2026-07-11,003550,LG,복합기업,op_e,2026/12,16183.0
2026-07-11,010950,S-Oil,석유와가스,target_price,,149176.0
2026-07-11,010950,S-Oil,석유와가스,rev_e,2026/12,417125.0
2026-07-11,010950,S-Oil,석유와가스,op_e,2026/12,35619.0
2026-07-11,086280,현대글로비스,항공화물운송과물류,target_price,,324353.0
2026-07-11,086280,현대글로비스,항공화물운송과물류,rev_e,2026/12,320659.0
2026-07-11,086280,현대글로비스,항공화물운송과물류,op_e,2026/12,21753.0
2026-07-11,047810,한국항공우주,우주항공과국방,target_price,,221533.0
2026-07-11,047810,한국항공우주,우주항공과국방,rev_e,2026/12,56701.0
2026-07-11,047810,한국항공우주,우주항공과국방,op_e,2026/12,4680.0
2026-07-11,278470,에이피알,화장품,target_price,,524737.0
2026-07-11,278470,에이피알,화장품,rev_e,2026/12,28623.0
2026-07-11,278470,에이피알,화장품,op_e,2026/12,7140.0
2026-07-11,030200,KT,다각화된통신서비스,target_price,,75111.0
2026-07-11,030200,KT,다각화된통신서비스,rev_e,2026/12,276995.0
2026-07-11,030200,KT,다각화된통신서비스,op_e,2026/12,20653.0
2026-07-11,272210,한화시스템,우주항공과국방,target_price,,141583.0
2026-07-11,272210,한화시스템,우주항공과국방,rev_e,2026/12,43505.0
2026-07-11,272210,한화시스템,우주항공과국방,op_e,2026/12,2744.0
2026-07-11,003670,포스코퓨처엠,화학,target_price,,255875.0
2026-07-11,003670,포스코퓨처엠,화학,rev_e,2026/12,33751.0
2026-07-11,003670,포스코퓨처엠,화학,op_e,2026/12,953.0
2026-07-11,071050,한국금융지주,증권,target_price,,346500.0
2026-07-11,071050,한국금융지주,증권,rev_e,2026/12,443840.0
2026-07-11,071050,한국금융지주,증권,op_e,2026/12,35233.0
2026-07-11,307950,현대오토에버,IT서비스,target_price,,684063.0
2026-07-11,307950,현대오토에버,IT서비스,rev_e,2026/12,47613.0
2026-07-11,307950,현대오토에버,IT서비스,op_e,2026/12,2766.0
2026-07-11,000720,현대건설,건설,target_price,,215143.0
2026-07-11,000720,현대건설,건설,rev_e,2026/12,269135.0
2026-07-11,000720,현대건설,건설,op_e,2026/12,8244.0
2026-07-11,247540,에코프로비엠,전기제품,target_price,,251588.0
2026-07-11,247540,에코프로비엠,전기제품,rev_e,2026/12,30484.0
2026-07-11,247540,에코프로비엠,전기제품,op_e,2026/12,1133.0
2026-07-11,005940,NH투자증권,증권,target_price,,42750.0
2026-07-11,005940,NH투자증권,증권,rev_e,2026/12,238824.0
2026-07-11,005940,NH투자증권,증권,op_e,2026/12,21770.0
2026-07-11,259960,크래프톤,게임엔터테인먼트,target_price,,379444.0
2026-07-11,259960,크래프톤,게임엔터테인먼트,rev_e,2026/12,48472.0
2026-07-11,259960,크래프톤,게임엔터테인먼트,op_e,2026/12,14813.0
2026-07-11,323410,카카오뱅크,은행,target_price,,30208.0
2026-07-11,323410,카카오뱅크,은행,op_e,2026/12,7101.0
2026-07-11,006260,LS,전기장비,target_price,,621200.0
2026-07-11,006260,LS,전기장비,rev_e,2026/12,392372.0
2026-07-11,006260,LS,전기장비,op_e,2026/12,16669.0
2026-07-11,005830,DB손해보험,손해보험,target_price,,218688.0
2026-07-11,005830,DB손해보험,손해보험,op_e,2026/12,20748.0
2026-07-11,016360,삼성증권,증권,target_price,,165611.0
2026-07-11,016360,삼성증권,증권,rev_e,2026/12,211630.0
2026-07-11,016360,삼성증권,증권,op_e,2026/12,22640.0
2026-07-11,003490,대한항공,항공사,target_price,,34615.0
2026-07-11,003490,대한항공,항공사,rev_e,2026/12,274182.0
2026-07-11,003490,대한항공,항공사,op_e,2026/12,8666.0
2026-07-11,352820,하이브,방송과엔터테인먼트,target_price,,369500.0
2026-07-11,352820,하이브,방송과엔터테인먼트,rev_e,2026/12,44053.0
2026-07-11,352820,하이브,방송과엔터테인먼트,op_e,2026/12,2659.0
2026-07-11,036930,주성엔지니어링,반도체와반도체장비,target_price,,189500.0
2026-07-11,036930,주성엔지니어링,반도체와반도체장비,rev_e,2026/12,3514.0
2026-07-11,036930,주성엔지니어링,반도체와반도체장비,op_e,2026/12,602.0
2026-07-11,161390,한국타이어앤테크놀로지,자동차부품,target_price,,85733.0
2026-07-11,161390,한국타이어앤테크놀로지,자동차부품,rev_e,2026/12,224556.0
2026-07-11,161390,한국타이어앤테크놀로지,자동차부품,op_e,2026/12,21431.0
2026-07-11,443060,HD현대마린솔루션,조선,target_price,,332000.0
2026-07-11,443060,HD현대마린솔루션,조선,rev_e,2026/12,24041.0
2026-07-11,443060,HD현대마린솔루션,조선,op_e,2026/12,4346.0
2026-07-11,039490,키움증권,증권,target_price,,548118.0
2026-07-11,039490,키움증권,증권,rev_e,2026/12,255671.0
2026-07-11,039490,키움증권,증권,op_e,2026/12,21922.0
2026-07-11,277810,레인보우로보틱스,기계,target_price,,915000.0
2026-07-11,277810,레인보우로보틱스,기계,rev_e,2026/12,600.0
2026-07-11,277810,레인보우로보틱스,기계,op_e,2026/12,40.0
2026-07-11,047050,포스코인터내셔널,무역회사와판매업체,target_price,,101462.0
2026-07-11,047050,포스코인터내셔널,무역회사와판매업체,rev_e,2026/12,337217.0
2026-07-11,047050,포스코인터내셔널,무역회사와판매업체,op_e,2026/12,13941.0
2026-07-11,028050,삼성E&A,건설,target_price,,67816.0
2026-07-11,028050,삼성E&A,건설,rev_e,2026/12,101875.0
2026-07-11,028050,삼성E&A,건설,op_e,2026/12,8840.0
2026-07-11,003230,삼양식품,식품,target_price,,1870714.0
2026-07-11,003230,삼양식품,식품,rev_e,2026/12,30626.0
2026-07-11,003230,삼양식품,식품,op_e,2026/12,7298.0
2026-07-11,950160,코오롱티슈진,생물공학,target_price,,280000.0
2026-07-11,950160,코오롱티슈진,생물공학,rev_e,2026/12,60.0
2026-07-11,950160,코오롱티슈진,생물공학,op_e,2026/12,-290.0
2026-07-11,007660,이수페타시스,반도체와반도체장비,target_price,,179615.0
2026-07-11,007660,이수페타시스,반도체와반도체장비,rev_e,2026/12,15446.0
2026-07-11,007660,이수페타시스,반도체와반도체장비,op_e,2026/12,3259.0
2026-07-11,078930,GS,석유와가스,target_price,,98000.0
2026-07-11,078930,GS,석유와가스,rev_e,2026/12,276022.0
2026-07-11,078930,GS,석유와가스,op_e,2026/12,41970.0
2026-07-11,090430,아모레퍼시픽,화장품,target_price,,167667.0
2026-07-11,090430,아모레퍼시픽,화장품,rev_e,2026/12,46029.0
2026-07-11,090430,아모레퍼시픽,화장품,op_e,2026/12,4638.0
2026-07-11,047040,대우건설,건설,target_price,,32300.0
2026-07-11,047040,대우건설,건설,rev_e,2026/12,80967.0
2026-07-11,047040,대우건설,건설,op_e,2026/12,7131.0
2026-07-11,064400,LG씨엔에스,IT서비스,target_price,,100700.0
2026-07-11,064400,LG씨엔에스,IT서비스,rev_e,2026/12,66178.0
2026-07-11,064400,LG씨엔에스,IT서비스,op_e,2026/12,6163.0
2026-07-11,000880,한화,복합기업,target_price,,173700.0
2026-07-11,000880,한화,복합기업,rev_e,2026/12,849471.0
2026-07-11,000880,한화,복합기업,op_e,2026/12,56369.0
2026-07-11,326030,SK바이오팜,제약,target_price,,148333.0
2026-07-11,326030,SK바이오팜,제약,rev_e,2026/12,9588.0
2026-07-11,326030,SK바이오팜,제약,op_e,2026/12,3377.0
2026-07-11,021240,코웨이,가정용기기와용품,target_price,,125000.0
2026-07-11,021240,코웨이,가정용기기와용품,rev_e,2026/12,56212.0
2026-07-11,021240,코웨이,가정용기기와용품,op_e,2026/12,10136.0
2026-07-11,032640,LG유플러스,무선통신서비스,target_price,,19941.0
2026-07-11,032640,LG유플러스,무선통신서비스,rev_e,2026/12,156615.0
2026-07-11,032640,LG유플러스,무선통신서비스,op_e,2026/12,11111.0
2026-07-11,267270,HD건설기계,기계,target_price,,222833.0
2026-07-11,267270,HD건설기계,기계,rev_e,2026/12,91940.0
2026-07-11,267270,HD건설기계,기계,op_e,2026/12,6959.0
2026-07-11,240810,원익IPS,반도체와반도체장비,target_price,,174200.0
2026-07-11,240810,원익IPS,반도체와반도체장비,rev_e,2026/12,13097.0
2026-07-11,240810,원익IPS,반도체와반도체장비,op_e,2026/12,1872.0
2026-07-11,241560,두산밥캣,기계,target_price,,91071.0
2026-07-11,241560,두산밥캣,기계,rev_e,2026/12,93435.0
2026-07-11,241560,두산밥캣,기계,op_e,2026/12,7591.0
2026-07-11,353200,대덕전자,전자장비와기기,target_price,,201786.0
2026-07-11,353200,대덕전자,전자장비와기기,rev_e,2026/12,15254.0
2026-07-11,353200,대덕전자,전자장비와기기,op_e,2026/12,2502.0
2026-07-11,004170,신세계,백화점과일반상점,target_price,,805556.0
2026-07-11,004170,신세계,백화점과일반상점,rev_e,2026/12,72957.0
2026-07-11,004170,신세계,백화점과일반상점,op_e,2026/12,7610.0
2026-07-11,001440,대한전선,전기장비,target_price,,57200.0
2026-07-11,001440,대한전선,전기장비,rev_e,2026/12,42877.0
2026-07-11,001440,대한전선,전기장비,op_e,2026/12,1964.0
2026-07-11,062040,산일전기,전기장비,target_price,,344571.0
2026-07-11,062040,산일전기,전기장비,rev_e,2026/12,6712.0
2026-07-11,062040,산일전기,전기장비,op_e,2026/12,2488.0
2026-07-11,058470,리노공업,반도체와반도체장비,target_price,,136167.0
2026-07-11,058470,리노공업,반도체와반도체장비,rev_e,2026/12,4520.0
2026-07-11,058470,리노공업,반도체와반도체장비,op_e,2026/12,2191.0
2026-07-11,029780,삼성카드,카드,target_price,,61500.0
2026-07-11,029780,삼성카드,카드,rev_e,2026/12,46257.0
2026-07-11,029780,삼성카드,카드,op_e,2026/12,8470.0
2026-07-11,138930,BNK금융지주,은행,target_price,,24400.0
2026-07-11,138930,BNK금융지주,은행,op_e,2026/12,11091.0
2026-07-11,034220,LG디스플레이,디스플레이패널,target_price,,17813.0
2026-07-11,034220,LG디스플레이,디스플레이패널,rev_e,2026/12,251834.0
2026-07-11,034220,LG디스플레이,디스플레이패널,op_e,2026/12,11083.0
2026-07-11,319660,피에스케이,반도체와반도체장비,target_price,,179143.0
2026-07-11,319660,피에스케이,반도체와반도체장비,rev_e,2026/12,6742.0
2026-07-11,319660,피에스케이,반도체와반도체장비,op_e,2026/12,1797.0
2026-07-11,009830,한화솔루션,에너지장비및서비스,target_price,,53486.0
2026-07-11,009830,한화솔루션,에너지장비및서비스,rev_e,2026/12,182146.0
2026-07-11,009830,한화솔루션,에너지장비및서비스,op_e,2026/12,7642.0
2026-07-11,000100,유한양행,제약,target_price,,129615.0
2026-07-11,000100,유한양행,제약,rev_e,2026/12,23445.0
2026-07-11,000100,유한양행,제약,op_e,2026/12,1322.0
2026-07-11,271560,오리온,식품,target_price,,180417.0
2026-07-11,271560,오리온,식품,rev_e,2026/12,37470.0
2026-07-11,271560,오리온,식품,op_e,2026/12,6508.0
2026-07-11,036570,NC,게임엔터테인먼트,target_price,,370789.0
2026-07-11,036570,NC,게임엔터테인먼트,rev_e,2026/12,26502.0
2026-07-11,036570,NC,게임엔터테인먼트,op_e,2026/12,5027.0
2026-07-11,000990,DB하이텍,반도체와반도체장비,target_price,,196000.0
2026-07-11,000990,DB하이텍,반도체와반도체장비,rev_e,2026/12,16114.0
2026-07-11,000990,DB하이텍,반도체와반도체장비,op_e,2026/12,3668.0
2026-07-11,377300,카카오페이,IT서비스,target_price,,91250.0
2026-07-11,377300,카카오페이,IT서비스,rev_e,2026/12,12960.0
2026-07-11,377300,카카오페이,IT서비스,op_e,2026/12,1388.0
2026-07-11,128940,한미약품,제약,target_price,,671333.0
2026-07-11,128940,한미약품,제약,rev_e,2026/12,16762.0
2026-07-11,128940,한미약품,제약,op_e,2026/12,2961.0
2026-07-11,175330,JB금융지주,은행,target_price,,37588.0
2026-07-11,175330,JB금융지주,은행,op_e,2026/12,10077.0
2026-07-11,454910,두산로보틱스,기계,target_price,,145000.0
2026-07-11,454910,두산로보틱스,기계,rev_e,2026/12,590.0
2026-07-11,454910,두산로보틱스,기계,op_e,2026/12,130.0
2026-07-11,011790,SKC,화학,target_price,,130000.0
2026-07-11,011790,SKC,화학,rev_e,2026/12,22216.0
2026-07-11,011790,SKC,화학,op_e,2026/12,-604.0
2026-07-11,039030,이오테크닉스,반도체와반도체장비,target_price,,583333.0
2026-07-11,039030,이오테크닉스,반도체와반도체장비,rev_e,2026/12,5080.0
2026-07-11,039030,이오테크닉스,반도체와반도체장비,op_e,2026/12,1402.0
2026-07-11,222800,심텍,전자장비와기기,target_price,,157778.0
2026-07-11,222800,심텍,전자장비와기기,rev_e,2026/12,19109.0
2026-07-11,222800,심텍,전자장비와기기,op_e,2026/12,1811.0
2026-07-11,298380,에이비엘바이오,생물공학,target_price,,220000.0
2026-07-11,298380,에이비엘바이오,생물공학,rev_e,2026/12,492.0
2026-07-11,298380,에이비엘바이오,생물공학,op_e,2026/12,-618.0
2026-07-11,141080,리가켐바이오,제약,target_price,,224000.0
2026-07-11,141080,리가켐바이오,제약,rev_e,2026/12,1947.0
2026-07-11,141080,리가켐바이오,제약,op_e,2026/12,-826.0
2026-07-11,023530,롯데쇼핑,백화점과일반상점,target_price,,220000.0
2026-07-11,023530,롯데쇼핑,백화점과일반상점,rev_e,2026/12,142687.0
2026-07-11,023530,롯데쇼핑,백화점과일반상점,op_e,2026/12,8035.0
2026-07-11,000500,가온전선,전기장비,rev_e,2026/12,29455.0
2026-07-11,000500,가온전선,전기장비,op_e,2026/12,1060.0
2026-07-11,001040,CJ,복합기업,target_price,,251222.0
2026-07-11,001040,CJ,복합기업,rev_e,2026/12,471226.0
2026-07-11,001040,CJ,복합기업,op_e,2026/12,27187.0
2026-07-11,066970,엘앤에프,전기제품,target_price,,252500.0
2026-07-11,066970,엘앤에프,전기제품,rev_e,2026/12,34486.0
2026-07-11,066970,엘앤에프,전기제품,op_e,2026/12,2518.0
2026-07-11,088350,한화생명,생명보험,target_price,,6267.0
2026-07-11,088350,한화생명,생명보험,op_e,2026/12,13570.0
2026-07-11,052690,한전기술,전기유틸리티,target_price,,203818.0
2026-07-11,052690,한전기술,전기유틸리티,rev_e,2026/12,5938.0
2026-07-11,052690,한전기술,전기유틸리티,op_e,2026/12,738.0
2026-07-11,002380,KCC,건축자재,target_price,,752750.0
2026-07-11,002380,KCC,건축자재,rev_e,2026/12,67500.0
2026-07-11,002380,KCC,건축자재,op_e,2026/12,4153.0
2026-07-11,082740,한화엔진,조선,target_price,,100125.0
2026-07-11,082740,한화엔진,조선,rev_e,2026/12,15575.0
2026-07-11,082740,한화엔진,조선,op_e,2026/12,2408.0
2026-07-11,347850,디앤디파마텍,생물공학,rev_e,2026/12,120.0
2026-07-11,347850,디앤디파마텍,생물공학,op_e,2026/12,-260.0
2026-07-11,111770,영원무역,"섬유,의류,신발,호화품",target_price,,120556.0
2026-07-11,111770,영원무역,"섬유,의류,신발,호화품",rev_e,2026/12,44559.0
2026-07-11,111770,영원무역,"섬유,의류,신발,호화품",op_e,2026/12,6361.0
2026-07-11,440110,파두,반도체와반도체장비,target_price,,130000.0
2026-07-11,440110,파두,반도체와반도체장비,rev_e,2026/12,3015.0
2026-07-11,440110,파두,반도체와반도체장비,op_e,2026/12,448.0
2026-07-11,084370,유진테크,반도체와반도체장비,target_price,,156667.0
2026-07-11,084370,유진테크,반도체와반도체장비,rev_e,2026/12,4910.0
2026-07-11,084370,유진테크,반도체와반도체장비,op_e,2026/12,1027.0
2026-07-11,018880,한온시스템,자동차부품,target_price,,5097.0
2026-07-11,018880,한온시스템,자동차부품,rev_e,2026/12,113876.0
2026-07-11,018880,한온시스템,자동차부품,op_e,2026/12,4279.0
2026-07-11,010060,OCI홀딩스,화학,target_price,,395000.0
2026-07-11,010060,OCI홀딩스,화학,rev_e,2026/12,41880.0
2026-07-11,010060,OCI홀딩스,화학,op_e,2026/12,3751.0
2026-07-11,051900,LG생활건강,화장품,target_price,,268000.0
2026-07-11,051900,LG생활건강,화장품,rev_e,2026/12,62692.0
2026-07-11,051900,LG생활건강,화장품,op_e,2026/12,3422.0
2026-07-11,403870,HPSP,반도체와반도체장비,target_price,,68000.0
2026-07-11,403870,HPSP,반도체와반도체장비,rev_e,2026/12,2408.0
2026-07-11,403870,HPSP,반도체와반도체장비,op_e,2026/12,1283.0
2026-07-11,069960,현대백화점,백화점과일반상점,target_price,,219000.0
2026-07-11,069960,현대백화점,백화점과일반상점,rev_e,2026/12,42740.0
2026-07-11,069960,현대백화점,백화점과일반상점,op_e,2026/12,4359.0
2026-07-11,004020,현대제철,철강,target_price,,52327.0
2026-07-11,004020,현대제철,철강,rev_e,2026/12,239047.0
2026-07-11,004020,현대제철,철강,op_e,2026/12,4371.0
2026-07-11,095610,테스,반도체와반도체장비,target_price,,177143.0
2026-07-11,095610,테스,반도체와반도체장비,rev_e,2026/12,4562.0
2026-07-11,095610,테스,반도체와반도체장비,op_e,2026/12,1004.0
2026-07-11,214450,파마리서치,건강관리장비와용품,target_price,,481429.0
2026-07-11,214450,파마리서치,건강관리장비와용품,rev_e,2026/12,6633.0
2026-07-11,214450,파마리서치,건강관리장비와용품,op_e,2026/12,2662.0
2026-07-11,001450,현대해상,손해보험,target_price,,41824.0
2026-07-11,095340,ISC,반도체와반도체장비,target_price,,292500.0
2026-07-11,095340,ISC,반도체와반도체장비,rev_e,2026/12,3110.0
2026-07-11,095340,ISC,반도체와반도체장비,op_e,2026/12,1025.0
2026-07-11,108490,로보티즈,기계,target_price,,398000.0
2026-07-11,108490,로보티즈,기계,rev_e,2026/12,646.0
2026-07-11,108490,로보티즈,기계,op_e,2026/12,24.0
2026-07-11,214150,클래시스,건강관리장비와용품,target_price,,77688.0
2026-07-11,214150,클래시스,건강관리장비와용품,rev_e,2026/12,4675.0
2026-07-11,214150,클래시스,건강관리장비와용품,op_e,2026/12,2191.0
2026-07-11,103590,일진전기,전기장비,target_price,,122667.0
2026-07-11,103590,일진전기,전기장비,rev_e,2026/12,22704.0
2026-07-11,103590,일진전기,전기장비,op_e,2026/12,2087.0
2026-07-11,035250,강원랜드,"호텔,레스토랑,레저",target_price,,21333.0
2026-07-11,035250,강원랜드,"호텔,레스토랑,레저",rev_e,2026/12,14823.0
2026-07-11,035250,강원랜드,"호텔,레스토랑,레저",op_e,2026/12,2213.0
2026-07-11,336260,두산퓨얼셀,에너지장비및서비스,target_price,,79333.0
2026-07-11,336260,두산퓨얼셀,에너지장비및서비스,rev_e,2026/12,5772.0
2026-07-11,336260,두산퓨얼셀,에너지장비및서비스,op_e,2026/12,-249.0
2026-07-11,251270,넷마블,게임엔터테인먼트,target_price,,66429.0
2026-07-11,251270,넷마블,게임엔터테인먼트,rev_e,2026/12,28957.0
2026-07-11,251270,넷마블,게임엔터테인먼트,op_e,2026/12,3714.0
2026-07-11,310210,보로노이,제약,target_price,,450000.0
2026-07-11,310210,보로노이,제약,rev_e,2026/12,340.0
2026-07-11,310210,보로노이,제약,op_e,2026/12,-440.0
2026-07-11,036460,한국가스공사,가스유틸리티,target_price,,48750.0
2026-07-11,036460,한국가스공사,가스유틸리티,rev_e,2026/12,365537.0
2026-07-11,036460,한국가스공사,가스유틸리티,op_e,2026/12,22650.0
2026-07-11,031210,서울보증보험,손해보험,target_price,,56000.0
2026-07-11,178320,서진시스템,전기장비,target_price,,78000.0
2026-07-11,178320,서진시스템,전기장비,rev_e,2026/12,18040.0
2026-07-11,178320,서진시스템,전기장비,op_e,2026/12,1826.0
2026-07-11,009420,한올바이오파마,제약,target_price,,82250.0
2026-07-11,009420,한올바이오파마,제약,rev_e,2026/12,1697.0
2026-07-11,009420,한올바이오파마,제약,op_e,2026/12,17.0
2026-07-11,131290,티에스이,반도체와반도체장비,target_price,,336667.0
2026-07-11,131290,티에스이,반도체와반도체장비,rev_e,2026/12,6172.0
2026-07-11,131290,티에스이,반도체와반도체장비,op_e,2026/12,1681.0
2026-07-11,383220,F&F,"섬유,의류,신발,호화품",target_price,,98800.0
2026-07-11,383220,F&F,"섬유,의류,신발,호화품",rev_e,2026/12,20802.0
2026-07-11,383220,F&F,"섬유,의류,신발,호화품",op_e,2026/12,5294.0
2026-07-11,145020,휴젤,생물공학,target_price,,378462.0
2026-07-11,145020,휴젤,생물공학,rev_e,2026/12,5251.0
2026-07-11,145020,휴젤,생물공학,op_e,2026/12,2170.0
2026-07-11,011780,금호석유화학,화학,target_price,,176750.0
2026-07-11,011780,금호석유화학,화학,rev_e,2026/12,74050.0
2026-07-11,011780,금호석유화학,화학,op_e,2026/12,3905.0
2026-07-11,031980,피에스케이홀딩스,반도체와반도체장비,target_price,,191600.0
2026-07-11,031980,피에스케이홀딩스,반도체와반도체장비,rev_e,2026/12,2694.0
2026-07-11,031980,피에스케이홀딩스,반도체와반도체장비,op_e,2026/12,1053.0
2026-07-11,302440,SK바이오사이언스,제약,target_price,,49000.0
2026-07-11,302440,SK바이오사이언스,제약,rev_e,2026/12,7392.0
2026-07-11,302440,SK바이오사이언스,제약,op_e,2026/12,-1295.0
2026-07-11,097950,CJ제일제당,식품,target_price,,298462.0
2026-07-11,097950,CJ제일제당,식품,rev_e,2026/12,285812.0
2026-07-11,097950,CJ제일제당,식품,op_e,2026/12,12855.0
2026-07-11,139130,iM금융지주,은행,target_price,,24106.0
2026-07-11,139130,iM금융지주,은행,op_e,2026/12,6607.0
2026-07-11,028670,팬오션,해운사,target_price,,7642.0
2026-07-11,028670,팬오션,해운사,rev_e,2026/12,60923.0
2026-07-11,028670,팬오션,해운사,op_e,2026/12,5855.0
2026-07-11,012750,에스원,상업서비스와공급품,target_price,,94000.0
2026-07-11,012750,에스원,상업서비스와공급품,rev_e,2026/12,29680.0
2026-07-11,012750,에스원,상업서비스와공급품,op_e,2026/12,1961.0
2026-07-11,014680,한솔케미칼,화학,target_price,,399000.0
2026-07-11,014680,한솔케미칼,화학,rev_e,2026/12,9976.0
2026-07-11,014680,한솔케미칼,화학,op_e,2026/12,1880.0
2026-07-11,006360,GS건설,건설,target_price,,46472.0
2026-07-11,006360,GS건설,건설,rev_e,2026/12,111215.0
2026-07-11,006360,GS건설,건설,op_e,2026/12,4689.0
2026-07-11,011170,롯데케미칼,화학,target_price,,124692.0
2026-07-11,011170,롯데케미칼,화학,rev_e,2026/12,216789.0
2026-07-11,011170,롯데케미칼,화학,op_e,2026/12,1671.0
2026-07-11,067310,하나마이크론,반도체와반도체장비,target_price,,58750.0
2026-07-11,067310,하나마이크론,반도체와반도체장비,rev_e,2026/12,22475.0
2026-07-11,067310,하나마이크론,반도체와반도체장비,op_e,2026/12,3155.0
2026-07-11,004800,효성,복합기업,target_price,,335000.0
2026-07-11,004800,효성,복합기업,rev_e,2026/12,24720.0
2026-07-11,004800,효성,복합기업,op_e,2026/12,4620.0
2026-07-11,064760,티씨케이,반도체와반도체장비,target_price,,385000.0
2026-07-11,064760,티씨케이,반도체와반도체장비,rev_e,2026/12,3952.0
2026-07-11,064760,티씨케이,반도체와반도체장비,op_e,2026/12,1249.0
2026-07-11,319400,현대무벡스,기계,rev_e,2026/12,4640.0
2026-07-11,319400,현대무벡스,기계,op_e,2026/12,210.0
2026-07-11,005850,에스엘,자동차부품,target_price,,92000.0
2026-07-11,005850,에스엘,자동차부품,rev_e,2026/12,57293.0
2026-07-11,005850,에스엘,자동차부품,op_e,2026/12,4617.0
2026-07-11,237690,에스티팜,제약,target_price,,204071.0
2026-07-11,237690,에스티팜,제약,rev_e,2026/12,4169.0
2026-07-11,237690,에스티팜,제약,op_e,2026/12,776.0
2026-07-11,089970,브이엠,반도체와반도체장비,target_price,,113500.0
2026-07-11,089970,브이엠,반도체와반도체장비,rev_e,2026/12,3218.0
2026-07-11,089970,브이엠,반도체와반도체장비,op_e,2026/12,965.0
2026-07-11,161890,한국콜마,화장품,target_price,,129105.0
2026-07-11,161890,한국콜마,화장품,rev_e,2026/12,30672.0
2026-07-11,161890,한국콜마,화장품,op_e,2026/12,3148.0
2026-07-11,085620,미래에셋생명,생명보험,target_price,,14000.0
2026-07-11,483650,달바글로벌,화장품,target_price,,299615.0
2026-07-11,483650,달바글로벌,화장품,rev_e,2026/12,7477.0
2026-07-11,483650,달바글로벌,화장품,op_e,2026/12,1606.0
2026-07-11,257720,실리콘투,인터넷과카탈로그소매,target_price,,55571.0
2026-07-11,257720,실리콘투,인터넷과카탈로그소매,rev_e,2026/12,15497.0
2026-07-11,257720,실리콘투,인터넷과카탈로그소매,op_e,2026/12,2732.0
2026-07-11,375500,DL이앤씨,건설,target_price,,116222.0
2026-07-11,375500,DL이앤씨,건설,rev_e,2026/12,69620.0
2026-07-11,375500,DL이앤씨,건설,op_e,2026/12,5130.0
2026-07-11,003690,코리안리,손해보험,target_price,,16333.0
2026-07-11,357780,솔브레인,반도체와반도체장비,target_price,,549250.0
2026-07-11,357780,솔브레인,반도체와반도체장비,rev_e,2026/12,10934.0
2026-07-11,357780,솔브레인,반도체와반도체장비,op_e,2026/12,1924.0
2026-07-11,000240,한국앤컴퍼니,자동차부품,target_price,,33000.0
2026-07-11,000240,한국앤컴퍼니,자동차부품,rev_e,2026/12,15981.0
2026-07-11,000240,한국앤컴퍼니,자동차부품,op_e,2026/12,4574.0
2026-07-11,081660,미스토홀딩스,"섬유,의류,신발,호화품",target_price,,59111.0
2026-07-11,081660,미스토홀딩스,"섬유,의류,신발,호화품",rev_e,2026/12,47092.0
2026-07-11,081660,미스토홀딩스,"섬유,의류,신발,호화품",op_e,2026/12,5637.0
2026-07-11,004990,롯데지주,복합기업,target_price,,36500.0
2026-07-11,004990,롯데지주,복합기업,rev_e,2026/12,158390.0
2026-07-11,004990,롯데지주,복합기업,op_e,2026/12,3797.0
2026-07-11,263750,펄어비스,게임엔터테인먼트,target_price,,70778.0
2026-07-11,263750,펄어비스,게임엔터테인먼트,rev_e,2026/12,9164.0
2026-07-11,263750,펄어비스,게임엔터테인먼트,op_e,2026/12,4771.0
2026-07-11,204320,HL만도,자동차부품,target_price,,76889.0
2026-07-11,204320,HL만도,자동차부품,rev_e,2026/12,97540.0
2026-07-11,204320,HL만도,자동차부품,op_e,2026/12,4028.0
2026-07-11,489790,한화비전,통신장비,target_price,,109333.0
2026-07-11,489790,한화비전,통신장비,rev_e,2026/12,17909.0
2026-07-11,489790,한화비전,통신장비,op_e,2026/12,1623.0
2026-07-11,139480,이마트,백화점과일반상점,target_price,,123000.0
2026-07-11,139480,이마트,백화점과일반상점,rev_e,2026/12,293097.0
2026-07-11,139480,이마트,백화점과일반상점,op_e,2026/12,5488.0
2026-07-11,073240,금호타이어,자동차부품,target_price,,8222.0
2026-07-11,073240,금호타이어,자동차부품,rev_e,2026/12,50699.0
2026-07-11,073240,금호타이어,자동차부품,op_e,2026/12,5764.0
2026-07-11,279570,케이뱅크,은행,target_price,,9000.0
2026-07-11,279570,케이뱅크,은행,op_e,2026/12,1404.0
2026-07-11,005440,현대지에프홀딩스,복합기업,target_price,,19750.0
2026-07-11,005440,현대지에프홀딩스,복합기업,rev_e,2026/12,83018.0
2026-07-11,005440,현대지에프홀딩스,복합기업,op_e,2026/12,3582.0
2026-07-11,007070,GS리테일,백화점과일반상점,target_price,,31538.0
2026-07-11,007070,GS리테일,백화점과일반상점,rev_e,2026/12,124165.0
2026-07-11,007070,GS리테일,백화점과일반상점,op_e,2026/12,3471.0
2026-07-11,004370,농심,식품,target_price,,539091.0
2026-07-11,004370,농심,식품,rev_e,2026/12,37108.0
2026-07-11,004370,농심,식품,op_e,2026/12,2134.0
2026-07-11,030000,제일기획,광고,target_price,,25400.0
2026-07-11,030000,제일기획,광고,rev_e,2026/12,46981.0
2026-07-11,030000,제일기획,광고,op_e,2026/12,3340.0
2026-07-11,282330,BGF리테일,백화점과일반상점,target_price,,173267.0
2026-07-11,282330,BGF리테일,백화점과일반상점,rev_e,2026/12,94867.0
2026-07-11,282330,BGF리테일,백화점과일반상점,op_e,2026/12,2941.0
2026-07-11,007340,DN오토모티브,자동차부품,target_price,,55000.0
2026-07-11,007340,DN오토모티브,자동차부품,rev_e,2026/12,44186.0
2026-07-11,007340,DN오토모티브,자동차부품,op_e,2026/12,5720.0
2026-07-11,071970,HD현대마린엔진,조선,target_price,,130167.0
2026-07-11,071970,HD현대마린엔진,조선,rev_e,2026/12,6096.0
2026-07-11,071970,HD현대마린엔진,조선,op_e,2026/12,1522.0
2026-07-11,420770,기가비스,반도체와반도체장비,target_price,,185000.0
2026-07-11,420770,기가비스,반도체와반도체장비,rev_e,2026/12,906.0
2026-07-11,420770,기가비스,반도체와반도체장비,op_e,2026/12,262.0
2026-07-11,051600,한전KPS,전기유틸리티,target_price,,69818.0
2026-07-11,051600,한전KPS,전기유틸리티,rev_e,2026/12,16421.0
2026-07-11,051600,한전KPS,전기유틸리티,op_e,2026/12,1900.0
2026-07-11,462870,시프트업,게임엔터테인먼트,target_price,,45455.0
2026-07-11,462870,시프트업,게임엔터테인먼트,rev_e,2026/12,2085.0
2026-07-11,462870,시프트업,게임엔터테인먼트,op_e,2026/12,1080.0
2026-07-11,018670,SK가스,가스유틸리티,target_price,,367000.0
2026-07-11,018670,SK가스,가스유틸리티,rev_e,2026/12,101795.0
2026-07-11,018670,SK가스,가스유틸리티,op_e,2026/12,6456.0
2026-07-11,008770,호텔신라,백화점과일반상점,target_price,,76769.0
2026-07-11,008770,호텔신라,백화점과일반상점,rev_e,2026/12,40713.0
2026-07-11,008770,호텔신라,백화점과일반상점,op_e,2026/12,1805.0
2026-07-11,098460,고영,전자장비와기기,target_price,,48417.0
2026-07-11,098460,고영,전자장비와기기,rev_e,2026/12,3038.0
2026-07-11,098460,고영,전자장비와기기,op_e,2026/12,431.0
2026-07-11,290650,엘앤씨바이오,건강관리장비와용품,rev_e,2026/12,1604.0
2026-07-11,290650,엘앤씨바이오,건강관리장비와용품,op_e,2026/12,363.0
2026-07-11,192820,코스맥스,화장품,target_price,,246833.0
2026-07-11,192820,코스맥스,화장품,rev_e,2026/12,27642.0
2026-07-11,192820,코스맥스,화장품,op_e,2026/12,2328.0
2026-07-11,131970,두산테스나,반도체와반도체장비,target_price,,190857.0
2026-07-11,131970,두산테스나,반도체와반도체장비,rev_e,2026/12,3493.0
2026-07-11,131970,두산테스나,반도체와반도체장비,op_e,2026/12,484.0
2026-07-11,281820,케이씨텍,반도체와반도체장비,target_price,,127000.0
2026-07-11,281820,케이씨텍,반도체와반도체장비,rev_e,2026/12,6528.0
2026-07-11,281820,케이씨텍,반도체와반도체장비,op_e,2026/12,1462.0
2026-07-11,457190,이수스페셜티케미컬,화학,rev_e,2026/12,4360.0
2026-07-11,457190,이수스페셜티케미컬,화학,op_e,2026/12,-9.0
2026-07-11,140860,파크시스템스,전자장비와기기,target_price,,364143.0
2026-07-11,140860,파크시스템스,전자장비와기기,rev_e,2026/12,2425.0
2026-07-11,140860,파크시스템스,전자장비와기기,op_e,2026/12,563.0
2026-07-11,020150,롯데에너지머티리얼즈,전자장비와기기,target_price,,80258.0
2026-07-11,020150,롯데에너지머티리얼즈,전자장비와기기,rev_e,2026/12,8833.0
2026-07-11,020150,롯데에너지머티리얼즈,전자장비와기기,op_e,2026/12,-376.0
2026-07-11,439260,대한조선,조선,target_price,,122000.0
2026-07-11,439260,대한조선,조선,rev_e,2026/12,13138.0
2026-07-11,439260,대한조선,조선,op_e,2026/12,3671.0
2026-07-11,103140,풍산,비철금속,target_price,,133218.0
2026-07-11,103140,풍산,비철금속,rev_e,2026/12,61466.0
2026-07-11,103140,풍산,비철금속,op_e,2026/12,3618.0
2026-07-11,035900,JYP Ent.,방송과엔터테인먼트,target_price,,88588.0
2026-07-11,035900,JYP Ent.,방송과엔터테인먼트,rev_e,2026/12,8852.0
2026-07-11,035900,JYP Ent.,방송과엔터테인먼트,op_e,2026/12,1750.0
2026-07-11,041510,에스엠,방송과엔터테인먼트,target_price,,128333.0
2026-07-11,041510,에스엠,방송과엔터테인먼트,rev_e,2026/12,12878.0
2026-07-11,041510,에스엠,방송과엔터테인먼트,op_e,2026/12,2007.0
2026-07-11,007810,코리아써키트,전자장비와기기,target_price,,156667.0
2026-07-11,007810,코리아써키트,전자장비와기기,rev_e,2026/12,18086.0
2026-07-11,007810,코리아써키트,전자장비와기기,op_e,2026/12,1467.0
2026-07-11,001740,SK네트웍스,복합기업,target_price,,9350.0
2026-07-11,001740,SK네트웍스,복합기업,rev_e,2026/12,69921.0
2026-07-11,001740,SK네트웍스,복합기업,op_e,2026/12,1240.0
2026-07-11,183300,코미코,반도체와반도체장비,target_price,,170932.0
2026-07-11,183300,코미코,반도체와반도체장비,rev_e,2026/12,7194.0
2026-07-11,183300,코미코,반도체와반도체장비,op_e,2026/12,1289.0
2026-07-11,000120,CJ대한통운,항공화물운송과물류,target_price,,134417.0
2026-07-11,000120,CJ대한통운,항공화물운송과물류,rev_e,2026/12,129381.0
2026-07-11,000120,CJ대한통운,항공화물운송과물류,op_e,2026/12,5163.0
2026-07-11,011210,현대위아,자동차부품,target_price,,97778.0
2026-07-11,011210,현대위아,자동차부품,rev_e,2026/12,88669.0
2026-07-11,011210,현대위아,자동차부품,op_e,2026/12,2314.0
2026-07-11,112610,씨에스윈드,에너지장비및서비스,target_price,,77889.0
2026-07-11,112610,씨에스윈드,에너지장비및서비스,rev_e,2026/12,28940.0
2026-07-11,112610,씨에스윈드,에너지장비및서비스,op_e,2026/12,3032.0
2026-07-11,120110,코오롱인더,화학,target_price,,113000.0
2026-07-11,120110,코오롱인더,화학,rev_e,2026/12,52526.0
2026-07-11,120110,코오롱인더,화학,op_e,2026/12,2243.0
2026-07-11,058610,에스피지,전기제품,target_price,,160000.0
2026-07-11,058610,에스피지,전기제품,rev_e,2026/12,3690.0
2026-07-11,058610,에스피지,전기제품,op_e,2026/12,238.0
2026-07-11,089030,테크윙,반도체와반도체장비,rev_e,2026/12,3718.0
2026-07-11,089030,테크윙,반도체와반도체장비,op_e,2026/12,985.0
2026-07-11,001800,오리온홀딩스,식품,rev_e,2026/12,37706.0
2026-07-11,001800,오리온홀딩스,식품,op_e,2026/12,6028.0
2026-07-11,097230,HJ중공업,건설,target_price,,37000.0
2026-07-11,097230,HJ중공업,건설,rev_e,2026/12,25720.0
2026-07-11,097230,HJ중공업,건설,op_e,2026/12,2050.0
2026-07-11,043260,성호전자,전기제품,target_price,,85000.0
2026-07-11,043260,성호전자,전기제품,rev_e,2026/12,3020.0
2026-07-11,043260,성호전자,전기제품,op_e,2026/12,401.0
2026-07-11,069620,대웅제약,제약,target_price,,204444.0
2026-07-11,069620,대웅제약,제약,rev_e,2026/12,16533.0
2026-07-11,069620,대웅제약,제약,op_e,2026/12,2065.0
2026-07-11,006040,동원산업,식품,target_price,,49333.0
2026-07-11,006040,동원산업,식품,rev_e,2026/12,101231.0
2026-07-11,006040,동원산업,식품,op_e,2026/12,5524.0
2026-07-11,060370,LS마린솔루션,건설,target_price,,51000.0
2026-07-11,060370,LS마린솔루션,건설,rev_e,2026/12,3002.0
2026-07-11,060370,LS마린솔루션,건설,op_e,2026/12,183.0
2026-07-11,096530,씨젠,생명과학도구및서비스,target_price,,44500.0
2026-07-11,096530,씨젠,생명과학도구및서비스,rev_e,2026/12,5322.0
2026-07-11,096530,씨젠,생명과학도구및서비스,op_e,2026/12,784.0
2026-07-11,083650,비에이치아이,에너지장비및서비스,target_price,,110000.0
2026-07-11,083650,비에이치아이,에너지장비및서비스,rev_e,2026/12,11030.0
2026-07-11,083650,비에이치아이,에너지장비및서비스,op_e,2026/12,1201.0
2026-07-11,020560,아시아나항공,항공사,rev_e,2026/12,69880.0
2026-07-11,020560,아시아나항공,항공사,op_e,2026/12,-5700.0
2026-07-11,093370,후성,화학,target_price,,20000.0
2026-07-11,093370,후성,화학,rev_e,2026/12,5928.0
2026-07-11,093370,후성,화학,op_e,2026/12,527.0
2026-07-11,475150,SK이터닉스,에너지장비및서비스,target_price,,54333.0
2026-07-11,475150,SK이터닉스,에너지장비및서비스,rev_e,2026/12,3856.0
2026-07-11,475150,SK이터닉스,에너지장비및서비스,op_e,2026/12,530.0
2026-07-11,006280,녹십자,제약,target_price,,210833.0
2026-07-11,006280,녹십자,제약,rev_e,2026/12,20387.0
2026-07-11,006280,녹십자,제약,op_e,2026/12,747.0
2026-07-11,001120,LX인터내셔널,무역회사와판매업체,target_price,,67667.0
2026-07-11,001120,LX인터내셔널,무역회사와판매업체,rev_e,2026/12,180313.0
2026-07-11,001120,LX인터내셔널,무역회사와판매업체,op_e,2026/12,4786.0
2026-07-11,082920,비츠로셀,전기제품,target_price,,61500.0
2026-07-11,082920,비츠로셀,전기제품,rev_e,2026/12,3060.0
2026-07-11,082920,비츠로셀,전기제품,op_e,2026/12,916.0
2026-07-11,229640,LS에코에너지,전기장비,target_price,,84714.0
2026-07-11,229640,LS에코에너지,전기장비,rev_e,2026/12,11859.0
2026-07-11,229640,LS에코에너지,전기장비,op_e,2026/12,807.0
2026-07-11,218410,RFHIC,통신장비,target_price,,132600.0
2026-07-11,218410,RFHIC,통신장비,rev_e,2026/12,2616.0
2026-07-11,218410,RFHIC,통신장비,op_e,2026/12,542.0
2026-07-11,458870,씨어스,건강관리기술,target_price,,68400.0
2026-07-11,458870,씨어스,건강관리기술,rev_e,2026/12,1390.0
2026-07-11,458870,씨어스,건강관리기술,op_e,2026/12,604.0
2026-07-11,003540,대신증권,증권,target_price,,41667.0
2026-07-11,003540,대신증권,증권,op_e,2026/12,4233.0
2026-07-11,005070,코스모신소재,화학,target_price,,63667.0
2026-07-11,005070,코스모신소재,화학,rev_e,2026/12,6153.0
2026-07-11,005070,코스모신소재,화학,op_e,2026/12,141.0
2026-07-11,192080,더블유게임즈,게임엔터테인먼트,target_price,,82500.0
2026-07-11,192080,더블유게임즈,게임엔터테인먼트,rev_e,2026/12,8406.0
2026-07-11,192080,더블유게임즈,게임엔터테인먼트,op_e,2026/12,2853.0
2026-07-11,078600,대주전자재료,전자장비와기기,target_price,,191500.0
2026-07-11,078600,대주전자재료,전자장비와기기,rev_e,2026/12,3924.0
2026-07-11,078600,대주전자재료,전자장비와기기,op_e,2026/12,396.0
2026-07-11,322000,HD현대에너지솔루션,에너지장비및서비스,target_price,,267500.0
2026-07-11,322000,HD현대에너지솔루션,에너지장비및서비스,rev_e,2026/12,6981.0
2026-07-11,322000,HD현대에너지솔루션,에너지장비및서비스,op_e,2026/12,1168.0
2026-07-11,017960,한국카본,조선,target_price,,57667.0
2026-07-11,017960,한국카본,조선,rev_e,2026/12,9487.0
2026-07-11,017960,한국카본,조선,op_e,2026/12,1798.0
2026-07-11,181710,NHN,IT서비스,target_price,,52600.0
2026-07-11,181710,NHN,IT서비스,rev_e,2026/12,28539.0
2026-07-11,181710,NHN,IT서비스,op_e,2026/12,1772.0
2026-07-11,298020,효성티앤씨,무역회사와판매업체,target_price,,602000.0
2026-07-11,298020,효성티앤씨,무역회사와판매업체,rev_e,2026/12,85459.0
2026-07-11,298020,효성티앤씨,무역회사와판매업체,op_e,2026/12,4463.0
2026-07-11,361610,SK아이이테크놀로지,전기제품,target_price,,25667.0
2026-07-11,361610,SK아이이테크놀로지,전기제품,rev_e,2026/12,1899.0
2026-07-11,361610,SK아이이테크놀로지,전기제품,op_e,2026/12,-2448.0
2026-07-11,012630,HDC,건설,target_price,,35000.0
2026-07-11,012630,HDC,건설,rev_e,2026/12,69186.0
2026-07-11,012630,HDC,건설,op_e,2026/12,6860.0
2026-07-11,082640,동양생명,생명보험,target_price,,9900.0
2026-07-11,089860,롯데렌탈,도로와철도운송,target_price,,44778.0
2026-07-11,089860,롯데렌탈,도로와철도운송,rev_e,2026/12,30692.0
2026-07-11,089860,롯데렌탈,도로와철도운송,op_e,2026/12,3583.0
2026-07-11,039200,오스코텍,제약,target_price,,75000.0
2026-07-11,039200,오스코텍,제약,rev_e,2026/12,840.0
2026-07-11,039200,오스코텍,제약,op_e,2026/12,340.0
2026-07-11,032350,롯데관광개발,"호텔,레스토랑,레저",target_price,,27792.0
2026-07-11,032350,롯데관광개발,"호텔,레스토랑,레저",rev_e,2026/12,7828.0
2026-07-11,032350,롯데관광개발,"호텔,레스토랑,레저",op_e,2026/12,1986.0
2026-07-11,294870,IPARK현대산업개발,건설,target_price,,30923.0
2026-07-11,294870,IPARK현대산업개발,건설,rev_e,2026/12,39241.0
2026-07-11,294870,IPARK현대산업개발,건설,op_e,2026/12,5080.0
2026-07-11,034230,파라다이스,"호텔,레스토랑,레저",target_price,,21833.0
2026-07-11,034230,파라다이스,"호텔,레스토랑,레저",rev_e,2026/12,12708.0
2026-07-11,034230,파라다이스,"호텔,레스토랑,레저",op_e,2026/12,1856.0
2026-07-11,004000,롯데정밀화학,화학,target_price,,77500.0
2026-07-11,004000,롯데정밀화학,화학,rev_e,2026/12,19883.0
2026-07-11,004000,롯데정밀화학,화학,op_e,2026/12,1388.0
2026-07-11,003380,하림지주,식품,target_price,,16500.0
2026-07-11,003380,하림지주,식품,rev_e,2026/12,147130.0
2026-07-11,003380,하림지주,식품,op_e,2026/12,10240.0
2026-07-11,195940,HK이노엔,제약,target_price,,68231.0
2026-07-11,195940,HK이노엔,제약,rev_e,2026/12,11139.0
2026-07-11,195940,HK이노엔,제약,op_e,2026/12,1316.0
2026-07-11,001430,세아베스틸지주,철강,target_price,,77550.0
2026-07-11,001430,세아베스틸지주,철강,rev_e,2026/12,39414.0
2026-07-11,001430,세아베스틸지주,철강,op_e,2026/12,1464.0
2026-07-11,347700,스피어,우주항공과국방,target_price,,50000.0
2026-07-11,347700,스피어,우주항공과국방,rev_e,2026/12,2400.0
2026-07-11,347700,스피어,우주항공과국방,op_e,2026/12,175.0
2026-07-11,166090,하나머티리얼즈,반도체와반도체장비,target_price,,106000.0
2026-07-11,166090,하나머티리얼즈,반도체와반도체장비,rev_e,2026/12,3852.0
2026-07-11,166090,하나머티리얼즈,반도체와반도체장비,op_e,2026/12,1002.0
2026-07-11,003570,SNT다이내믹스,자동차부품,target_price,,77000.0
2026-07-11,003570,SNT다이내믹스,자동차부품,rev_e,2026/12,8077.0
2026-07-11,003570,SNT다이내믹스,자동차부품,op_e,2026/12,1121.0
2026-07-11,300720,한일시멘트,건축자재,target_price,,19500.0
2026-07-11,300720,한일시멘트,건축자재,rev_e,2026/12,13950.0
2026-07-11,300720,한일시멘트,건축자재,op_e,2026/12,1150.0
2026-07-11,077970,STX엔진,조선,target_price,,72000.0
2026-07-11,077970,STX엔진,조선,rev_e,2026/12,9494.0
2026-07-11,077970,STX엔진,조선,op_e,2026/12,1004.0
2026-07-11,491000,리브스메드,건강관리장비와용품,target_price,,120000.0
2026-07-11,491000,리브스메드,건강관리장비와용품,rev_e,2026/12,867.0
2026-07-11,491000,리브스메드,건강관리장비와용품,op_e,2026/12,-205.0
2026-07-11,000080,하이트진로,음료,target_price,,23667.0
2026-07-11,000080,하이트진로,음료,rev_e,2026/12,25124.0
2026-07-11,000080,하이트진로,음료,op_e,2026/12,1958.0
2026-07-12,005930,삼성전자,반도체와반도체장비,target_price,,513958.0
2026-07-12,005930,삼성전자,반도체와반도체장비,rev_e,2026/12,7324732.0
2026-07-12,005930,삼성전자,반도체와반도체장비,op_e,2026/12,3832404.0
2026-07-12,000660,SK하이닉스,반도체와반도체장비,target_price,,3547917.0
2026-07-12,000660,SK하이닉스,반도체와반도체장비,rev_e,2026/12,3577853.0
2026-07-12,000660,SK하이닉스,반도체와반도체장비,op_e,2026/12,2767812.0
2026-07-12,402340,SK스퀘어,반도체와반도체장비,target_price,,1810000.0
2026-07-12,402340,SK스퀘어,반도체와반도체장비,rev_e,2026/12,73622.0
2026-07-12,402340,SK스퀘어,반도체와반도체장비,op_e,2026/12,430392.0
2026-07-12,009150,삼성전기,전자장비와기기,target_price,,2470000.0
2026-07-12,009150,삼성전기,전자장비와기기,rev_e,2026/12,135229.0
2026-07-12,009150,삼성전기,전자장비와기기,op_e,2026/12,16524.0
2026-07-12,005380,현대차,자동차,target_price,,812800.0
2026-07-12,005380,현대차,자동차,rev_e,2026/12,1937132.0
2026-07-12,005380,현대차,자동차,op_e,2026/12,118722.0
2026-07-12,373220,LG에너지솔루션,전기제품,target_price,,554136.0
2026-07-12,373220,LG에너지솔루션,전기제품,rev_e,2026/12,304941.0
2026-07-12,373220,LG에너지솔루션,전기제품,op_e,2026/12,11445.0
2026-07-12,032830,삼성생명,생명보험,target_price,,406179.0
2026-07-12,032830,삼성생명,생명보험,op_e,2026/12,33019.0
2026-07-12,105560,KB금융,은행,target_price,,215611.0
2026-07-12,105560,KB금융,은행,op_e,2026/12,92995.0
2026-07-12,207940,삼성바이오로직스,제약,target_price,,2055000.0
2026-07-12,207940,삼성바이오로직스,제약,rev_e,2026/12,54270.0
2026-07-12,207940,삼성바이오로직스,제약,op_e,2026/12,24946.0
2026-07-12,028260,삼성물산,복합기업,target_price,,585385.0
2026-07-12,028260,삼성물산,복합기업,rev_e,2026/12,441678.0
2026-07-12,028260,삼성물산,복합기업,op_e,2026/12,36331.0
2026-07-12,000270,기아,자동차,target_price,,235652.0
2026-07-12,000270,기아,자동차,rev_e,2026/12,1240124.0
2026-07-12,000270,기아,자동차,op_e,2026/12,102467.0
2026-07-12,329180,HD현대중공업,조선,target_price,,929143.0
2026-07-12,329180,HD현대중공업,조선,rev_e,2026/12,248924.0
2026-07-12,329180,HD현대중공업,조선,op_e,2026/12,38898.0
2026-07-12,055550,신한지주,은행,target_price,,131667.0
2026-07-12,055550,신한지주,은행,op_e,2026/12,76926.0
2026-07-12,034020,두산에너빌리티,기계,target_price,,150200.0
2026-07-12,034020,두산에너빌리티,기계,rev_e,2026/12,181012.0
2026-07-12,034020,두산에너빌리티,기계,op_e,2026/12,11196.0
2026-07-12,012450,한화에어로스페이스,우주항공과국방,target_price,,1803889.0
2026-07-12,012450,한화에어로스페이스,우주항공과국방,rev_e,2026/12,302395.0
2026-07-12,012450,한화에어로스페이스,우주항공과국방,op_e,2026/12,42648.0
2026-07-12,034730,SK,석유와가스,target_price,,853692.0
2026-07-12,034730,SK,석유와가스,rev_e,2026/12,1418951.0
2026-07-12,034730,SK,석유와가스,op_e,2026/12,98678.0
2026-07-12,012330,현대모비스,자동차부품,target_price,,788000.0
2026-07-12,012330,현대모비스,자동차부품,rev_e,2026/12,652140.0
2026-07-12,012330,현대모비스,자동차부품,op_e,2026/12,37235.0
2026-07-12,068270,셀트리온,제약,target_price,,265476.0
2026-07-12,068270,셀트리온,제약,rev_e,2026/12,53265.0
2026-07-12,068270,셀트리온,제약,op_e,2026/12,17804.0
2026-07-12,086790,하나금융지주,은행,target_price,,160474.0
2026-07-12,086790,하나금융지주,은행,op_e,2026/12,60435.0
2026-07-12,006400,삼성SDI,전기제품,target_price,,802130.0
2026-07-12,006400,삼성SDI,전기제품,rev_e,2026/12,156606.0
2026-07-12,006400,삼성SDI,전기제품,op_e,2026/12,83.0
2026-07-12,267260,HD현대일렉트릭,전기장비,target_price,,1487692.0
2026-07-12,267260,HD현대일렉트릭,전기장비,rev_e,2026/12,46646.0
2026-07-12,267260,HD현대일렉트릭,전기장비,op_e,2026/12,12375.0
2026-07-12,010120,LS ELECTRIC,전기장비,target_price,,268846.0
2026-07-12,010120,LS ELECTRIC,전기장비,rev_e,2026/12,61820.0
2026-07-12,010120,LS ELECTRIC,전기장비,op_e,2026/12,6602.0
2026-07-12,035420,NAVER,양방향미디어와서비스,target_price,,329667.0
2026-07-12,035420,NAVER,양방향미디어와서비스,rev_e,2026/12,137611.0
2026-07-12,035420,NAVER,양방향미디어와서비스,op_e,2026/12,23974.0
2026-07-12,066570,LG전자,전자제품,target_price,,218250.0
2026-07-12,066570,LG전자,전자제품,rev_e,2026/12,949907.0
2026-07-12,066570,LG전자,전자제품,op_e,2026/12,42384.0
2026-07-12,000810,삼성화재,손해보험,target_price,,696882.0
2026-07-12,000810,삼성화재,손해보험,op_e,2026/12,30345.0
2026-07-12,298040,효성중공업,전기장비,target_price,,4661538.0
2026-07-12,298040,효성중공업,전기장비,rev_e,2026/12,71214.0
2026-07-12,298040,효성중공업,전기장비,op_e,2026/12,10942.0
2026-07-12,042660,한화오션,조선,target_price,,163600.0
2026-07-12,042660,한화오션,조선,rev_e,2026/12,140385.0
2026-07-12,042660,한화오션,조선,op_e,2026/12,19012.0
2026-07-12,005490,POSCO홀딩스,철강,target_price,,552588.0
2026-07-12,005490,POSCO홀딩스,철강,rev_e,2026/12,726523.0
2026-07-12,005490,POSCO홀딩스,철강,op_e,2026/12,31078.0
2026-07-12,009540,HD한국조선해양,조선,target_price,,598571.0
2026-07-12,009540,HD한국조선해양,조선,rev_e,2026/12,338030.0
2026-07-12,009540,HD한국조선해양,조선,op_e,2026/12,56418.0
2026-07-12,006800,미래에셋증권,증권,target_price,,71188.0
2026-07-12,006800,미래에셋증권,증권,rev_e,2026/12,412959.0
2026-07-12,006800,미래에셋증권,증권,op_e,2026/12,41656.0
2026-07-12,015760,한국전력,전기유틸리티,target_price,,56667.0
2026-07-12,015760,한국전력,전기유틸리티,rev_e,2026/12,985021.0
2026-07-12,015760,한국전력,전기유틸리티,op_e,2026/12,97617.0
2026-07-12,316140,우리금융지주,은행,target_price,,43850.0
2026-07-12,316140,우리금융지주,은행,op_e,2026/12,43418.0
2026-07-12,000150,두산,복합기업,target_price,,2305385.0
2026-07-12,000150,두산,복합기업,rev_e,2026/12,216928.0
2026-07-12,000150,두산,복합기업,op_e,2026/12,17064.0
2026-07-12,010130,고려아연,비철금속,target_price,,1791600.0
2026-07-12,010130,고려아연,비철금속,rev_e,2026/12,234635.0
2026-07-12,010130,고려아연,비철금속,op_e,2026/12,23854.0
2026-07-12,042700,한미반도체,반도체와반도체장비,target_price,,380000.0
2026-07-12,042700,한미반도체,반도체와반도체장비,rev_e,2026/12,7850.0
2026-07-12,042700,한미반도체,반도체와반도체장비,op_e,2026/12,3694.0
2026-07-12,010140,삼성중공업,조선,target_price,,40050.0
2026-07-12,010140,삼성중공업,조선,rev_e,2026/12,128170.0
2026-07-12,010140,삼성중공업,조선,op_e,2026/12,14957.0
2026-07-12,064350,현대로템,우주항공과국방,target_price,,310500.0
2026-07-12,064350,현대로템,우주항공과국방,rev_e,2026/12,69403.0
2026-07-12,064350,현대로템,우주항공과국방,op_e,2026/12,11805.0
2026-07-12,138040,메리츠금융지주,증권,target_price,,148000.0
2026-07-12,138040,메리츠금융지주,증권,op_e,2026/12,32058.0
2026-07-12,017670,SK텔레콤,무선통신서비스,target_price,,116667.0
2026-07-12,017670,SK텔레콤,무선통신서비스,rev_e,2026/12,177610.0
2026-07-12,017670,SK텔레콤,무선통신서비스,op_e,2026/12,19165.0
2026-07-12,051910,LG화학,화학,target_price,,449929.0
2026-07-12,051910,LG화학,화학,rev_e,2026/12,542857.0
2026-07-12,051910,LG화학,화학,op_e,2026/12,15532.0
2026-07-12,011200,HMM,해운사,target_price,,22455.0
2026-07-12,011200,HMM,해운사,rev_e,2026/12,116563.0
2026-07-12,011200,HMM,해운사,op_e,2026/12,11608.0
2026-07-12,033780,KT&G,담배,target_price,,227143.0
2026-07-12,033780,KT&G,담배,rev_e,2026/12,69698.0
2026-07-12,033780,KT&G,담배,op_e,2026/12,15108.0
2026-07-12,011070,LG이노텍,전자장비와기기,target_price,,1219190.0
2026-07-12,011070,LG이노텍,전자장비와기기,rev_e,2026/12,245423.0
2026-07-12,011070,LG이노텍,전자장비와기기,op_e,2026/12,11680.0
2026-07-12,096770,SK이노베이션,석유와가스,target_price,,166909.0
2026-07-12,096770,SK이노베이션,석유와가스,rev_e,2026/12,1022217.0
2026-07-12,096770,SK이노베이션,석유와가스,op_e,2026/12,50950.0
2026-07-12,196170,알테오젠,생물공학,target_price,,566667.0
2026-07-12,196170,알테오젠,생물공학,rev_e,2026/12,4674.0
2026-07-12,196170,알테오젠,생물공학,op_e,2026/12,2859.0
2026-07-12,024110,기업은행,은행,target_price,,27714.0
2026-07-12,024110,기업은행,은행,op_e,2026/12,37016.0
2026-07-12,079550,LIG디펜스앤에어로스페이스,우주항공과국방,target_price,,1160000.0
2026-07-12,079550,LIG디펜스앤에어로스페이스,우주항공과국방,rev_e,2026/12,51371.0
2026-07-12,079550,LIG디펜스앤에어로스페이스,우주항공과국방,op_e,2026/12,4501.0
2026-07-12,267250,HD현대,조선,target_price,,382000.0
2026-07-12,267250,HD현대,조선,rev_e,2026/12,807008.0
2026-07-12,267250,HD현대,조선,op_e,2026/12,90457.0
2026-07-12,035720,카카오,양방향미디어와서비스,target_price,,66706.0
2026-07-12,035720,카카오,양방향미디어와서비스,rev_e,2026/12,82450.0
2026-07-12,035720,카카오,양방향미디어와서비스,op_e,2026/12,9387.0
2026-07-12,018260,삼성에스디에스,IT서비스,target_price,,246600.0
2026-07-12,018260,삼성에스디에스,IT서비스,rev_e,2026/12,143018.0
2026-07-12,018260,삼성에스디에스,IT서비스,op_e,2026/12,8342.0
2026-07-12,003550,LG,복합기업,target_price,,144909.0
2026-07-12,003550,LG,복합기업,rev_e,2026/12,82094.0
2026-07-12,003550,LG,복합기업,op_e,2026/12,16183.0
2026-07-12,010950,S-Oil,석유와가스,target_price,,149176.0
2026-07-12,010950,S-Oil,석유와가스,rev_e,2026/12,417125.0
2026-07-12,010950,S-Oil,석유와가스,op_e,2026/12,35619.0
2026-07-12,086280,현대글로비스,항공화물운송과물류,target_price,,324353.0
2026-07-12,086280,현대글로비스,항공화물운송과물류,rev_e,2026/12,320659.0
2026-07-12,086280,현대글로비스,항공화물운송과물류,op_e,2026/12,21753.0
2026-07-12,047810,한국항공우주,우주항공과국방,target_price,,221533.0
2026-07-12,047810,한국항공우주,우주항공과국방,rev_e,2026/12,56701.0
2026-07-12,047810,한국항공우주,우주항공과국방,op_e,2026/12,4680.0
2026-07-12,278470,에이피알,화장품,target_price,,524737.0
2026-07-12,278470,에이피알,화장품,rev_e,2026/12,28623.0
2026-07-12,278470,에이피알,화장품,op_e,2026/12,7140.0
2026-07-12,030200,KT,다각화된통신서비스,target_price,,75111.0
2026-07-12,030200,KT,다각화된통신서비스,rev_e,2026/12,276995.0
2026-07-12,030200,KT,다각화된통신서비스,op_e,2026/12,20653.0
2026-07-12,272210,한화시스템,우주항공과국방,target_price,,141583.0
2026-07-12,272210,한화시스템,우주항공과국방,rev_e,2026/12,43505.0
2026-07-12,272210,한화시스템,우주항공과국방,op_e,2026/12,2744.0
2026-07-12,003670,포스코퓨처엠,화학,target_price,,255875.0
2026-07-12,003670,포스코퓨처엠,화학,rev_e,2026/12,33751.0
2026-07-12,003670,포스코퓨처엠,화학,op_e,2026/12,953.0
2026-07-12,071050,한국금융지주,증권,target_price,,346500.0
2026-07-12,071050,한국금융지주,증권,rev_e,2026/12,443840.0
2026-07-12,071050,한국금융지주,증권,op_e,2026/12,35233.0
2026-07-12,307950,현대오토에버,IT서비스,target_price,,684063.0
2026-07-12,307950,현대오토에버,IT서비스,rev_e,2026/12,47613.0
2026-07-12,307950,현대오토에버,IT서비스,op_e,2026/12,2766.0
2026-07-12,000720,현대건설,건설,target_price,,215143.0
2026-07-12,000720,현대건설,건설,rev_e,2026/12,269135.0
2026-07-12,000720,현대건설,건설,op_e,2026/12,8244.0
2026-07-12,247540,에코프로비엠,전기제품,target_price,,251588.0
2026-07-12,247540,에코프로비엠,전기제품,rev_e,2026/12,30484.0
2026-07-12,247540,에코프로비엠,전기제품,op_e,2026/12,1133.0
2026-07-12,005940,NH투자증권,증권,target_price,,42750.0
2026-07-12,005940,NH투자증권,증권,rev_e,2026/12,238824.0
2026-07-12,005940,NH투자증권,증권,op_e,2026/12,21770.0
2026-07-12,259960,크래프톤,게임엔터테인먼트,target_price,,379444.0
2026-07-12,259960,크래프톤,게임엔터테인먼트,rev_e,2026/12,48472.0
2026-07-12,259960,크래프톤,게임엔터테인먼트,op_e,2026/12,14813.0
2026-07-12,323410,카카오뱅크,은행,target_price,,30208.0
2026-07-12,323410,카카오뱅크,은행,op_e,2026/12,7101.0
2026-07-12,006260,LS,전기장비,target_price,,621200.0
2026-07-12,006260,LS,전기장비,rev_e,2026/12,392372.0
2026-07-12,006260,LS,전기장비,op_e,2026/12,16669.0
2026-07-12,005830,DB손해보험,손해보험,target_price,,218688.0
2026-07-12,005830,DB손해보험,손해보험,op_e,2026/12,20748.0
2026-07-12,016360,삼성증권,증권,target_price,,165611.0
2026-07-12,016360,삼성증권,증권,rev_e,2026/12,211630.0
2026-07-12,016360,삼성증권,증권,op_e,2026/12,22640.0
2026-07-12,003490,대한항공,항공사,target_price,,34615.0
2026-07-12,003490,대한항공,항공사,rev_e,2026/12,274182.0
2026-07-12,003490,대한항공,항공사,op_e,2026/12,8666.0
2026-07-12,352820,하이브,방송과엔터테인먼트,target_price,,369500.0
2026-07-12,352820,하이브,방송과엔터테인먼트,rev_e,2026/12,44053.0
2026-07-12,352820,하이브,방송과엔터테인먼트,op_e,2026/12,2659.0
2026-07-12,036930,주성엔지니어링,반도체와반도체장비,target_price,,189500.0
2026-07-12,036930,주성엔지니어링,반도체와반도체장비,rev_e,2026/12,3514.0
2026-07-12,036930,주성엔지니어링,반도체와반도체장비,op_e,2026/12,602.0
2026-07-12,161390,한국타이어앤테크놀로지,자동차부품,target_price,,85733.0
2026-07-12,161390,한국타이어앤테크놀로지,자동차부품,rev_e,2026/12,224556.0
2026-07-12,161390,한국타이어앤테크놀로지,자동차부품,op_e,2026/12,21431.0
2026-07-12,443060,HD현대마린솔루션,조선,target_price,,332000.0
2026-07-12,443060,HD현대마린솔루션,조선,rev_e,2026/12,24041.0
2026-07-12,443060,HD현대마린솔루션,조선,op_e,2026/12,4346.0
2026-07-12,039490,키움증권,증권,target_price,,548118.0
2026-07-12,039490,키움증권,증권,rev_e,2026/12,255671.0
2026-07-12,039490,키움증권,증권,op_e,2026/12,21922.0
2026-07-12,277810,레인보우로보틱스,기계,target_price,,915000.0
2026-07-12,277810,레인보우로보틱스,기계,rev_e,2026/12,600.0
2026-07-12,277810,레인보우로보틱스,기계,op_e,2026/12,40.0
2026-07-12,047050,포스코인터내셔널,무역회사와판매업체,target_price,,101462.0
2026-07-12,047050,포스코인터내셔널,무역회사와판매업체,rev_e,2026/12,337217.0
2026-07-12,047050,포스코인터내셔널,무역회사와판매업체,op_e,2026/12,13941.0
2026-07-12,028050,삼성E&A,건설,target_price,,67816.0
2026-07-12,028050,삼성E&A,건설,rev_e,2026/12,101875.0
2026-07-12,028050,삼성E&A,건설,op_e,2026/12,8840.0
2026-07-12,003230,삼양식품,식품,target_price,,1870714.0
2026-07-12,003230,삼양식품,식품,rev_e,2026/12,30626.0
2026-07-12,003230,삼양식품,식품,op_e,2026/12,7298.0
2026-07-12,950160,코오롱티슈진,생물공학,target_price,,280000.0
2026-07-12,950160,코오롱티슈진,생물공학,rev_e,2026/12,60.0
2026-07-12,950160,코오롱티슈진,생물공학,op_e,2026/12,-290.0
2026-07-12,007660,이수페타시스,반도체와반도체장비,target_price,,179615.0
2026-07-12,007660,이수페타시스,반도체와반도체장비,rev_e,2026/12,15446.0
2026-07-12,007660,이수페타시스,반도체와반도체장비,op_e,2026/12,3259.0
2026-07-12,078930,GS,석유와가스,target_price,,98000.0
2026-07-12,078930,GS,석유와가스,rev_e,2026/12,276022.0
2026-07-12,078930,GS,석유와가스,op_e,2026/12,41970.0
2026-07-12,090430,아모레퍼시픽,화장품,target_price,,167667.0
2026-07-12,090430,아모레퍼시픽,화장품,rev_e,2026/12,46029.0
2026-07-12,090430,아모레퍼시픽,화장품,op_e,2026/12,4638.0
2026-07-12,047040,대우건설,건설,target_price,,32300.0
2026-07-12,047040,대우건설,건설,rev_e,2026/12,80967.0
2026-07-12,047040,대우건설,건설,op_e,2026/12,7131.0
2026-07-12,064400,LG씨엔에스,IT서비스,target_price,,100700.0
2026-07-12,064400,LG씨엔에스,IT서비스,rev_e,2026/12,66178.0
2026-07-12,064400,LG씨엔에스,IT서비스,op_e,2026/12,6163.0
2026-07-12,000880,한화,복합기업,target_price,,173700.0
2026-07-12,000880,한화,복합기업,rev_e,2026/12,849471.0
2026-07-12,000880,한화,복합기업,op_e,2026/12,56369.0
2026-07-12,326030,SK바이오팜,제약,target_price,,148333.0
2026-07-12,326030,SK바이오팜,제약,rev_e,2026/12,9588.0
2026-07-12,326030,SK바이오팜,제약,op_e,2026/12,3377.0
2026-07-12,021240,코웨이,가정용기기와용품,target_price,,125000.0
2026-07-12,021240,코웨이,가정용기기와용품,rev_e,2026/12,56212.0
2026-07-12,021240,코웨이,가정용기기와용품,op_e,2026/12,10136.0
2026-07-12,032640,LG유플러스,무선통신서비스,target_price,,19941.0
2026-07-12,032640,LG유플러스,무선통신서비스,rev_e,2026/12,156615.0
2026-07-12,032640,LG유플러스,무선통신서비스,op_e,2026/12,11111.0
2026-07-12,267270,HD건설기계,기계,target_price,,222833.0
2026-07-12,267270,HD건설기계,기계,rev_e,2026/12,91940.0
2026-07-12,267270,HD건설기계,기계,op_e,2026/12,6959.0
2026-07-12,240810,원익IPS,반도체와반도체장비,target_price,,174200.0
2026-07-12,240810,원익IPS,반도체와반도체장비,rev_e,2026/12,13097.0
2026-07-12,240810,원익IPS,반도체와반도체장비,op_e,2026/12,1872.0
2026-07-12,241560,두산밥캣,기계,target_price,,91071.0
2026-07-12,241560,두산밥캣,기계,rev_e,2026/12,93435.0
2026-07-12,241560,두산밥캣,기계,op_e,2026/12,7591.0
2026-07-12,353200,대덕전자,전자장비와기기,target_price,,201786.0
2026-07-12,353200,대덕전자,전자장비와기기,rev_e,2026/12,15254.0
2026-07-12,353200,대덕전자,전자장비와기기,op_e,2026/12,2502.0
2026-07-12,004170,신세계,백화점과일반상점,target_price,,805556.0
2026-07-12,004170,신세계,백화점과일반상점,rev_e,2026/12,72957.0
2026-07-12,004170,신세계,백화점과일반상점,op_e,2026/12,7610.0
2026-07-12,001440,대한전선,전기장비,target_price,,57200.0
2026-07-12,001440,대한전선,전기장비,rev_e,2026/12,42877.0
2026-07-12,001440,대한전선,전기장비,op_e,2026/12,1964.0
2026-07-12,062040,산일전기,전기장비,target_price,,344571.0
2026-07-12,062040,산일전기,전기장비,rev_e,2026/12,6712.0
2026-07-12,062040,산일전기,전기장비,op_e,2026/12,2488.0
2026-07-12,058470,리노공업,반도체와반도체장비,target_price,,136167.0
2026-07-12,058470,리노공업,반도체와반도체장비,rev_e,2026/12,4520.0
2026-07-12,058470,리노공업,반도체와반도체장비,op_e,2026/12,2191.0
2026-07-12,029780,삼성카드,카드,target_price,,61500.0
2026-07-12,029780,삼성카드,카드,rev_e,2026/12,46257.0
2026-07-12,029780,삼성카드,카드,op_e,2026/12,8470.0
2026-07-12,138930,BNK금융지주,은행,target_price,,24400.0
2026-07-12,138930,BNK금융지주,은행,op_e,2026/12,11091.0
2026-07-12,034220,LG디스플레이,디스플레이패널,target_price,,17813.0
2026-07-12,034220,LG디스플레이,디스플레이패널,rev_e,2026/12,251834.0
2026-07-12,034220,LG디스플레이,디스플레이패널,op_e,2026/12,11083.0
2026-07-12,319660,피에스케이,반도체와반도체장비,target_price,,179143.0
2026-07-12,319660,피에스케이,반도체와반도체장비,rev_e,2026/12,6742.0
2026-07-12,319660,피에스케이,반도체와반도체장비,op_e,2026/12,1797.0
2026-07-12,009830,한화솔루션,에너지장비및서비스,target_price,,53486.0
2026-07-12,009830,한화솔루션,에너지장비및서비스,rev_e,2026/12,182146.0
2026-07-12,009830,한화솔루션,에너지장비및서비스,op_e,2026/12,7642.0
2026-07-12,000100,유한양행,제약,target_price,,129615.0
2026-07-12,000100,유한양행,제약,rev_e,2026/12,23445.0
2026-07-12,000100,유한양행,제약,op_e,2026/12,1322.0
2026-07-12,271560,오리온,식품,target_price,,180417.0
2026-07-12,271560,오리온,식품,rev_e,2026/12,37470.0
2026-07-12,271560,오리온,식품,op_e,2026/12,6508.0
2026-07-12,036570,NC,게임엔터테인먼트,target_price,,370789.0
2026-07-12,036570,NC,게임엔터테인먼트,rev_e,2026/12,26502.0
2026-07-12,036570,NC,게임엔터테인먼트,op_e,2026/12,5027.0
2026-07-12,000990,DB하이텍,반도체와반도체장비,target_price,,196000.0
2026-07-12,000990,DB하이텍,반도체와반도체장비,rev_e,2026/12,16114.0
2026-07-12,000990,DB하이텍,반도체와반도체장비,op_e,2026/12,3668.0
2026-07-12,377300,카카오페이,IT서비스,target_price,,91250.0
2026-07-12,377300,카카오페이,IT서비스,rev_e,2026/12,12960.0
2026-07-12,377300,카카오페이,IT서비스,op_e,2026/12,1388.0
2026-07-12,128940,한미약품,제약,target_price,,671333.0
2026-07-12,128940,한미약품,제약,rev_e,2026/12,16762.0
2026-07-12,128940,한미약품,제약,op_e,2026/12,2961.0
2026-07-12,175330,JB금융지주,은행,target_price,,37588.0
2026-07-12,175330,JB금융지주,은행,op_e,2026/12,10077.0
2026-07-12,454910,두산로보틱스,기계,target_price,,145000.0
2026-07-12,454910,두산로보틱스,기계,rev_e,2026/12,590.0
2026-07-12,454910,두산로보틱스,기계,op_e,2026/12,130.0
2026-07-12,011790,SKC,화학,target_price,,130000.0
2026-07-12,011790,SKC,화학,rev_e,2026/12,22216.0
2026-07-12,011790,SKC,화학,op_e,2026/12,-604.0
2026-07-12,039030,이오테크닉스,반도체와반도체장비,target_price,,583333.0
2026-07-12,039030,이오테크닉스,반도체와반도체장비,rev_e,2026/12,5080.0
2026-07-12,039030,이오테크닉스,반도체와반도체장비,op_e,2026/12,1402.0
2026-07-12,222800,심텍,전자장비와기기,target_price,,157778.0
2026-07-12,222800,심텍,전자장비와기기,rev_e,2026/12,19109.0
2026-07-12,222800,심텍,전자장비와기기,op_e,2026/12,1811.0
2026-07-12,298380,에이비엘바이오,생물공학,target_price,,220000.0
2026-07-12,298380,에이비엘바이오,생물공학,rev_e,2026/12,492.0
2026-07-12,298380,에이비엘바이오,생물공학,op_e,2026/12,-618.0
2026-07-12,141080,리가켐바이오,제약,target_price,,224000.0
2026-07-12,141080,리가켐바이오,제약,rev_e,2026/12,1947.0
2026-07-12,141080,리가켐바이오,제약,op_e,2026/12,-826.0
2026-07-12,023530,롯데쇼핑,백화점과일반상점,target_price,,220000.0
2026-07-12,023530,롯데쇼핑,백화점과일반상점,rev_e,2026/12,142687.0
2026-07-12,023530,롯데쇼핑,백화점과일반상점,op_e,2026/12,8035.0
2026-07-12,000500,가온전선,전기장비,rev_e,2026/12,29455.0
2026-07-12,000500,가온전선,전기장비,op_e,2026/12,1060.0
2026-07-12,001040,CJ,복합기업,target_price,,251222.0
2026-07-12,001040,CJ,복합기업,rev_e,2026/12,471226.0
2026-07-12,001040,CJ,복합기업,op_e,2026/12,27187.0
2026-07-12,066970,엘앤에프,전기제품,target_price,,252500.0
2026-07-12,066970,엘앤에프,전기제품,rev_e,2026/12,34486.0
2026-07-12,066970,엘앤에프,전기제품,op_e,2026/12,2518.0
2026-07-12,088350,한화생명,생명보험,target_price,,6267.0
2026-07-12,088350,한화생명,생명보험,op_e,2026/12,13570.0
2026-07-12,052690,한전기술,전기유틸리티,target_price,,203818.0
2026-07-12,052690,한전기술,전기유틸리티,rev_e,2026/12,5938.0
2026-07-12,052690,한전기술,전기유틸리티,op_e,2026/12,738.0
2026-07-12,002380,KCC,건축자재,target_price,,752750.0
2026-07-12,002380,KCC,건축자재,rev_e,2026/12,67500.0
2026-07-12,002380,KCC,건축자재,op_e,2026/12,4153.0
2026-07-12,082740,한화엔진,조선,target_price,,100125.0
2026-07-12,082740,한화엔진,조선,rev_e,2026/12,15575.0
2026-07-12,082740,한화엔진,조선,op_e,2026/12,2408.0
2026-07-12,347850,디앤디파마텍,생물공학,rev_e,2026/12,120.0
2026-07-12,347850,디앤디파마텍,생물공학,op_e,2026/12,-260.0
2026-07-12,111770,영원무역,"섬유,의류,신발,호화품",target_price,,120556.0
2026-07-12,111770,영원무역,"섬유,의류,신발,호화품",rev_e,2026/12,44559.0
2026-07-12,111770,영원무역,"섬유,의류,신발,호화품",op_e,2026/12,6361.0
2026-07-12,440110,파두,반도체와반도체장비,target_price,,130000.0
2026-07-12,440110,파두,반도체와반도체장비,rev_e,2026/12,3015.0
2026-07-12,440110,파두,반도체와반도체장비,op_e,2026/12,448.0
2026-07-12,084370,유진테크,반도체와반도체장비,target_price,,156667.0
2026-07-12,084370,유진테크,반도체와반도체장비,rev_e,2026/12,4910.0
2026-07-12,084370,유진테크,반도체와반도체장비,op_e,2026/12,1027.0
2026-07-12,018880,한온시스템,자동차부품,target_price,,5097.0
2026-07-12,018880,한온시스템,자동차부품,rev_e,2026/12,113876.0
2026-07-12,018880,한온시스템,자동차부품,op_e,2026/12,4279.0
2026-07-12,010060,OCI홀딩스,화학,target_price,,395000.0
2026-07-12,010060,OCI홀딩스,화학,rev_e,2026/12,41880.0
2026-07-12,010060,OCI홀딩스,화학,op_e,2026/12,3751.0
2026-07-12,051900,LG생활건강,화장품,target_price,,268000.0
2026-07-12,051900,LG생활건강,화장품,rev_e,2026/12,62692.0
2026-07-12,051900,LG생활건강,화장품,op_e,2026/12,3422.0
2026-07-12,403870,HPSP,반도체와반도체장비,target_price,,68000.0
2026-07-12,403870,HPSP,반도체와반도체장비,rev_e,2026/12,2408.0
2026-07-12,403870,HPSP,반도체와반도체장비,op_e,2026/12,1283.0
2026-07-12,069960,현대백화점,백화점과일반상점,target_price,,219000.0
2026-07-12,069960,현대백화점,백화점과일반상점,rev_e,2026/12,42740.0
2026-07-12,069960,현대백화점,백화점과일반상점,op_e,2026/12,4359.0
2026-07-12,004020,현대제철,철강,target_price,,52327.0
2026-07-12,004020,현대제철,철강,rev_e,2026/12,239047.0
2026-07-12,004020,현대제철,철강,op_e,2026/12,4371.0
2026-07-12,095610,테스,반도체와반도체장비,target_price,,177143.0
2026-07-12,095610,테스,반도체와반도체장비,rev_e,2026/12,4562.0
2026-07-12,095610,테스,반도체와반도체장비,op_e,2026/12,1004.0
2026-07-12,214450,파마리서치,건강관리장비와용품,target_price,,481429.0
2026-07-12,214450,파마리서치,건강관리장비와용품,rev_e,2026/12,6633.0
2026-07-12,214450,파마리서치,건강관리장비와용품,op_e,2026/12,2662.0
2026-07-12,001450,현대해상,손해보험,target_price,,41824.0
2026-07-12,095340,ISC,반도체와반도체장비,target_price,,292500.0
2026-07-12,095340,ISC,반도체와반도체장비,rev_e,2026/12,3110.0
2026-07-12,095340,ISC,반도체와반도체장비,op_e,2026/12,1025.0
2026-07-12,108490,로보티즈,기계,target_price,,398000.0
2026-07-12,108490,로보티즈,기계,rev_e,2026/12,646.0
2026-07-12,108490,로보티즈,기계,op_e,2026/12,24.0
2026-07-12,214150,클래시스,건강관리장비와용품,target_price,,77688.0
2026-07-12,214150,클래시스,건강관리장비와용품,rev_e,2026/12,4675.0
2026-07-12,214150,클래시스,건강관리장비와용품,op_e,2026/12,2191.0
2026-07-12,103590,일진전기,전기장비,target_price,,122667.0
2026-07-12,103590,일진전기,전기장비,rev_e,2026/12,22704.0
2026-07-12,103590,일진전기,전기장비,op_e,2026/12,2087.0
2026-07-12,035250,강원랜드,"호텔,레스토랑,레저",target_price,,21333.0
2026-07-12,035250,강원랜드,"호텔,레스토랑,레저",rev_e,2026/12,14823.0
2026-07-12,035250,강원랜드,"호텔,레스토랑,레저",op_e,2026/12,2213.0
2026-07-12,336260,두산퓨얼셀,에너지장비및서비스,target_price,,79333.0
2026-07-12,336260,두산퓨얼셀,에너지장비및서비스,rev_e,2026/12,5772.0
2026-07-12,336260,두산퓨얼셀,에너지장비및서비스,op_e,2026/12,-249.0
2026-07-12,251270,넷마블,게임엔터테인먼트,target_price,,66429.0
2026-07-12,251270,넷마블,게임엔터테인먼트,rev_e,2026/12,28957.0
2026-07-12,251270,넷마블,게임엔터테인먼트,op_e,2026/12,3714.0
2026-07-12,310210,보로노이,제약,target_price,,450000.0
2026-07-12,310210,보로노이,제약,rev_e,2026/12,340.0
2026-07-12,310210,보로노이,제약,op_e,2026/12,-440.0
2026-07-12,036460,한국가스공사,가스유틸리티,target_price,,48750.0
2026-07-12,036460,한국가스공사,가스유틸리티,rev_e,2026/12,365537.0
2026-07-12,036460,한국가스공사,가스유틸리티,op_e,2026/12,22650.0
2026-07-12,031210,서울보증보험,손해보험,target_price,,56000.0
2026-07-12,178320,서진시스템,전기장비,target_price,,78000.0
2026-07-12,178320,서진시스템,전기장비,rev_e,2026/12,18040.0
2026-07-12,178320,서진시스템,전기장비,op_e,2026/12,1826.0
2026-07-12,009420,한올바이오파마,제약,target_price,,82250.0
2026-07-12,009420,한올바이오파마,제약,rev_e,2026/12,1697.0
2026-07-12,009420,한올바이오파마,제약,op_e,2026/12,17.0
2026-07-12,131290,티에스이,반도체와반도체장비,target_price,,336667.0
2026-07-12,131290,티에스이,반도체와반도체장비,rev_e,2026/12,6172.0
2026-07-12,131290,티에스이,반도체와반도체장비,op_e,2026/12,1681.0
2026-07-12,383220,F&F,"섬유,의류,신발,호화품",target_price,,98800.0
2026-07-12,383220,F&F,"섬유,의류,신발,호화품",rev_e,2026/12,20802.0
2026-07-12,383220,F&F,"섬유,의류,신발,호화품",op_e,2026/12,5294.0
2026-07-12,145020,휴젤,생물공학,target_price,,378462.0
2026-07-12,145020,휴젤,생물공학,rev_e,2026/12,5251.0
2026-07-12,145020,휴젤,생물공학,op_e,2026/12,2170.0
2026-07-12,011780,금호석유화학,화학,target_price,,176750.0
2026-07-12,011780,금호석유화학,화학,rev_e,2026/12,74050.0
2026-07-12,011780,금호석유화학,화학,op_e,2026/12,3905.0
2026-07-12,031980,피에스케이홀딩스,반도체와반도체장비,target_price,,191600.0
2026-07-12,031980,피에스케이홀딩스,반도체와반도체장비,rev_e,2026/12,2694.0
2026-07-12,031980,피에스케이홀딩스,반도체와반도체장비,op_e,2026/12,1053.0
2026-07-12,302440,SK바이오사이언스,제약,target_price,,49000.0
2026-07-12,302440,SK바이오사이언스,제약,rev_e,2026/12,7392.0
2026-07-12,302440,SK바이오사이언스,제약,op_e,2026/12,-1295.0
2026-07-12,097950,CJ제일제당,식품,target_price,,298462.0
2026-07-12,097950,CJ제일제당,식품,rev_e,2026/12,285812.0
2026-07-12,097950,CJ제일제당,식품,op_e,2026/12,12855.0
2026-07-12,139130,iM금융지주,은행,target_price,,24106.0
2026-07-12,139130,iM금융지주,은행,op_e,2026/12,6607.0
2026-07-12,028670,팬오션,해운사,target_price,,7642.0
2026-07-12,028670,팬오션,해운사,rev_e,2026/12,60923.0
2026-07-12,028670,팬오션,해운사,op_e,2026/12,5855.0
2026-07-12,012750,에스원,상업서비스와공급품,target_price,,94000.0
2026-07-12,012750,에스원,상업서비스와공급품,rev_e,2026/12,29680.0
2026-07-12,012750,에스원,상업서비스와공급품,op_e,2026/12,1961.0
2026-07-12,014680,한솔케미칼,화학,target_price,,399000.0
2026-07-12,014680,한솔케미칼,화학,rev_e,2026/12,9976.0
2026-07-12,014680,한솔케미칼,화학,op_e,2026/12,1880.0
2026-07-12,006360,GS건설,건설,target_price,,46472.0
2026-07-12,006360,GS건설,건설,rev_e,2026/12,111215.0
2026-07-12,006360,GS건설,건설,op_e,2026/12,4689.0
2026-07-12,011170,롯데케미칼,화학,target_price,,124692.0
2026-07-12,011170,롯데케미칼,화학,rev_e,2026/12,216789.0
2026-07-12,011170,롯데케미칼,화학,op_e,2026/12,1671.0
2026-07-12,067310,하나마이크론,반도체와반도체장비,target_price,,58750.0
2026-07-12,067310,하나마이크론,반도체와반도체장비,rev_e,2026/12,22475.0
2026-07-12,067310,하나마이크론,반도체와반도체장비,op_e,2026/12,3155.0
2026-07-12,004800,효성,복합기업,target_price,,335000.0
2026-07-12,004800,효성,복합기업,rev_e,2026/12,24720.0
2026-07-12,004800,효성,복합기업,op_e,2026/12,4620.0
2026-07-12,064760,티씨케이,반도체와반도체장비,target_price,,385000.0
2026-07-12,064760,티씨케이,반도체와반도체장비,rev_e,2026/12,3952.0
2026-07-12,064760,티씨케이,반도체와반도체장비,op_e,2026/12,1249.0
2026-07-12,319400,현대무벡스,기계,rev_e,2026/12,4640.0
2026-07-12,319400,현대무벡스,기계,op_e,2026/12,210.0
2026-07-12,005850,에스엘,자동차부품,target_price,,92000.0
2026-07-12,005850,에스엘,자동차부품,rev_e,2026/12,57293.0
2026-07-12,005850,에스엘,자동차부품,op_e,2026/12,4617.0
2026-07-12,237690,에스티팜,제약,target_price,,204071.0
2026-07-12,237690,에스티팜,제약,rev_e,2026/12,4169.0
2026-07-12,237690,에스티팜,제약,op_e,2026/12,776.0
2026-07-12,089970,브이엠,반도체와반도체장비,target_price,,113500.0
2026-07-12,089970,브이엠,반도체와반도체장비,rev_e,2026/12,3218.0
2026-07-12,089970,브이엠,반도체와반도체장비,op_e,2026/12,965.0
2026-07-12,161890,한국콜마,화장품,target_price,,129105.0
2026-07-12,161890,한국콜마,화장품,rev_e,2026/12,30672.0
2026-07-12,161890,한국콜마,화장품,op_e,2026/12,3148.0
2026-07-12,085620,미래에셋생명,생명보험,target_price,,14000.0
2026-07-12,483650,달바글로벌,화장품,target_price,,299615.0
2026-07-12,483650,달바글로벌,화장품,rev_e,2026/12,7477.0
2026-07-12,483650,달바글로벌,화장품,op_e,2026/12,1606.0
2026-07-12,257720,실리콘투,인터넷과카탈로그소매,target_price,,55571.0
2026-07-12,257720,실리콘투,인터넷과카탈로그소매,rev_e,2026/12,15497.0
2026-07-12,257720,실리콘투,인터넷과카탈로그소매,op_e,2026/12,2732.0
2026-07-12,375500,DL이앤씨,건설,target_price,,116222.0
2026-07-12,375500,DL이앤씨,건설,rev_e,2026/12,69620.0
2026-07-12,375500,DL이앤씨,건설,op_e,2026/12,5130.0
2026-07-12,003690,코리안리,손해보험,target_price,,16333.0
2026-07-12,357780,솔브레인,반도체와반도체장비,target_price,,549250.0
2026-07-12,357780,솔브레인,반도체와반도체장비,rev_e,2026/12,10934.0
2026-07-12,357780,솔브레인,반도체와반도체장비,op_e,2026/12,1924.0
2026-07-12,000240,한국앤컴퍼니,자동차부품,target_price,,33000.0
2026-07-12,000240,한국앤컴퍼니,자동차부품,rev_e,2026/12,15981.0
2026-07-12,000240,한국앤컴퍼니,자동차부품,op_e,2026/12,4574.0
2026-07-12,081660,미스토홀딩스,"섬유,의류,신발,호화품",target_price,,59111.0
2026-07-12,081660,미스토홀딩스,"섬유,의류,신발,호화품",rev_e,2026/12,47092.0
2026-07-12,081660,미스토홀딩스,"섬유,의류,신발,호화품",op_e,2026/12,5637.0
2026-07-12,004990,롯데지주,복합기업,target_price,,36500.0
2026-07-12,004990,롯데지주,복합기업,rev_e,2026/12,158390.0
2026-07-12,004990,롯데지주,복합기업,op_e,2026/12,3797.0
2026-07-12,263750,펄어비스,게임엔터테인먼트,target_price,,70778.0
2026-07-12,263750,펄어비스,게임엔터테인먼트,rev_e,2026/12,9164.0
2026-07-12,263750,펄어비스,게임엔터테인먼트,op_e,2026/12,4771.0
2026-07-12,204320,HL만도,자동차부품,target_price,,76889.0
2026-07-12,204320,HL만도,자동차부품,rev_e,2026/12,97540.0
2026-07-12,204320,HL만도,자동차부품,op_e,2026/12,4028.0
2026-07-12,489790,한화비전,통신장비,target_price,,109333.0
2026-07-12,489790,한화비전,통신장비,rev_e,2026/12,17909.0
2026-07-12,489790,한화비전,통신장비,op_e,2026/12,1623.0
2026-07-12,139480,이마트,백화점과일반상점,target_price,,123000.0
2026-07-12,139480,이마트,백화점과일반상점,rev_e,2026/12,293097.0
2026-07-12,139480,이마트,백화점과일반상점,op_e,2026/12,5488.0
2026-07-12,073240,금호타이어,자동차부품,target_price,,8222.0
2026-07-12,073240,금호타이어,자동차부품,rev_e,2026/12,50699.0
2026-07-12,073240,금호타이어,자동차부품,op_e,2026/12,5764.0
2026-07-12,279570,케이뱅크,은행,target_price,,9000.0
2026-07-12,279570,케이뱅크,은행,op_e,2026/12,1404.0
2026-07-12,005440,현대지에프홀딩스,복합기업,target_price,,19750.0
2026-07-12,005440,현대지에프홀딩스,복합기업,rev_e,2026/12,83018.0
2026-07-12,005440,현대지에프홀딩스,복합기업,op_e,2026/12,3582.0
2026-07-12,007070,GS리테일,백화점과일반상점,target_price,,31538.0
2026-07-12,007070,GS리테일,백화점과일반상점,rev_e,2026/12,124165.0
2026-07-12,007070,GS리테일,백화점과일반상점,op_e,2026/12,3471.0
2026-07-12,004370,농심,식품,target_price,,539091.0
2026-07-12,004370,농심,식품,rev_e,2026/12,37108.0
2026-07-12,004370,농심,식품,op_e,2026/12,2134.0
2026-07-12,030000,제일기획,광고,target_price,,25400.0
2026-07-12,030000,제일기획,광고,rev_e,2026/12,46981.0
2026-07-12,030000,제일기획,광고,op_e,2026/12,3340.0
2026-07-12,282330,BGF리테일,백화점과일반상점,target_price,,173267.0
2026-07-12,282330,BGF리테일,백화점과일반상점,rev_e,2026/12,94867.0
2026-07-12,282330,BGF리테일,백화점과일반상점,op_e,2026/12,2941.0
2026-07-12,007340,DN오토모티브,자동차부품,target_price,,55000.0
2026-07-12,007340,DN오토모티브,자동차부품,rev_e,2026/12,44186.0
2026-07-12,007340,DN오토모티브,자동차부품,op_e,2026/12,5720.0
2026-07-12,071970,HD현대마린엔진,조선,target_price,,130167.0
2026-07-12,071970,HD현대마린엔진,조선,rev_e,2026/12,6096.0
2026-07-12,071970,HD현대마린엔진,조선,op_e,2026/12,1522.0
2026-07-12,420770,기가비스,반도체와반도체장비,target_price,,185000.0
2026-07-12,420770,기가비스,반도체와반도체장비,rev_e,2026/12,906.0
2026-07-12,420770,기가비스,반도체와반도체장비,op_e,2026/12,262.0
2026-07-12,051600,한전KPS,전기유틸리티,target_price,,69818.0
2026-07-12,051600,한전KPS,전기유틸리티,rev_e,2026/12,16421.0
2026-07-12,051600,한전KPS,전기유틸리티,op_e,2026/12,1900.0
2026-07-12,462870,시프트업,게임엔터테인먼트,target_price,,45455.0
2026-07-12,462870,시프트업,게임엔터테인먼트,rev_e,2026/12,2085.0
2026-07-12,462870,시프트업,게임엔터테인먼트,op_e,2026/12,1080.0
2026-07-12,018670,SK가스,가스유틸리티,target_price,,367000.0
2026-07-12,018670,SK가스,가스유틸리티,rev_e,2026/12,101795.0
2026-07-12,018670,SK가스,가스유틸리티,op_e,2026/12,6456.0
2026-07-12,008770,호텔신라,백화점과일반상점,target_price,,76769.0
2026-07-12,008770,호텔신라,백화점과일반상점,rev_e,2026/12,40713.0
2026-07-12,008770,호텔신라,백화점과일반상점,op_e,2026/12,1805.0
2026-07-12,098460,고영,전자장비와기기,target_price,,48417.0
2026-07-12,098460,고영,전자장비와기기,rev_e,2026/12,3038.0
2026-07-12,098460,고영,전자장비와기기,op_e,2026/12,431.0
2026-07-12,290650,엘앤씨바이오,건강관리장비와용품,rev_e,2026/12,1604.0
2026-07-12,290650,엘앤씨바이오,건강관리장비와용품,op_e,2026/12,363.0
2026-07-12,192820,코스맥스,화장품,target_price,,246833.0
2026-07-12,192820,코스맥스,화장품,rev_e,2026/12,27642.0
2026-07-12,192820,코스맥스,화장품,op_e,2026/12,2328.0
2026-07-12,131970,두산테스나,반도체와반도체장비,target_price,,190857.0
2026-07-12,131970,두산테스나,반도체와반도체장비,rev_e,2026/12,3493.0
2026-07-12,131970,두산테스나,반도체와반도체장비,op_e,2026/12,484.0
2026-07-12,281820,케이씨텍,반도체와반도체장비,target_price,,127000.0
2026-07-12,281820,케이씨텍,반도체와반도체장비,rev_e,2026/12,6528.0
2026-07-12,281820,케이씨텍,반도체와반도체장비,op_e,2026/12,1462.0
2026-07-12,457190,이수스페셜티케미컬,화학,rev_e,2026/12,4360.0
2026-07-12,457190,이수스페셜티케미컬,화학,op_e,2026/12,-9.0
2026-07-12,140860,파크시스템스,전자장비와기기,target_price,,364143.0
2026-07-12,140860,파크시스템스,전자장비와기기,rev_e,2026/12,2425.0
2026-07-12,140860,파크시스템스,전자장비와기기,op_e,2026/12,563.0
2026-07-12,020150,롯데에너지머티리얼즈,전자장비와기기,target_price,,80258.0
2026-07-12,020150,롯데에너지머티리얼즈,전자장비와기기,rev_e,2026/12,8833.0
2026-07-12,020150,롯데에너지머티리얼즈,전자장비와기기,op_e,2026/12,-376.0
2026-07-12,439260,대한조선,조선,target_price,,122000.0
2026-07-12,439260,대한조선,조선,rev_e,2026/12,13138.0
2026-07-12,439260,대한조선,조선,op_e,2026/12,3671.0
2026-07-12,103140,풍산,비철금속,target_price,,133218.0
2026-07-12,103140,풍산,비철금속,rev_e,2026/12,61466.0
2026-07-12,103140,풍산,비철금속,op_e,2026/12,3618.0
2026-07-12,035900,JYP Ent.,방송과엔터테인먼트,target_price,,88588.0
2026-07-12,035900,JYP Ent.,방송과엔터테인먼트,rev_e,2026/12,8852.0
2026-07-12,035900,JYP Ent.,방송과엔터테인먼트,op_e,2026/12,1750.0
2026-07-12,041510,에스엠,방송과엔터테인먼트,target_price,,128333.0
2026-07-12,041510,에스엠,방송과엔터테인먼트,rev_e,2026/12,12878.0
2026-07-12,041510,에스엠,방송과엔터테인먼트,op_e,2026/12,2007.0
2026-07-12,007810,코리아써키트,전자장비와기기,target_price,,156667.0
2026-07-12,007810,코리아써키트,전자장비와기기,rev_e,2026/12,18086.0
2026-07-12,007810,코리아써키트,전자장비와기기,op_e,2026/12,1467.0
2026-07-12,001740,SK네트웍스,복합기업,target_price,,9350.0
2026-07-12,001740,SK네트웍스,복합기업,rev_e,2026/12,69921.0
2026-07-12,001740,SK네트웍스,복합기업,op_e,2026/12,1240.0
2026-07-12,183300,코미코,반도체와반도체장비,target_price,,170932.0
2026-07-12,183300,코미코,반도체와반도체장비,rev_e,2026/12,7194.0
2026-07-12,183300,코미코,반도체와반도체장비,op_e,2026/12,1289.0
2026-07-12,000120,CJ대한통운,항공화물운송과물류,target_price,,134417.0
2026-07-12,000120,CJ대한통운,항공화물운송과물류,rev_e,2026/12,129381.0
2026-07-12,000120,CJ대한통운,항공화물운송과물류,op_e,2026/12,5163.0
2026-07-12,011210,현대위아,자동차부품,target_price,,97778.0
2026-07-12,011210,현대위아,자동차부품,rev_e,2026/12,88669.0
2026-07-12,011210,현대위아,자동차부품,op_e,2026/12,2314.0
2026-07-12,112610,씨에스윈드,에너지장비및서비스,target_price,,77889.0
2026-07-12,112610,씨에스윈드,에너지장비및서비스,rev_e,2026/12,28940.0
2026-07-12,112610,씨에스윈드,에너지장비및서비스,op_e,2026/12,3032.0
2026-07-12,120110,코오롱인더,화학,target_price,,113000.0
2026-07-12,120110,코오롱인더,화학,rev_e,2026/12,52526.0
2026-07-12,120110,코오롱인더,화학,op_e,2026/12,2243.0
2026-07-12,058610,에스피지,전기제품,target_price,,160000.0
2026-07-12,058610,에스피지,전기제품,rev_e,2026/12,3690.0
2026-07-12,058610,에스피지,전기제품,op_e,2026/12,238.0
2026-07-12,089030,테크윙,반도체와반도체장비,rev_e,2026/12,3718.0
2026-07-12,089030,테크윙,반도체와반도체장비,op_e,2026/12,985.0
2026-07-12,001800,오리온홀딩스,식품,rev_e,2026/12,37706.0
2026-07-12,001800,오리온홀딩스,식품,op_e,2026/12,6028.0
2026-07-12,097230,HJ중공업,건설,target_price,,37000.0
2026-07-12,097230,HJ중공업,건설,rev_e,2026/12,25720.0
2026-07-12,097230,HJ중공업,건설,op_e,2026/12,2050.0
2026-07-12,043260,성호전자,전기제품,target_price,,85000.0
2026-07-12,043260,성호전자,전기제품,rev_e,2026/12,3020.0
2026-07-12,043260,성호전자,전기제품,op_e,2026/12,401.0
2026-07-12,069620,대웅제약,제약,target_price,,204444.0
2026-07-12,069620,대웅제약,제약,rev_e,2026/12,16533.0
2026-07-12,069620,대웅제약,제약,op_e,2026/12,2065.0
2026-07-12,006040,동원산업,식품,target_price,,49333.0
2026-07-12,006040,동원산업,식품,rev_e,2026/12,101231.0
2026-07-12,006040,동원산업,식품,op_e,2026/12,5524.0
2026-07-12,060370,LS마린솔루션,건설,target_price,,51000.0
2026-07-12,060370,LS마린솔루션,건설,rev_e,2026/12,3002.0
2026-07-12,060370,LS마린솔루션,건설,op_e,2026/12,183.0
2026-07-12,096530,씨젠,생명과학도구및서비스,target_price,,44500.0
2026-07-12,096530,씨젠,생명과학도구및서비스,rev_e,2026/12,5322.0
2026-07-12,096530,씨젠,생명과학도구및서비스,op_e,2026/12,784.0
2026-07-12,083650,비에이치아이,에너지장비및서비스,target_price,,110000.0
2026-07-12,083650,비에이치아이,에너지장비및서비스,rev_e,2026/12,11030.0
2026-07-12,083650,비에이치아이,에너지장비및서비스,op_e,2026/12,1201.0
2026-07-12,020560,아시아나항공,항공사,rev_e,2026/12,69880.0
2026-07-12,020560,아시아나항공,항공사,op_e,2026/12,-5700.0
2026-07-12,093370,후성,화학,target_price,,20000.0
2026-07-12,093370,후성,화학,rev_e,2026/12,5928.0
2026-07-12,093370,후성,화학,op_e,2026/12,527.0
2026-07-12,475150,SK이터닉스,에너지장비및서비스,target_price,,54333.0
2026-07-12,475150,SK이터닉스,에너지장비및서비스,rev_e,2026/12,3856.0
2026-07-12,475150,SK이터닉스,에너지장비및서비스,op_e,2026/12,530.0
2026-07-12,006280,녹십자,제약,target_price,,210833.0
2026-07-12,006280,녹십자,제약,rev_e,2026/12,20387.0
2026-07-12,006280,녹십자,제약,op_e,2026/12,747.0
2026-07-12,001120,LX인터내셔널,무역회사와판매업체,target_price,,67667.0
2026-07-12,001120,LX인터내셔널,무역회사와판매업체,rev_e,2026/12,180313.0
2026-07-12,001120,LX인터내셔널,무역회사와판매업체,op_e,2026/12,4786.0
2026-07-12,082920,비츠로셀,전기제품,target_price,,61500.0
2026-07-12,082920,비츠로셀,전기제품,rev_e,2026/12,3060.0
2026-07-12,082920,비츠로셀,전기제품,op_e,2026/12,916.0
2026-07-12,229640,LS에코에너지,전기장비,target_price,,84714.0
2026-07-12,229640,LS에코에너지,전기장비,rev_e,2026/12,11859.0
2026-07-12,229640,LS에코에너지,전기장비,op_e,2026/12,807.0
2026-07-12,218410,RFHIC,통신장비,target_price,,132600.0
2026-07-12,218410,RFHIC,통신장비,rev_e,2026/12,2616.0
2026-07-12,218410,RFHIC,통신장비,op_e,2026/12,542.0
2026-07-12,458870,씨어스,건강관리기술,target_price,,68400.0
2026-07-12,458870,씨어스,건강관리기술,rev_e,2026/12,1390.0
2026-07-12,458870,씨어스,건강관리기술,op_e,2026/12,604.0
2026-07-12,003540,대신증권,증권,target_price,,41667.0
2026-07-12,003540,대신증권,증권,op_e,2026/12,4233.0
2026-07-12,005070,코스모신소재,화학,target_price,,63667.0
2026-07-12,005070,코스모신소재,화학,rev_e,2026/12,6153.0
2026-07-12,005070,코스모신소재,화학,op_e,2026/12,141.0
2026-07-12,192080,더블유게임즈,게임엔터테인먼트,target_price,,82500.0
2026-07-12,192080,더블유게임즈,게임엔터테인먼트,rev_e,2026/12,8406.0
2026-07-12,192080,더블유게임즈,게임엔터테인먼트,op_e,2026/12,2853.0
2026-07-12,078600,대주전자재료,전자장비와기기,target_price,,191500.0
2026-07-12,078600,대주전자재료,전자장비와기기,rev_e,2026/12,3924.0
2026-07-12,078600,대주전자재료,전자장비와기기,op_e,2026/12,396.0
2026-07-12,322000,HD현대에너지솔루션,에너지장비및서비스,target_price,,267500.0
2026-07-12,322000,HD현대에너지솔루션,에너지장비및서비스,rev_e,2026/12,6981.0
2026-07-12,322000,HD현대에너지솔루션,에너지장비및서비스,op_e,2026/12,1168.0
2026-07-12,017960,한국카본,조선,target_price,,57667.0
2026-07-12,017960,한국카본,조선,rev_e,2026/12,9487.0
2026-07-12,017960,한국카본,조선,op_e,2026/12,1798.0
2026-07-12,181710,NHN,IT서비스,target_price,,52600.0
2026-07-12,181710,NHN,IT서비스,rev_e,2026/12,28539.0
2026-07-12,181710,NHN,IT서비스,op_e,2026/12,1772.0
2026-07-12,298020,효성티앤씨,무역회사와판매업체,target_price,,602000.0
2026-07-12,298020,효성티앤씨,무역회사와판매업체,rev_e,2026/12,85459.0
2026-07-12,298020,효성티앤씨,무역회사와판매업체,op_e,2026/12,4463.0
2026-07-12,361610,SK아이이테크놀로지,전기제품,target_price,,25667.0
2026-07-12,361610,SK아이이테크놀로지,전기제품,rev_e,2026/12,1899.0
2026-07-12,361610,SK아이이테크놀로지,전기제품,op_e,2026/12,-2448.0
2026-07-12,012630,HDC,건설,target_price,,35000.0
2026-07-12,012630,HDC,건설,rev_e,2026/12,69186.0
2026-07-12,012630,HDC,건설,op_e,2026/12,6860.0
2026-07-12,082640,동양생명,생명보험,target_price,,9900.0
2026-07-12,089860,롯데렌탈,도로와철도운송,target_price,,44778.0
2026-07-12,089860,롯데렌탈,도로와철도운송,rev_e,2026/12,30692.0
2026-07-12,089860,롯데렌탈,도로와철도운송,op_e,2026/12,3583.0
2026-07-12,039200,오스코텍,제약,target_price,,75000.0
2026-07-12,039200,오스코텍,제약,rev_e,2026/12,840.0
2026-07-12,039200,오스코텍,제약,op_e,2026/12,340.0
2026-07-12,032350,롯데관광개발,"호텔,레스토랑,레저",target_price,,27792.0
2026-07-12,032350,롯데관광개발,"호텔,레스토랑,레저",rev_e,2026/12,7828.0
2026-07-12,032350,롯데관광개발,"호텔,레스토랑,레저",op_e,2026/12,1986.0
2026-07-12,294870,IPARK현대산업개발,건설,target_price,,30923.0
2026-07-12,294870,IPARK현대산업개발,건설,rev_e,2026/12,39241.0
2026-07-12,294870,IPARK현대산업개발,건설,op_e,2026/12,5080.0
2026-07-12,034230,파라다이스,"호텔,레스토랑,레저",target_price,,21833.0
2026-07-12,034230,파라다이스,"호텔,레스토랑,레저",rev_e,2026/12,12708.0
2026-07-12,034230,파라다이스,"호텔,레스토랑,레저",op_e,2026/12,1856.0
2026-07-12,004000,롯데정밀화학,화학,target_price,,77500.0
2026-07-12,004000,롯데정밀화학,화학,rev_e,2026/12,19883.0
2026-07-12,004000,롯데정밀화학,화학,op_e,2026/12,1388.0
2026-07-12,003380,하림지주,식품,target_price,,16500.0
2026-07-12,003380,하림지주,식품,rev_e,2026/12,147130.0
2026-07-12,003380,하림지주,식품,op_e,2026/12,10240.0
2026-07-12,195940,HK이노엔,제약,target_price,,68231.0
2026-07-12,195940,HK이노엔,제약,rev_e,2026/12,11139.0
2026-07-12,195940,HK이노엔,제약,op_e,2026/12,1316.0
2026-07-12,001430,세아베스틸지주,철강,target_price,,77550.0
2026-07-12,001430,세아베스틸지주,철강,rev_e,2026/12,39414.0
2026-07-12,001430,세아베스틸지주,철강,op_e,2026/12,1464.0
2026-07-12,347700,스피어,우주항공과국방,target_price,,50000.0
2026-07-12,347700,스피어,우주항공과국방,rev_e,2026/12,2400.0
2026-07-12,347700,스피어,우주항공과국방,op_e,2026/12,175.0
2026-07-12,166090,하나머티리얼즈,반도체와반도체장비,target_price,,106000.0
2026-07-12,166090,하나머티리얼즈,반도체와반도체장비,rev_e,2026/12,3852.0
2026-07-12,166090,하나머티리얼즈,반도체와반도체장비,op_e,2026/12,1002.0
2026-07-12,003570,SNT다이내믹스,자동차부품,target_price,,77000.0
2026-07-12,003570,SNT다이내믹스,자동차부품,rev_e,2026/12,8077.0
2026-07-12,003570,SNT다이내믹스,자동차부품,op_e,2026/12,1121.0
2026-07-12,300720,한일시멘트,건축자재,target_price,,19500.0
2026-07-12,300720,한일시멘트,건축자재,rev_e,2026/12,13950.0
2026-07-12,300720,한일시멘트,건축자재,op_e,2026/12,1150.0
2026-07-12,077970,STX엔진,조선,target_price,,72000.0
2026-07-12,077970,STX엔진,조선,rev_e,2026/12,9494.0
2026-07-12,077970,STX엔진,조선,op_e,2026/12,1004.0
2026-07-12,491000,리브스메드,건강관리장비와용품,target_price,,120000.0
2026-07-12,491000,리브스메드,건강관리장비와용품,rev_e,2026/12,867.0
2026-07-12,491000,리브스메드,건강관리장비와용품,op_e,2026/12,-205.0
2026-07-12,000080,하이트진로,음료,target_price,,23667.0
2026-07-12,000080,하이트진로,음료,rev_e,2026/12,25124.0
2026-07-12,000080,하이트진로,음료,op_e,2026/12,1958.0
2026-07-13,005930,삼성전자,반도체와반도체장비,target_price,,513958.0
2026-07-13,005930,삼성전자,반도체와반도체장비,rev_e,2026/12,7324732.0
2026-07-13,005930,삼성전자,반도체와반도체장비,op_e,2026/12,3832404.0
2026-07-13,000660,SK하이닉스,반도체와반도체장비,target_price,,3547917.0
2026-07-13,000660,SK하이닉스,반도체와반도체장비,rev_e,2026/12,3577853.0
2026-07-13,000660,SK하이닉스,반도체와반도체장비,op_e,2026/12,2767812.0
2026-07-13,402340,SK스퀘어,반도체와반도체장비,target_price,,1867143.0
2026-07-13,402340,SK스퀘어,반도체와반도체장비,rev_e,2026/12,73622.0
2026-07-13,402340,SK스퀘어,반도체와반도체장비,op_e,2026/12,430392.0
2026-07-13,009150,삼성전기,전자장비와기기,target_price,,2470000.0
2026-07-13,009150,삼성전기,전자장비와기기,rev_e,2026/12,135229.0
2026-07-13,009150,삼성전기,전자장비와기기,op_e,2026/12,16524.0
2026-07-13,005380,현대차,자동차,target_price,,808000.0
2026-07-13,005380,현대차,자동차,rev_e,2026/12,1937132.0
2026-07-13,005380,현대차,자동차,op_e,2026/12,118722.0
2026-07-13,373220,LG에너지솔루션,전기제품,target_price,,554136.0
2026-07-13,373220,LG에너지솔루션,전기제품,rev_e,2026/12,304941.0
2026-07-13,373220,LG에너지솔루션,전기제품,op_e,2026/12,11445.0
2026-07-13,105560,KB금융,은행,target_price,,217000.0
2026-07-13,105560,KB금융,은행,op_e,2026/12,92995.0
2026-07-13,032830,삼성생명,생명보험,target_price,,406179.0
2026-07-13,032830,삼성생명,생명보험,op_e,2026/12,33019.0
2026-07-13,207940,삼성바이오로직스,제약,target_price,,2055000.0
2026-07-13,207940,삼성바이오로직스,제약,rev_e,2026/12,54270.0
2026-07-13,207940,삼성바이오로직스,제약,op_e,2026/12,24946.0
2026-07-13,028260,삼성물산,복합기업,target_price,,585385.0
2026-07-13,028260,삼성물산,복합기업,rev_e,2026/12,441678.0
2026-07-13,028260,삼성물산,복합기업,op_e,2026/12,36331.0
2026-07-13,000270,기아,자동차,target_price,,232826.0
2026-07-13,000270,기아,자동차,rev_e,2026/12,1240124.0
2026-07-13,000270,기아,자동차,op_e,2026/12,102467.0
2026-07-13,055550,신한지주,은행,target_price,,132278.0
2026-07-13,055550,신한지주,은행,op_e,2026/12,76926.0
2026-07-13,329180,HD현대중공업,조선,target_price,,921048.0
2026-07-13,329180,HD현대중공업,조선,rev_e,2026/12,248924.0
2026-07-13,329180,HD현대중공업,조선,op_e,2026/12,38898.0
2026-07-13,012450,한화에어로스페이스,우주항공과국방,target_price,,1803889.0
2026-07-13,012450,한화에어로스페이스,우주항공과국방,rev_e,2026/12,302395.0
2026-07-13,012450,한화에어로스페이스,우주항공과국방,op_e,2026/12,42648.0
2026-07-13,034020,두산에너빌리티,기계,target_price,,150200.0
2026-07-13,034020,두산에너빌리티,기계,rev_e,2026/12,181012.0
2026-07-13,034020,두산에너빌리티,기계,op_e,2026/12,11196.0
2026-07-13,012330,현대모비스,자동차부품,target_price,,781200.0
2026-07-13,012330,현대모비스,자동차부품,rev_e,2026/12,652140.0
2026-07-13,012330,현대모비스,자동차부품,op_e,2026/12,37235.0
2026-07-13,034730,SK,석유와가스,target_price,,853692.0
2026-07-13,034730,SK,석유와가스,rev_e,2026/12,1418951.0
2026-07-13,034730,SK,석유와가스,op_e,2026/12,98678.0
2026-07-13,068270,셀트리온,제약,target_price,,265398.0
2026-07-13,068270,셀트리온,제약,rev_e,2026/12,53265.0
2026-07-13,068270,셀트리온,제약,op_e,2026/12,17804.0
2026-07-13,086790,하나금융지주,은행,target_price,,160474.0
2026-07-13,086790,하나금융지주,은행,op_e,2026/12,60435.0
2026-07-13,006400,삼성SDI,전기제품,target_price,,802130.0
2026-07-13,006400,삼성SDI,전기제품,rev_e,2026/12,156606.0
2026-07-13,006400,삼성SDI,전기제품,op_e,2026/12,83.0
2026-07-13,066570,LG전자,전자제품,target_price,,218250.0
2026-07-13,066570,LG전자,전자제품,rev_e,2026/12,949907.0
2026-07-13,066570,LG전자,전자제품,op_e,2026/12,42384.0
2026-07-13,035420,NAVER,양방향미디어와서비스,target_price,,329667.0
2026-07-13,035420,NAVER,양방향미디어와서비스,rev_e,2026/12,137611.0
2026-07-13,035420,NAVER,양방향미디어와서비스,op_e,2026/12,23974.0
2026-07-13,000810,삼성화재,손해보험,target_price,,696882.0
2026-07-13,000810,삼성화재,손해보험,op_e,2026/12,30345.0
2026-07-13,267260,HD현대일렉트릭,전기장비,target_price,,1456923.0
2026-07-13,267260,HD현대일렉트릭,전기장비,rev_e,2026/12,46646.0
2026-07-13,267260,HD현대일렉트릭,전기장비,op_e,2026/12,12375.0
2026-07-13,010120,LS ELECTRIC,전기장비,target_price,,268846.0
2026-07-13,010120,LS ELECTRIC,전기장비,rev_e,2026/12,61820.0
2026-07-13,010120,LS ELECTRIC,전기장비,op_e,2026/12,6602.0
2026-07-13,298040,효성중공업,전기장비,target_price,,4661538.0
2026-07-13,298040,효성중공업,전기장비,rev_e,2026/12,71214.0
2026-07-13,298040,효성중공업,전기장비,op_e,2026/12,10942.0
2026-07-13,005490,POSCO홀딩스,철강,target_price,,545529.0
2026-07-13,005490,POSCO홀딩스,철강,rev_e,2026/12,726523.0
2026-07-13,005490,POSCO홀딩스,철강,op_e,2026/12,31078.0
2026-07-13,009540,HD한국조선해양,조선,target_price,,598571.0
2026-07-13,009540,HD한국조선해양,조선,rev_e,2026/12,338030.0
2026-07-13,009540,HD한국조선해양,조선,op_e,2026/12,56418.0
2026-07-13,042660,한화오션,조선,target_price,,161150.0
2026-07-13,042660,한화오션,조선,rev_e,2026/12,140385.0
2026-07-13,042660,한화오션,조선,op_e,2026/12,19012.0
2026-07-13,316140,우리금융지주,은행,target_price,,43850.0
2026-07-13,316140,우리금융지주,은행,op_e,2026/12,43418.0
2026-07-13,006800,미래에셋증권,증권,target_price,,70500.0
2026-07-13,006800,미래에셋증권,증권,rev_e,2026/12,412959.0
2026-07-13,006800,미래에셋증권,증권,op_e,2026/12,41656.0
2026-07-13,015760,한국전력,전기유틸리티,target_price,,56667.0
2026-07-13,015760,한국전력,전기유틸리티,rev_e,2026/12,985021.0
2026-07-13,015760,한국전력,전기유틸리티,op_e,2026/12,97617.0
2026-07-13,010130,고려아연,비철금속,target_price,,1764500.0
2026-07-13,010130,고려아연,비철금속,rev_e,2026/12,234635.0
2026-07-13,010130,고려아연,비철금속,op_e,2026/12,23854.0
2026-07-13,000150,두산,복합기업,target_price,,2305385.0
2026-07-13,000150,두산,복합기업,rev_e,2026/12,216928.0
2026-07-13,000150,두산,복합기업,op_e,2026/12,17064.0
2026-07-13,042700,한미반도체,반도체와반도체장비,target_price,,380000.0
2026-07-13,042700,한미반도체,반도체와반도체장비,rev_e,2026/12,7850.0
2026-07-13,042700,한미반도체,반도체와반도체장비,op_e,2026/12,3694.0
2026-07-13,138040,메리츠금융지주,증권,target_price,,148000.0
2026-07-13,138040,메리츠금융지주,증권,op_e,2026/12,32058.0
2026-07-13,010140,삼성중공업,조선,target_price,,39900.0
2026-07-13,010140,삼성중공업,조선,rev_e,2026/12,128170.0
2026-07-13,010140,삼성중공업,조선,op_e,2026/12,14957.0
2026-07-13,096770,SK이노베이션,석유와가스,target_price,,166909.0
2026-07-13,096770,SK이노베이션,석유와가스,rev_e,2026/12,1022217.0
2026-07-13,096770,SK이노베이션,석유와가스,op_e,2026/12,50950.0
2026-07-13,064350,현대로템,우주항공과국방,target_price,,310500.0
2026-07-13,064350,현대로템,우주항공과국방,rev_e,2026/12,69403.0
2026-07-13,064350,현대로템,우주항공과국방,op_e,2026/12,11805.0
2026-07-13,011200,HMM,해운사,target_price,,22455.0
2026-07-13,011200,HMM,해운사,rev_e,2026/12,116563.0
2026-07-13,011200,HMM,해운사,op_e,2026/12,11608.0
2026-07-13,017670,SK텔레콤,무선통신서비스,target_price,,117059.0
2026-07-13,017670,SK텔레콤,무선통신서비스,rev_e,2026/12,177610.0
2026-07-13,017670,SK텔레콤,무선통신서비스,op_e,2026/12,19165.0
2026-07-13,051910,LG화학,화학,target_price,,449929.0
2026-07-13,051910,LG화학,화학,rev_e,2026/12,542857.0
2026-07-13,051910,LG화학,화학,op_e,2026/12,15532.0
2026-07-13,033780,KT&G,담배,target_price,,227143.0
2026-07-13,033780,KT&G,담배,rev_e,2026/12,69698.0
2026-07-13,033780,KT&G,담배,op_e,2026/12,15108.0
2026-07-13,196170,알테오젠,생물공학,target_price,,566667.0
2026-07-13,196170,알테오젠,생물공학,rev_e,2026/12,4674.0
2026-07-13,196170,알테오젠,생물공학,op_e,2026/12,2859.0
2026-07-13,024110,기업은행,은행,target_price,,27714.0
2026-07-13,024110,기업은행,은행,op_e,2026/12,37016.0
2026-07-13,079550,LIG디펜스앤에어로스페이스,우주항공과국방,target_price,,1160000.0
2026-07-13,079550,LIG디펜스앤에어로스페이스,우주항공과국방,rev_e,2026/12,51371.0
2026-07-13,079550,LIG디펜스앤에어로스페이스,우주항공과국방,op_e,2026/12,4501.0
2026-07-13,010950,S-Oil,석유와가스,target_price,,149176.0
2026-07-13,010950,S-Oil,석유와가스,rev_e,2026/12,417125.0
2026-07-13,010950,S-Oil,석유와가스,op_e,2026/12,35619.0
2026-07-13,011070,LG이노텍,전자장비와기기,target_price,,1219190.0
2026-07-13,011070,LG이노텍,전자장비와기기,rev_e,2026/12,245423.0
2026-07-13,011070,LG이노텍,전자장비와기기,op_e,2026/12,11680.0
2026-07-13,267250,HD현대,조선,target_price,,382000.0
2026-07-13,267250,HD현대,조선,rev_e,2026/12,807008.0
2026-07-13,267250,HD현대,조선,op_e,2026/12,90457.0
2026-07-13,035720,카카오,양방향미디어와서비스,target_price,,65235.0
2026-07-13,035720,카카오,양방향미디어와서비스,rev_e,2026/12,82450.0
2026-07-13,035720,카카오,양방향미디어와서비스,op_e,2026/12,9387.0
2026-07-13,003550,LG,복합기업,target_price,,144909.0
2026-07-13,003550,LG,복합기업,rev_e,2026/12,82094.0
2026-07-13,003550,LG,복합기업,op_e,2026/12,16183.0
2026-07-13,018260,삼성에스디에스,IT서비스,target_price,,250300.0
2026-07-13,018260,삼성에스디에스,IT서비스,rev_e,2026/12,143018.0
2026-07-13,018260,삼성에스디에스,IT서비스,op_e,2026/12,8342.0
2026-07-13,278470,에이피알,화장품,target_price,,524737.0
2026-07-13,278470,에이피알,화장품,rev_e,2026/12,28623.0
2026-07-13,278470,에이피알,화장품,op_e,2026/12,7140.0
2026-07-13,086280,현대글로비스,항공화물운송과물류,target_price,,324353.0
2026-07-13,086280,현대글로비스,항공화물운송과물류,rev_e,2026/12,320659.0
2026-07-13,086280,현대글로비스,항공화물운송과물류,op_e,2026/12,21753.0
2026-07-13,047810,한국항공우주,우주항공과국방,target_price,,221533.0
2026-07-13,047810,한국항공우주,우주항공과국방,rev_e,2026/12,56701.0
2026-07-13,047810,한국항공우주,우주항공과국방,op_e,2026/12,4680.0
2026-07-13,003670,포스코퓨처엠,화학,target_price,,255875.0
2026-07-13,003670,포스코퓨처엠,화학,rev_e,2026/12,33751.0
2026-07-13,003670,포스코퓨처엠,화학,op_e,2026/12,953.0
2026-07-13,030200,KT,다각화된통신서비스,target_price,,75111.0
2026-07-13,030200,KT,다각화된통신서비스,rev_e,2026/12,276995.0
2026-07-13,030200,KT,다각화된통신서비스,op_e,2026/12,20653.0
2026-07-13,071050,한국금융지주,증권,target_price,,346500.0
2026-07-13,071050,한국금융지주,증권,rev_e,2026/12,443840.0
2026-07-13,071050,한국금융지주,증권,op_e,2026/12,35233.0
2026-07-13,272210,한화시스템,우주항공과국방,target_price,,141583.0
2026-07-13,272210,한화시스템,우주항공과국방,rev_e,2026/12,43505.0
2026-07-13,272210,한화시스템,우주항공과국방,op_e,2026/12,2744.0
2026-07-13,307950,현대오토에버,IT서비스,target_price,,684063.0
2026-07-13,307950,현대오토에버,IT서비스,rev_e,2026/12,47613.0
2026-07-13,307950,현대오토에버,IT서비스,op_e,2026/12,2766.0
2026-07-13,247540,에코프로비엠,전기제품,target_price,,251588.0
2026-07-13,247540,에코프로비엠,전기제품,rev_e,2026/12,30484.0
2026-07-13,247540,에코프로비엠,전기제품,op_e,2026/12,1133.0
2026-07-13,000720,현대건설,건설,target_price,,213400.0
2026-07-13,000720,현대건설,건설,rev_e,2026/12,269135.0
2026-07-13,000720,현대건설,건설,op_e,2026/12,8244.0
2026-07-13,323410,카카오뱅크,은행,target_price,,30208.0
2026-07-13,323410,카카오뱅크,은행,op_e,2026/12,7101.0
2026-07-13,005940,NH투자증권,증권,target_price,,42750.0
2026-07-13,005940,NH투자증권,증권,rev_e,2026/12,238824.0
2026-07-13,005940,NH투자증권,증권,op_e,2026/12,21770.0
2026-07-13,259960,크래프톤,게임엔터테인먼트,target_price,,379444.0
2026-07-13,259960,크래프톤,게임엔터테인먼트,rev_e,2026/12,48472.0
2026-07-13,259960,크래프톤,게임엔터테인먼트,op_e,2026/12,14813.0
2026-07-13,005830,DB손해보험,손해보험,target_price,,218176.0
2026-07-13,005830,DB손해보험,손해보험,op_e,2026/12,20748.0
2026-07-13,016360,삼성증권,증권,target_price,,165611.0
2026-07-13,016360,삼성증권,증권,rev_e,2026/12,211630.0
2026-07-13,016360,삼성증권,증권,op_e,2026/12,22640.0
2026-07-13,003490,대한항공,항공사,target_price,,34615.0
2026-07-13,003490,대한항공,항공사,rev_e,2026/12,274182.0
2026-07-13,003490,대한항공,항공사,op_e,2026/12,8666.0
2026-07-13,006260,LS,전기장비,target_price,,621200.0
2026-07-13,006260,LS,전기장비,rev_e,2026/12,392372.0
2026-07-13,006260,LS,전기장비,op_e,2026/12,16669.0
2026-07-13,352820,하이브,방송과엔터테인먼트,target_price,,369500.0
2026-07-13,352820,하이브,방송과엔터테인먼트,rev_e,2026/12,44053.0
2026-07-13,352820,하이브,방송과엔터테인먼트,op_e,2026/12,2659.0
2026-07-13,047050,포스코인터내셔널,무역회사와판매업체,target_price,,101462.0
2026-07-13,047050,포스코인터내셔널,무역회사와판매업체,rev_e,2026/12,337217.0
2026-07-13,047050,포스코인터내셔널,무역회사와판매업체,op_e,2026/12,13941.0
2026-07-13,443060,HD현대마린솔루션,조선,target_price,,327000.0
2026-07-13,443060,HD현대마린솔루션,조선,rev_e,2026/12,24041.0
2026-07-13,443060,HD현대마린솔루션,조선,op_e,2026/12,4346.0
2026-07-13,161390,한국타이어앤테크놀로지,자동차부품,target_price,,85733.0
2026-07-13,161390,한국타이어앤테크놀로지,자동차부품,rev_e,2026/12,224556.0
2026-07-13,161390,한국타이어앤테크놀로지,자동차부품,op_e,2026/12,21431.0
2026-07-13,039490,키움증권,증권,target_price,,548118.0
2026-07-13,039490,키움증권,증권,rev_e,2026/12,255671.0
2026-07-13,039490,키움증권,증권,op_e,2026/12,21922.0
2026-07-13,036930,주성엔지니어링,반도체와반도체장비,target_price,,189500.0
2026-07-13,036930,주성엔지니어링,반도체와반도체장비,rev_e,2026/12,3514.0
2026-07-13,036930,주성엔지니어링,반도체와반도체장비,op_e,2026/12,602.0
2026-07-13,003230,삼양식품,식품,target_price,,1870714.0
2026-07-13,003230,삼양식품,식품,rev_e,2026/12,30626.0
2026-07-13,003230,삼양식품,식품,op_e,2026/12,7298.0
2026-07-13,028050,삼성E&A,건설,target_price,,67816.0
2026-07-13,028050,삼성E&A,건설,rev_e,2026/12,101875.0
2026-07-13,028050,삼성E&A,건설,op_e,2026/12,8840.0
2026-07-13,277810,레인보우로보틱스,기계,target_price,,915000.0
2026-07-13,277810,레인보우로보틱스,기계,rev_e,2026/12,600.0
2026-07-13,277810,레인보우로보틱스,기계,op_e,2026/12,40.0
2026-07-13,078930,GS,석유와가스,target_price,,98000.0
2026-07-13,078930,GS,석유와가스,rev_e,2026/12,276022.0
2026-07-13,078930,GS,석유와가스,op_e,2026/12,41970.0
2026-07-13,007660,이수페타시스,반도체와반도체장비,target_price,,179615.0
2026-07-13,007660,이수페타시스,반도체와반도체장비,rev_e,2026/12,15446.0
2026-07-13,007660,이수페타시스,반도체와반도체장비,op_e,2026/12,3259.0
2026-07-13,090430,아모레퍼시픽,화장품,target_price,,167667.0
2026-07-13,090430,아모레퍼시픽,화장품,rev_e,2026/12,46029.0
2026-07-13,090430,아모레퍼시픽,화장품,op_e,2026/12,4638.0
2026-07-13,064400,LG씨엔에스,IT서비스,target_price,,100700.0
2026-07-13,064400,LG씨엔에스,IT서비스,rev_e,2026/12,66178.0
2026-07-13,064400,LG씨엔에스,IT서비스,op_e,2026/12,6163.0
2026-07-13,047040,대우건설,건설,target_price,,32889.0
2026-07-13,047040,대우건설,건설,rev_e,2026/12,80967.0
2026-07-13,047040,대우건설,건설,op_e,2026/12,7131.0
2026-07-13,950160,코오롱티슈진,생물공학,target_price,,280000.0
2026-07-13,950160,코오롱티슈진,생물공학,rev_e,2026/12,60.0
2026-07-13,950160,코오롱티슈진,생물공학,op_e,2026/12,-290.0
2026-07-13,000880,한화,복합기업,target_price,,173700.0
2026-07-13,000880,한화,복합기업,rev_e,2026/12,849471.0
2026-07-13,000880,한화,복합기업,op_e,2026/12,56369.0
2026-07-13,021240,코웨이,가정용기기와용품,target_price,,125000.0
2026-07-13,021240,코웨이,가정용기기와용품,rev_e,2026/12,56212.0
2026-07-13,021240,코웨이,가정용기기와용품,op_e,2026/12,10136.0
2026-07-13,326030,SK바이오팜,제약,target_price,,147273.0
2026-07-13,326030,SK바이오팜,제약,rev_e,2026/12,9588.0
2026-07-13,326030,SK바이오팜,제약,op_e,2026/12,3377.0
2026-07-13,032640,LG유플러스,무선통신서비스,target_price,,19941.0
2026-07-13,032640,LG유플러스,무선통신서비스,rev_e,2026/12,156615.0
2026-07-13,032640,LG유플러스,무선통신서비스,op_e,2026/12,11111.0
2026-07-13,240810,원익IPS,반도체와반도체장비,target_price,,174200.0
2026-07-13,240810,원익IPS,반도체와반도체장비,rev_e,2026/12,13097.0
2026-07-13,240810,원익IPS,반도체와반도체장비,op_e,2026/12,1872.0
2026-07-13,267270,HD건설기계,기계,target_price,,216167.0
2026-07-13,267270,HD건설기계,기계,rev_e,2026/12,91940.0
2026-07-13,267270,HD건설기계,기계,op_e,2026/12,6959.0
2026-07-13,241560,두산밥캣,기계,target_price,,91071.0
2026-07-13,241560,두산밥캣,기계,rev_e,2026/12,93435.0
2026-07-13,241560,두산밥캣,기계,op_e,2026/12,7591.0
2026-07-13,138930,BNK금융지주,은행,target_price,,24400.0
2026-07-13,138930,BNK금융지주,은행,op_e,2026/12,11091.0
2026-07-13,353200,대덕전자,전자장비와기기,target_price,,203214.0
2026-07-13,353200,대덕전자,전자장비와기기,rev_e,2026/12,15254.0
2026-07-13,353200,대덕전자,전자장비와기기,op_e,2026/12,2502.0
2026-07-13,004170,신세계,백화점과일반상점,target_price,,805556.0
2026-07-13,004170,신세계,백화점과일반상점,rev_e,2026/12,72957.0
2026-07-13,004170,신세계,백화점과일반상점,op_e,2026/12,7610.0
2026-07-13,001440,대한전선,전기장비,target_price,,57200.0
2026-07-13,001440,대한전선,전기장비,rev_e,2026/12,42877.0
2026-07-13,001440,대한전선,전기장비,op_e,2026/12,1964.0
2026-07-13,029780,삼성카드,카드,target_price,,61500.0
2026-07-13,029780,삼성카드,카드,rev_e,2026/12,46257.0
2026-07-13,029780,삼성카드,카드,op_e,2026/12,8470.0
2026-07-13,058470,리노공업,반도체와반도체장비,target_price,,136167.0
2026-07-13,058470,리노공업,반도체와반도체장비,rev_e,2026/12,4520.0
2026-07-13,058470,리노공업,반도체와반도체장비,op_e,2026/12,2191.0
2026-07-13,009830,한화솔루션,에너지장비및서비스,target_price,,53770.0
2026-07-13,009830,한화솔루션,에너지장비및서비스,rev_e,2026/12,182146.0
2026-07-13,009830,한화솔루션,에너지장비및서비스,op_e,2026/12,7642.0
2026-07-13,000100,유한양행,제약,target_price,,129615.0
2026-07-13,000100,유한양행,제약,rev_e,2026/12,23445.0
2026-07-13,000100,유한양행,제약,op_e,2026/12,1322.0
2026-07-13,377300,카카오페이,IT서비스,target_price,,91250.0
2026-07-13,377300,카카오페이,IT서비스,rev_e,2026/12,12960.0
2026-07-13,377300,카카오페이,IT서비스,op_e,2026/12,1388.0
2026-07-13,319660,피에스케이,반도체와반도체장비,target_price,,179143.0
2026-07-13,319660,피에스케이,반도체와반도체장비,rev_e,2026/12,6742.0
2026-07-13,319660,피에스케이,반도체와반도체장비,op_e,2026/12,1797.0
2026-07-13,271560,오리온,식품,target_price,,180417.0
2026-07-13,271560,오리온,식품,rev_e,2026/12,37470.0
2026-07-13,271560,오리온,식품,op_e,2026/12,6508.0
2026-07-13,175330,JB금융지주,은행,target_price,,37588.0
2026-07-13,175330,JB금융지주,은행,op_e,2026/12,10077.0
2026-07-13,062040,산일전기,전기장비,target_price,,344571.0
2026-07-13,062040,산일전기,전기장비,rev_e,2026/12,6712.0
2026-07-13,062040,산일전기,전기장비,op_e,2026/12,2488.0
2026-07-13,036570,NC,게임엔터테인먼트,target_price,,370789.0
2026-07-13,036570,NC,게임엔터테인먼트,rev_e,2026/12,26502.0
2026-07-13,036570,NC,게임엔터테인먼트,op_e,2026/12,5027.0
2026-07-13,034220,LG디스플레이,디스플레이패널,target_price,,17813.0
2026-07-13,034220,LG디스플레이,디스플레이패널,rev_e,2026/12,251834.0
2026-07-13,034220,LG디스플레이,디스플레이패널,op_e,2026/12,11083.0
2026-07-13,128940,한미약품,제약,target_price,,668750.0
2026-07-13,128940,한미약품,제약,rev_e,2026/12,16762.0
2026-07-13,128940,한미약품,제약,op_e,2026/12,2961.0
2026-07-13,000990,DB하이텍,반도체와반도체장비,target_price,,196000.0
2026-07-13,000990,DB하이텍,반도체와반도체장비,rev_e,2026/12,16114.0
2026-07-13,000990,DB하이텍,반도체와반도체장비,op_e,2026/12,3668.0
2026-07-13,454910,두산로보틱스,기계,target_price,,145000.0
2026-07-13,454910,두산로보틱스,기계,rev_e,2026/12,590.0
2026-07-13,454910,두산로보틱스,기계,op_e,2026/12,130.0
2026-07-13,039030,이오테크닉스,반도체와반도체장비,target_price,,583333.0
2026-07-13,039030,이오테크닉스,반도체와반도체장비,rev_e,2026/12,5080.0
2026-07-13,039030,이오테크닉스,반도체와반도체장비,op_e,2026/12,1402.0
2026-07-13,298380,에이비엘바이오,생물공학,target_price,,220000.0
2026-07-13,298380,에이비엘바이오,생물공학,rev_e,2026/12,492.0
2026-07-13,298380,에이비엘바이오,생물공학,op_e,2026/12,-618.0
2026-07-13,023530,롯데쇼핑,백화점과일반상점,target_price,,220000.0
2026-07-13,023530,롯데쇼핑,백화점과일반상점,rev_e,2026/12,142687.0
2026-07-13,023530,롯데쇼핑,백화점과일반상점,op_e,2026/12,8035.0
2026-07-13,011790,SKC,화학,target_price,,130000.0
2026-07-13,011790,SKC,화학,rev_e,2026/12,22216.0
2026-07-13,011790,SKC,화학,op_e,2026/12,-604.0
2026-07-13,141080,리가켐바이오,제약,target_price,,224000.0
2026-07-13,141080,리가켐바이오,제약,rev_e,2026/12,1947.0
2026-07-13,141080,리가켐바이오,제약,op_e,2026/12,-826.0
2026-07-13,001040,CJ,복합기업,target_price,,251222.0
2026-07-13,001040,CJ,복합기업,rev_e,2026/12,471226.0
2026-07-13,001040,CJ,복합기업,op_e,2026/12,27187.0
2026-07-13,066970,엘앤에프,전기제품,target_price,,252500.0
2026-07-13,066970,엘앤에프,전기제품,rev_e,2026/12,34486.0
2026-07-13,066970,엘앤에프,전기제품,op_e,2026/12,2518.0
2026-07-13,000500,가온전선,전기장비,rev_e,2026/12,29455.0
2026-07-13,000500,가온전선,전기장비,op_e,2026/12,1060.0
2026-07-13,222800,심텍,전자장비와기기,target_price,,160556.0
2026-07-13,222800,심텍,전자장비와기기,rev_e,2026/12,19109.0
2026-07-13,222800,심텍,전자장비와기기,op_e,2026/12,1811.0
2026-07-13,082740,한화엔진,조선,target_price,,100125.0
2026-07-13,082740,한화엔진,조선,rev_e,2026/12,15575.0
2026-07-13,082740,한화엔진,조선,op_e,2026/12,2408.0
2026-07-13,010060,OCI홀딩스,화학,target_price,,395000.0
2026-07-13,010060,OCI홀딩스,화학,rev_e,2026/12,41880.0
2026-07-13,010060,OCI홀딩스,화학,op_e,2026/12,3751.0
2026-07-13,088350,한화생명,생명보험,target_price,,6267.0
2026-07-13,088350,한화생명,생명보험,op_e,2026/12,13570.0
2026-07-13,111770,영원무역,"섬유,의류,신발,호화품",target_price,,120556.0
2026-07-13,111770,영원무역,"섬유,의류,신발,호화품",rev_e,2026/12,44559.0
2026-07-13,111770,영원무역,"섬유,의류,신발,호화품",op_e,2026/12,6361.0
2026-07-13,052690,한전기술,전기유틸리티,target_price,,203818.0
2026-07-13,052690,한전기술,전기유틸리티,rev_e,2026/12,5938.0
2026-07-13,052690,한전기술,전기유틸리티,op_e,2026/12,738.0
2026-07-13,002380,KCC,건축자재,target_price,,752750.0
2026-07-13,002380,KCC,건축자재,rev_e,2026/12,67500.0
2026-07-13,002380,KCC,건축자재,op_e,2026/12,4153.0
2026-07-13,051900,LG생활건강,화장품,target_price,,268000.0
2026-07-13,051900,LG생활건강,화장품,rev_e,2026/12,62692.0
2026-07-13,051900,LG생활건강,화장품,op_e,2026/12,3422.0
2026-07-13,095610,테스,반도체와반도체장비,target_price,,177143.0
2026-07-13,095610,테스,반도체와반도체장비,rev_e,2026/12,4562.0
2026-07-13,095610,테스,반도체와반도체장비,op_e,2026/12,1004.0
2026-07-13,004020,현대제철,철강,target_price,,51167.0
2026-07-13,004020,현대제철,철강,rev_e,2026/12,239047.0
2026-07-13,004020,현대제철,철강,op_e,2026/12,4371.0
2026-07-13,440110,파두,반도체와반도체장비,target_price,,130000.0
2026-07-13,440110,파두,반도체와반도체장비,rev_e,2026/12,3015.0
2026-07-13,440110,파두,반도체와반도체장비,op_e,2026/12,448.0
2026-07-13,018880,한온시스템,자동차부품,target_price,,5097.0
2026-07-13,018880,한온시스템,자동차부품,rev_e,2026/12,113876.0
2026-07-13,018880,한온시스템,자동차부품,op_e,2026/12,4279.0
2026-07-13,347850,디앤디파마텍,생물공학,rev_e,2026/12,120.0
2026-07-13,347850,디앤디파마텍,생물공학,op_e,2026/12,-260.0
2026-07-13,084370,유진테크,반도체와반도체장비,target_price,,156667.0
2026-07-13,084370,유진테크,반도체와반도체장비,rev_e,2026/12,4910.0
2026-07-13,084370,유진테크,반도체와반도체장비,op_e,2026/12,1027.0
2026-07-13,403870,HPSP,반도체와반도체장비,target_price,,68000.0
2026-07-13,403870,HPSP,반도체와반도체장비,rev_e,2026/12,2408.0
2026-07-13,403870,HPSP,반도체와반도체장비,op_e,2026/12,1283.0
2026-07-13,214450,파마리서치,건강관리장비와용품,target_price,,481429.0
2026-07-13,214450,파마리서치,건강관리장비와용품,rev_e,2026/12,6633.0
2026-07-13,214450,파마리서치,건강관리장비와용품,op_e,2026/12,2662.0
2026-07-13,069960,현대백화점,백화점과일반상점,target_price,,219000.0
2026-07-13,069960,현대백화점,백화점과일반상점,rev_e,2026/12,42740.0
2026-07-13,069960,현대백화점,백화점과일반상점,op_e,2026/12,4359.0
2026-07-13,001450,현대해상,손해보험,target_price,,41824.0
2026-07-13,095340,ISC,반도체와반도체장비,target_price,,292500.0
2026-07-13,095340,ISC,반도체와반도체장비,rev_e,2026/12,3110.0
2026-07-13,095340,ISC,반도체와반도체장비,op_e,2026/12,1025.0
2026-07-13,035250,강원랜드,"호텔,레스토랑,레저",target_price,,21333.0
2026-07-13,035250,강원랜드,"호텔,레스토랑,레저",rev_e,2026/12,14823.0
2026-07-13,035250,강원랜드,"호텔,레스토랑,레저",op_e,2026/12,2213.0
2026-07-13,251270,넷마블,게임엔터테인먼트,target_price,,65000.0
2026-07-13,251270,넷마블,게임엔터테인먼트,rev_e,2026/12,28957.0
2026-07-13,251270,넷마블,게임엔터테인먼트,op_e,2026/12,3714.0
2026-07-13,214150,클래시스,건강관리장비와용품,target_price,,77688.0
2026-07-13,214150,클래시스,건강관리장비와용품,rev_e,2026/12,4675.0
2026-07-13,214150,클래시스,건강관리장비와용품,op_e,2026/12,2191.0
2026-07-13,383220,F&F,"섬유,의류,신발,호화품",target_price,,98800.0
2026-07-13,383220,F&F,"섬유,의류,신발,호화품",rev_e,2026/12,20802.0
2026-07-13,383220,F&F,"섬유,의류,신발,호화품",op_e,2026/12,5294.0
2026-07-13,031980,피에스케이홀딩스,반도체와반도체장비,target_price,,191600.0
2026-07-13,031980,피에스케이홀딩스,반도체와반도체장비,rev_e,2026/12,2694.0
2026-07-13,031980,피에스케이홀딩스,반도체와반도체장비,op_e,2026/12,1053.0
2026-07-13,108490,로보티즈,기계,target_price,,398000.0
2026-07-13,108490,로보티즈,기계,rev_e,2026/12,646.0
2026-07-13,108490,로보티즈,기계,op_e,2026/12,24.0
2026-07-13,036460,한국가스공사,가스유틸리티,target_price,,48750.0
2026-07-13,036460,한국가스공사,가스유틸리티,rev_e,2026/12,365537.0
2026-07-13,036460,한국가스공사,가스유틸리티,op_e,2026/12,22650.0
2026-07-13,145020,휴젤,생물공학,target_price,,378462.0
2026-07-13,145020,휴젤,생물공학,rev_e,2026/12,5251.0
2026-07-13,145020,휴젤,생물공학,op_e,2026/12,2170.0
2026-07-13,011780,금호석유화학,화학,target_price,,176750.0
2026-07-13,011780,금호석유화학,화학,rev_e,2026/12,74050.0
2026-07-13,011780,금호석유화학,화학,op_e,2026/12,3905.0
2026-07-13,031210,서울보증보험,손해보험,target_price,,56000.0
2026-07-13,336260,두산퓨얼셀,에너지장비및서비스,target_price,,79333.0
2026-07-13,336260,두산퓨얼셀,에너지장비및서비스,rev_e,2026/12,5772.0
2026-07-13,336260,두산퓨얼셀,에너지장비및서비스,op_e,2026/12,-249.0
2026-07-13,139130,iM금융지주,은행,target_price,,23980.0
2026-07-13,139130,iM금융지주,은행,op_e,2026/12,6607.0
2026-07-13,103590,일진전기,전기장비,target_price,,122667.0
2026-07-13,103590,일진전기,전기장비,rev_e,2026/12,22704.0
2026-07-13,103590,일진전기,전기장비,op_e,2026/12,2087.0
2026-07-13,097950,CJ제일제당,식품,target_price,,298462.0
2026-07-13,097950,CJ제일제당,식품,rev_e,2026/12,285812.0
2026-07-13,097950,CJ제일제당,식품,op_e,2026/12,12855.0
2026-07-13,009420,한올바이오파마,제약,target_price,,82250.0
2026-07-13,009420,한올바이오파마,제약,rev_e,2026/12,1697.0
2026-07-13,009420,한올바이오파마,제약,op_e,2026/12,17.0
2026-07-13,014680,한솔케미칼,화학,target_price,,399000.0
2026-07-13,014680,한솔케미칼,화학,rev_e,2026/12,9976.0
2026-07-13,014680,한솔케미칼,화학,op_e,2026/12,1880.0
2026-07-13,302440,SK바이오사이언스,제약,target_price,,49000.0
2026-07-13,302440,SK바이오사이언스,제약,rev_e,2026/12,7392.0
2026-07-13,302440,SK바이오사이언스,제약,op_e,2026/12,-1295.0
2026-07-13,028670,팬오션,해운사,target_price,,7669.0
2026-07-13,028670,팬오션,해운사,rev_e,2026/12,60923.0
2026-07-13,028670,팬오션,해운사,op_e,2026/12,5855.0
2026-07-13,131290,티에스이,반도체와반도체장비,target_price,,336667.0
2026-07-13,131290,티에스이,반도체와반도체장비,rev_e,2026/12,6172.0
2026-07-13,131290,티에스이,반도체와반도체장비,op_e,2026/12,1681.0
2026-07-13,310210,보로노이,제약,target_price,,450000.0
2026-07-13,310210,보로노이,제약,rev_e,2026/12,340.0
2026-07-13,310210,보로노이,제약,op_e,2026/12,-440.0
2026-07-13,161890,한국콜마,화장품,target_price,,129105.0
2026-07-13,161890,한국콜마,화장품,rev_e,2026/12,30672.0
2026-07-13,161890,한국콜마,화장품,op_e,2026/12,3148.0
2026-07-13,012750,에스원,상업서비스와공급품,target_price,,94000.0
2026-07-13,012750,에스원,상업서비스와공급품,rev_e,2026/12,29680.0
2026-07-13,012750,에스원,상업서비스와공급품,op_e,2026/12,1961.0
2026-07-13,237690,에스티팜,제약,target_price,,204071.0
2026-07-13,237690,에스티팜,제약,rev_e,2026/12,4169.0
2026-07-13,237690,에스티팜,제약,op_e,2026/12,776.0
2026-07-13,011170,롯데케미칼,화학,target_price,,124692.0
2026-07-13,011170,롯데케미칼,화학,rev_e,2026/12,216789.0
2026-07-13,011170,롯데케미칼,화학,op_e,2026/12,1671.0
2026-07-13,064760,티씨케이,반도체와반도체장비,target_price,,385000.0
2026-07-13,064760,티씨케이,반도체와반도체장비,rev_e,2026/12,3952.0
2026-07-13,064760,티씨케이,반도체와반도체장비,op_e,2026/12,1249.0
2026-07-13,067310,하나마이크론,반도체와반도체장비,target_price,,58750.0
2026-07-13,067310,하나마이크론,반도체와반도체장비,rev_e,2026/12,22475.0
2026-07-13,067310,하나마이크론,반도체와반도체장비,op_e,2026/12,3155.0
2026-07-13,006360,GS건설,건설,target_price,,46265.0
2026-07-13,006360,GS건설,건설,rev_e,2026/12,111215.0
2026-07-13,006360,GS건설,건설,op_e,2026/12,4689.0
2026-07-13,005850,에스엘,자동차부품,target_price,,92000.0
2026-07-13,005850,에스엘,자동차부품,rev_e,2026/12,57293.0
2026-07-13,005850,에스엘,자동차부품,op_e,2026/12,4617.0
2026-07-13,257720,실리콘투,인터넷과카탈로그소매,target_price,,55571.0
2026-07-13,257720,실리콘투,인터넷과카탈로그소매,rev_e,2026/12,15497.0
2026-07-13,257720,실리콘투,인터넷과카탈로그소매,op_e,2026/12,2732.0
2026-07-13,178320,서진시스템,전기장비,target_price,,78000.0
2026-07-13,178320,서진시스템,전기장비,rev_e,2026/12,18040.0
2026-07-13,178320,서진시스템,전기장비,op_e,2026/12,1826.0
2026-07-13,483650,달바글로벌,화장품,target_price,,299615.0
2026-07-13,483650,달바글로벌,화장품,rev_e,2026/12,7477.0
2026-07-13,483650,달바글로벌,화장품,op_e,2026/12,1606.0
2026-07-13,003690,코리안리,손해보험,target_price,,16333.0
2026-07-13,004800,효성,복합기업,target_price,,335000.0
2026-07-13,004800,효성,복합기업,rev_e,2026/12,24720.0
2026-07-13,004800,효성,복합기업,op_e,2026/12,4620.0
2026-07-13,357780,솔브레인,반도체와반도체장비,target_price,,549250.0
2026-07-13,357780,솔브레인,반도체와반도체장비,rev_e,2026/12,10934.0
2026-07-13,357780,솔브레인,반도체와반도체장비,op_e,2026/12,1924.0
2026-07-13,081660,미스토홀딩스,"섬유,의류,신발,호화품",target_price,,59111.0
2026-07-13,081660,미스토홀딩스,"섬유,의류,신발,호화품",rev_e,2026/12,47092.0
2026-07-13,081660,미스토홀딩스,"섬유,의류,신발,호화품",op_e,2026/12,5637.0
2026-07-13,089970,브이엠,반도체와반도체장비,target_price,,113500.0
2026-07-13,089970,브이엠,반도체와반도체장비,rev_e,2026/12,3218.0
2026-07-13,089970,브이엠,반도체와반도체장비,op_e,2026/12,965.0
2026-07-13,319400,현대무벡스,기계,rev_e,2026/12,4640.0
2026-07-13,319400,현대무벡스,기계,op_e,2026/12,210.0
2026-07-13,000240,한국앤컴퍼니,자동차부품,target_price,,33000.0
2026-07-13,000240,한국앤컴퍼니,자동차부품,rev_e,2026/12,15981.0
2026-07-13,000240,한국앤컴퍼니,자동차부품,op_e,2026/12,4574.0
2026-07-13,375500,DL이앤씨,건설,target_price,,115412.0
2026-07-13,375500,DL이앤씨,건설,rev_e,2026/12,69620.0
2026-07-13,375500,DL이앤씨,건설,op_e,2026/12,5130.0
2026-07-13,004990,롯데지주,복합기업,target_price,,36500.0
2026-07-13,004990,롯데지주,복합기업,rev_e,2026/12,158390.0
2026-07-13,004990,롯데지주,복합기업,op_e,2026/12,3797.0
2026-07-13,279570,케이뱅크,은행,target_price,,9000.0
2026-07-13,279570,케이뱅크,은행,op_e,2026/12,1404.0
2026-07-13,139480,이마트,백화점과일반상점,target_price,,121000.0
2026-07-13,139480,이마트,백화점과일반상점,rev_e,2026/12,293097.0
2026-07-13,139480,이마트,백화점과일반상점,op_e,2026/12,5488.0
2026-07-13,085620,미래에셋생명,생명보험,target_price,,14000.0
2026-07-13,204320,HL만도,자동차부품,target_price,,76889.0
2026-07-13,204320,HL만도,자동차부품,rev_e,2026/12,97540.0
2026-07-13,204320,HL만도,자동차부품,op_e,2026/12,4028.0
2026-07-13,007070,GS리테일,백화점과일반상점,target_price,,31538.0
2026-07-13,007070,GS리테일,백화점과일반상점,rev_e,2026/12,124165.0
2026-07-13,007070,GS리테일,백화점과일반상점,op_e,2026/12,3471.0
2026-07-13,007340,DN오토모티브,자동차부품,target_price,,55000.0
2026-07-13,007340,DN오토모티브,자동차부품,rev_e,2026/12,44186.0
2026-07-13,007340,DN오토모티브,자동차부품,op_e,2026/12,5720.0
2026-07-13,282330,BGF리테일,백화점과일반상점,target_price,,173267.0
2026-07-13,282330,BGF리테일,백화점과일반상점,rev_e,2026/12,94867.0
2026-07-13,282330,BGF리테일,백화점과일반상점,op_e,2026/12,2941.0
2026-07-13,263750,펄어비스,게임엔터테인먼트,target_price,,70778.0
2026-07-13,263750,펄어비스,게임엔터테인먼트,rev_e,2026/12,9164.0
2026-07-13,263750,펄어비스,게임엔터테인먼트,op_e,2026/12,4771.0
2026-07-13,489790,한화비전,통신장비,target_price,,109333.0
2026-07-13,489790,한화비전,통신장비,rev_e,2026/12,17909.0
2026-07-13,489790,한화비전,통신장비,op_e,2026/12,1623.0
2026-07-13,004370,농심,식품,target_price,,539091.0
2026-07-13,004370,농심,식품,rev_e,2026/12,37108.0
2026-07-13,004370,농심,식품,op_e,2026/12,2134.0
2026-07-13,030000,제일기획,광고,target_price,,25400.0
2026-07-13,030000,제일기획,광고,rev_e,2026/12,46981.0
2026-07-13,030000,제일기획,광고,op_e,2026/12,3340.0
2026-07-13,005440,현대지에프홀딩스,복합기업,target_price,,19750.0
2026-07-13,005440,현대지에프홀딩스,복합기업,rev_e,2026/12,83018.0
2026-07-13,005440,현대지에프홀딩스,복합기업,op_e,2026/12,3582.0
2026-07-13,192820,코스맥스,화장품,target_price,,246833.0
2026-07-13,192820,코스맥스,화장품,rev_e,2026/12,27642.0
2026-07-13,192820,코스맥스,화장품,op_e,2026/12,2328.0
2026-07-13,073240,금호타이어,자동차부품,target_price,,8222.0
2026-07-13,073240,금호타이어,자동차부품,rev_e,2026/12,50699.0
2026-07-13,073240,금호타이어,자동차부품,op_e,2026/12,5764.0
2026-07-13,420770,기가비스,반도체와반도체장비,target_price,,185000.0
2026-07-13,420770,기가비스,반도체와반도체장비,rev_e,2026/12,906.0
2026-07-13,420770,기가비스,반도체와반도체장비,op_e,2026/12,262.0
2026-07-13,018670,SK가스,가스유틸리티,target_price,,367000.0
2026-07-13,018670,SK가스,가스유틸리티,rev_e,2026/12,101795.0
2026-07-13,018670,SK가스,가스유틸리티,op_e,2026/12,6456.0
2026-07-13,071970,HD현대마린엔진,조선,target_price,,130167.0
2026-07-13,071970,HD현대마린엔진,조선,rev_e,2026/12,6096.0
2026-07-13,071970,HD현대마린엔진,조선,op_e,2026/12,1522.0
2026-07-13,462870,시프트업,게임엔터테인먼트,target_price,,45455.0
2026-07-13,462870,시프트업,게임엔터테인먼트,rev_e,2026/12,2085.0
2026-07-13,462870,시프트업,게임엔터테인먼트,op_e,2026/12,1080.0
2026-07-13,051600,한전KPS,전기유틸리티,target_price,,69818.0
2026-07-13,051600,한전KPS,전기유틸리티,rev_e,2026/12,16421.0
2026-07-13,051600,한전KPS,전기유틸리티,op_e,2026/12,1900.0
2026-07-13,008770,호텔신라,백화점과일반상점,target_price,,75538.0
2026-07-13,008770,호텔신라,백화점과일반상점,rev_e,2026/12,40713.0
2026-07-13,008770,호텔신라,백화점과일반상점,op_e,2026/12,1805.0
2026-07-13,290650,엘앤씨바이오,건강관리장비와용품,rev_e,2026/12,1604.0
2026-07-13,290650,엘앤씨바이오,건강관리장비와용품,op_e,2026/12,363.0
2026-07-13,457190,이수스페셜티케미컬,화학,rev_e,2026/12,4360.0
2026-07-13,457190,이수스페셜티케미컬,화학,op_e,2026/12,-9.0
2026-07-13,131970,두산테스나,반도체와반도체장비,target_price,,190857.0
2026-07-13,131970,두산테스나,반도체와반도체장비,rev_e,2026/12,3493.0
2026-07-13,131970,두산테스나,반도체와반도체장비,op_e,2026/12,484.0
2026-07-13,281820,케이씨텍,반도체와반도체장비,target_price,,127000.0
2026-07-13,281820,케이씨텍,반도체와반도체장비,rev_e,2026/12,6528.0
2026-07-13,281820,케이씨텍,반도체와반도체장비,op_e,2026/12,1462.0
2026-07-13,140860,파크시스템스,전자장비와기기,target_price,,364143.0
2026-07-13,140860,파크시스템스,전자장비와기기,rev_e,2026/12,2425.0
2026-07-13,140860,파크시스템스,전자장비와기기,op_e,2026/12,563.0
2026-07-13,020150,롯데에너지머티리얼즈,전자장비와기기,target_price,,80258.0
2026-07-13,020150,롯데에너지머티리얼즈,전자장비와기기,rev_e,2026/12,8833.0
2026-07-13,020150,롯데에너지머티리얼즈,전자장비와기기,op_e,2026/12,-376.0
2026-07-13,439260,대한조선,조선,target_price,,122000.0
2026-07-13,439260,대한조선,조선,rev_e,2026/12,13138.0
2026-07-13,439260,대한조선,조선,op_e,2026/12,3671.0
2026-07-13,035900,JYP Ent.,방송과엔터테인먼트,target_price,,88588.0
2026-07-13,035900,JYP Ent.,방송과엔터테인먼트,rev_e,2026/12,8852.0
2026-07-13,035900,JYP Ent.,방송과엔터테인먼트,op_e,2026/12,1750.0
2026-07-13,098460,고영,전자장비와기기,target_price,,48417.0
2026-07-13,098460,고영,전자장비와기기,rev_e,2026/12,3038.0
2026-07-13,098460,고영,전자장비와기기,op_e,2026/12,431.0
2026-07-13,103140,풍산,비철금속,target_price,,133218.0
2026-07-13,103140,풍산,비철금속,rev_e,2026/12,61466.0
2026-07-13,103140,풍산,비철금속,op_e,2026/12,3618.0
2026-07-13,112610,씨에스윈드,에너지장비및서비스,target_price,,77889.0
2026-07-13,112610,씨에스윈드,에너지장비및서비스,rev_e,2026/12,28940.0
2026-07-13,112610,씨에스윈드,에너지장비및서비스,op_e,2026/12,3032.0
2026-07-13,041510,에스엠,방송과엔터테인먼트,target_price,,128333.0
2026-07-13,041510,에스엠,방송과엔터테인먼트,rev_e,2026/12,12878.0
2026-07-13,041510,에스엠,방송과엔터테인먼트,op_e,2026/12,2007.0
2026-07-13,000120,CJ대한통운,항공화물운송과물류,target_price,,134417.0
2026-07-13,000120,CJ대한통운,항공화물운송과물류,rev_e,2026/12,129381.0
2026-07-13,000120,CJ대한통운,항공화물운송과물류,op_e,2026/12,5163.0
2026-07-13,007810,코리아써키트,전자장비와기기,target_price,,156667.0
2026-07-13,007810,코리아써키트,전자장비와기기,rev_e,2026/12,18086.0
2026-07-13,007810,코리아써키트,전자장비와기기,op_e,2026/12,1467.0
2026-07-13,475150,SK이터닉스,에너지장비및서비스,target_price,,54333.0
2026-07-13,475150,SK이터닉스,에너지장비및서비스,rev_e,2026/12,3856.0
2026-07-13,475150,SK이터닉스,에너지장비및서비스,op_e,2026/12,530.0
2026-07-13,183300,코미코,반도체와반도체장비,target_price,,170932.0
2026-07-13,183300,코미코,반도체와반도체장비,rev_e,2026/12,7194.0
2026-07-13,183300,코미코,반도체와반도체장비,op_e,2026/12,1289.0
2026-07-13,001740,SK네트웍스,복합기업,target_price,,9350.0
2026-07-13,001740,SK네트웍스,복합기업,rev_e,2026/12,69921.0
2026-07-13,001740,SK네트웍스,복합기업,op_e,2026/12,1240.0
2026-07-13,011210,현대위아,자동차부품,target_price,,97778.0
2026-07-13,011210,현대위아,자동차부품,rev_e,2026/12,88669.0
2026-07-13,011210,현대위아,자동차부품,op_e,2026/12,2314.0
2026-07-13,089030,테크윙,반도체와반도체장비,rev_e,2026/12,3718.0
2026-07-13,089030,테크윙,반도체와반도체장비,op_e,2026/12,985.0
2026-07-13,001800,오리온홀딩스,식품,rev_e,2026/12,37706.0
2026-07-13,001800,오리온홀딩스,식품,op_e,2026/12,6028.0
2026-07-13,120110,코오롱인더,화학,target_price,,113000.0
2026-07-13,120110,코오롱인더,화학,rev_e,2026/12,52526.0
2026-07-13,120110,코오롱인더,화학,op_e,2026/12,2243.0
2026-07-13,069620,대웅제약,제약,target_price,,204444.0
2026-07-13,069620,대웅제약,제약,rev_e,2026/12,16533.0
2026-07-13,069620,대웅제약,제약,op_e,2026/12,2065.0
2026-07-13,058610,에스피지,전기제품,target_price,,160000.0
2026-07-13,058610,에스피지,전기제품,rev_e,2026/12,3690.0
2026-07-13,058610,에스피지,전기제품,op_e,2026/12,238.0
2026-07-13,006040,동원산업,식품,target_price,,49333.0
2026-07-13,006040,동원산업,식품,rev_e,2026/12,101231.0
2026-07-13,006040,동원산업,식품,op_e,2026/12,5524.0
2026-07-13,096530,씨젠,생명과학도구및서비스,target_price,,44500.0
2026-07-13,096530,씨젠,생명과학도구및서비스,rev_e,2026/12,5322.0
2026-07-13,096530,씨젠,생명과학도구및서비스,op_e,2026/12,784.0
2026-07-13,097230,HJ중공업,건설,target_price,,37000.0
2026-07-13,097230,HJ중공업,건설,rev_e,2026/12,25720.0
2026-07-13,097230,HJ중공업,건설,op_e,2026/12,2050.0
2026-07-13,001120,LX인터내셔널,무역회사와판매업체,target_price,,67667.0
2026-07-13,001120,LX인터내셔널,무역회사와판매업체,rev_e,2026/12,180313.0
2026-07-13,001120,LX인터내셔널,무역회사와판매업체,op_e,2026/12,4786.0
2026-07-13,083650,비에이치아이,에너지장비및서비스,target_price,,110000.0
2026-07-13,083650,비에이치아이,에너지장비및서비스,rev_e,2026/12,11030.0
2026-07-13,083650,비에이치아이,에너지장비및서비스,op_e,2026/12,1201.0
2026-07-13,020560,아시아나항공,항공사,rev_e,2026/12,69880.0
2026-07-13,020560,아시아나항공,항공사,op_e,2026/12,-5700.0
2026-07-13,006280,녹십자,제약,target_price,,210833.0
2026-07-13,006280,녹십자,제약,rev_e,2026/12,20387.0
2026-07-13,006280,녹십자,제약,op_e,2026/12,747.0
2026-07-13,060370,LS마린솔루션,건설,target_price,,51000.0
2026-07-13,060370,LS마린솔루션,건설,rev_e,2026/12,3002.0
2026-07-13,060370,LS마린솔루션,건설,op_e,2026/12,183.0
2026-07-13,043260,성호전자,전기제품,target_price,,85000.0
2026-07-13,043260,성호전자,전기제품,rev_e,2026/12,3020.0
2026-07-13,043260,성호전자,전기제품,op_e,2026/12,401.0
2026-07-13,322000,HD현대에너지솔루션,에너지장비및서비스,target_price,,267500.0
2026-07-13,322000,HD현대에너지솔루션,에너지장비및서비스,rev_e,2026/12,6981.0
2026-07-13,322000,HD현대에너지솔루션,에너지장비및서비스,op_e,2026/12,1168.0
2026-07-13,093370,후성,화학,target_price,,20000.0
2026-07-13,093370,후성,화학,rev_e,2026/12,5928.0
2026-07-13,093370,후성,화학,op_e,2026/12,527.0
2026-07-13,082920,비츠로셀,전기제품,target_price,,61500.0
2026-07-13,082920,비츠로셀,전기제품,rev_e,2026/12,3060.0
2026-07-13,082920,비츠로셀,전기제품,op_e,2026/12,916.0
2026-07-13,229640,LS에코에너지,전기장비,target_price,,84714.0
2026-07-13,229640,LS에코에너지,전기장비,rev_e,2026/12,11859.0
2026-07-13,229640,LS에코에너지,전기장비,op_e,2026/12,807.0
2026-07-13,192080,더블유게임즈,게임엔터테인먼트,target_price,,82500.0
2026-07-13,192080,더블유게임즈,게임엔터테인먼트,rev_e,2026/12,8406.0
2026-07-13,192080,더블유게임즈,게임엔터테인먼트,op_e,2026/12,2853.0
2026-07-13,005070,코스모신소재,화학,target_price,,63667.0
2026-07-13,005070,코스모신소재,화학,rev_e,2026/12,6153.0
2026-07-13,005070,코스모신소재,화학,op_e,2026/12,141.0
2026-07-13,078600,대주전자재료,전자장비와기기,target_price,,191500.0
2026-07-13,078600,대주전자재료,전자장비와기기,rev_e,2026/12,3924.0
2026-07-13,078600,대주전자재료,전자장비와기기,op_e,2026/12,396.0
2026-07-13,017960,한국카본,조선,target_price,,57667.0
2026-07-13,017960,한국카본,조선,rev_e,2026/12,9487.0
2026-07-13,017960,한국카본,조선,op_e,2026/12,1798.0
2026-07-13,458870,씨어스,건강관리기술,target_price,,68400.0
2026-07-13,458870,씨어스,건강관리기술,rev_e,2026/12,1390.0
2026-07-13,458870,씨어스,건강관리기술,op_e,2026/12,604.0
2026-07-13,181710,NHN,IT서비스,target_price,,52600.0
2026-07-13,181710,NHN,IT서비스,rev_e,2026/12,28539.0
2026-07-13,181710,NHN,IT서비스,op_e,2026/12,1772.0
2026-07-13,218410,RFHIC,통신장비,target_price,,132600.0
2026-07-13,218410,RFHIC,통신장비,rev_e,2026/12,2616.0
2026-07-13,218410,RFHIC,통신장비,op_e,2026/12,542.0
2026-07-13,003540,대신증권,증권,target_price,,41667.0
2026-07-13,003540,대신증권,증권,op_e,2026/12,4233.0
2026-07-13,089860,롯데렌탈,도로와철도운송,target_price,,44778.0
2026-07-13,089860,롯데렌탈,도로와철도운송,rev_e,2026/12,30692.0
2026-07-13,089860,롯데렌탈,도로와철도운송,op_e,2026/12,3583.0
2026-07-13,003570,SNT다이내믹스,자동차부품,target_price,,77000.0
2026-07-13,003570,SNT다이내믹스,자동차부품,rev_e,2026/12,8077.0
2026-07-13,003570,SNT다이내믹스,자동차부품,op_e,2026/12,1121.0
2026-07-13,082640,동양생명,생명보험,target_price,,9900.0
2026-07-13,012630,HDC,건설,target_price,,35000.0
2026-07-13,012630,HDC,건설,rev_e,2026/12,69186.0
2026-07-13,012630,HDC,건설,op_e,2026/12,6860.0
2026-07-13,004000,롯데정밀화학,화학,target_price,,77500.0
2026-07-13,004000,롯데정밀화학,화학,rev_e,2026/12,19883.0
2026-07-13,004000,롯데정밀화학,화학,op_e,2026/12,1388.0
2026-07-13,361610,SK아이이테크놀로지,전기제품,target_price,,25667.0
2026-07-13,361610,SK아이이테크놀로지,전기제품,rev_e,2026/12,1899.0
2026-07-13,361610,SK아이이테크놀로지,전기제품,op_e,2026/12,-2448.0
2026-07-13,294870,IPARK현대산업개발,건설,target_price,,30923.0
2026-07-13,294870,IPARK현대산업개발,건설,rev_e,2026/12,39241.0
2026-07-13,294870,IPARK현대산업개발,건설,op_e,2026/12,5080.0
2026-07-13,298020,효성티앤씨,무역회사와판매업체,target_price,,602000.0
2026-07-13,298020,효성티앤씨,무역회사와판매업체,rev_e,2026/12,85459.0
2026-07-13,298020,효성티앤씨,무역회사와판매업체,op_e,2026/12,4463.0
2026-07-13,034230,파라다이스,"호텔,레스토랑,레저",target_price,,21833.0
2026-07-13,034230,파라다이스,"호텔,레스토랑,레저",rev_e,2026/12,12708.0
2026-07-13,034230,파라다이스,"호텔,레스토랑,레저",op_e,2026/12,1856.0
2026-07-13,032350,롯데관광개발,"호텔,레스토랑,레저",target_price,,27792.0
2026-07-13,032350,롯데관광개발,"호텔,레스토랑,레저",rev_e,2026/12,7828.0
2026-07-13,032350,롯데관광개발,"호텔,레스토랑,레저",op_e,2026/12,1986.0
2026-07-13,003380,하림지주,식품,target_price,,16500.0
2026-07-13,003380,하림지주,식품,rev_e,2026/12,147130.0
2026-07-13,003380,하림지주,식품,op_e,2026/12,10240.0
2026-07-13,039200,오스코텍,제약,target_price,,75000.0
2026-07-13,039200,오스코텍,제약,rev_e,2026/12,840.0
2026-07-13,039200,오스코텍,제약,op_e,2026/12,340.0
2026-07-13,195940,HK이노엔,제약,target_price,,68455.0
2026-07-13,195940,HK이노엔,제약,rev_e,2026/12,11139.0
2026-07-13,195940,HK이노엔,제약,op_e,2026/12,1316.0
2026-07-13,001430,세아베스틸지주,철강,target_price,,77611.0
2026-07-13,001430,세아베스틸지주,철강,rev_e,2026/12,39414.0
2026-07-13,001430,세아베스틸지주,철강,op_e,2026/12,1464.0
2026-07-13,166090,하나머티리얼즈,반도체와반도체장비,target_price,,106000.0
2026-07-13,166090,하나머티리얼즈,반도체와반도체장비,rev_e,2026/12,3852.0
2026-07-13,166090,하나머티리얼즈,반도체와반도체장비,op_e,2026/12,1002.0
2026-07-13,300720,한일시멘트,건축자재,target_price,,19500.0
2026-07-13,300720,한일시멘트,건축자재,rev_e,2026/12,13950.0
2026-07-13,300720,한일시멘트,건축자재,op_e,2026/12,1150.0
2026-07-13,000080,하이트진로,음료,target_price,,23667.0
2026-07-13,000080,하이트진로,음료,rev_e,2026/12,25124.0
2026-07-13,000080,하이트진로,음료,op_e,2026/12,1958.0
2026-07-13,347700,스피어,우주항공과국방,target_price,,50000.0
2026-07-13,347700,스피어,우주항공과국방,rev_e,2026/12,2400.0
2026-07-13,347700,스피어,우주항공과국방,op_e,2026/12,175.0
2026-07-13,077970,STX엔진,조선,target_price,,72000.0
2026-07-13,077970,STX엔진,조선,rev_e,2026/12,9494.0
2026-07-13,077970,STX엔진,조선,op_e,2026/12,1004.0
2026-07-13,491000,리브스메드,건강관리장비와용품,target_price,,120000.0
2026-07-13,491000,리브스메드,건강관리장비와용품,rev_e,2026/12,867.0
2026-07-13,491000,리브스메드,건강관리장비와용품,op_e,2026/12,-205.0
2026-07-17,005930,삼성전자,반도체와반도체장비,target_price,,513958.0
2026-07-17,005930,삼성전자,반도체와반도체장비,rev_e,2026/12,7324732.0
2026-07-17,005930,삼성전자,반도체와반도체장비,op_e,2026/12,3832404.0
2026-07-17,000660,SK하이닉스,반도체와반도체장비,target_price,,3547917.0
2026-07-17,000660,SK하이닉스,반도체와반도체장비,rev_e,2026/12,3543680.0
2026-07-17,000660,SK하이닉스,반도체와반도체장비,op_e,2026/12,2728836.0
2026-07-17,402340,SK스퀘어,반도체와반도체장비,target_price,,1900000.0
2026-07-17,402340,SK스퀘어,반도체와반도체장비,rev_e,2026/12,73622.0
2026-07-17,402340,SK스퀘어,반도체와반도체장비,op_e,2026/12,434130.0
2026-07-17,009150,삼성전기,전자장비와기기,target_price,,2503333.0
2026-07-17,009150,삼성전기,전자장비와기기,rev_e,2026/12,135515.0
2026-07-17,009150,삼성전기,전자장비와기기,op_e,2026/12,16599.0
2026-07-17,005380,현대차,자동차,target_price,,789200.0
2026-07-17,005380,현대차,자동차,rev_e,2026/12,1934171.0
2026-07-17,005380,현대차,자동차,op_e,2026/12,117500.0
2026-07-17,373220,LG에너지솔루션,전기제품,target_price,,549591.0
2026-07-17,373220,LG에너지솔루션,전기제품,rev_e,2026/12,306192.0
2026-07-17,373220,LG에너지솔루션,전기제품,op_e,2026/12,11337.0
2026-07-17,032830,삼성생명,생명보험,target_price,,408607.0
2026-07-17,032830,삼성생명,생명보험,op_e,2026/12,33448.0
2026-07-17,207940,삼성바이오로직스,제약,target_price,,2057368.0
2026-07-17,207940,삼성바이오로직스,제약,rev_e,2026/12,54270.0
2026-07-17,207940,삼성바이오로직스,제약,op_e,2026/12,24946.0
2026-07-17,105560,KB금융,은행,target_price,,220842.0
2026-07-17,105560,KB금융,은행,op_e,2026/12,93655.0
2026-07-17,000270,기아,자동차,target_price,,232174.0
2026-07-17,000270,기아,자동차,rev_e,2026/12,1243613.0
2026-07-17,000270,기아,자동차,op_e,2026/12,102889.0
2026-07-17,028260,삼성물산,복합기업,target_price,,585385.0
2026-07-17,028260,삼성물산,복합기업,rev_e,2026/12,441678.0
2026-07-17,028260,삼성물산,복합기업,op_e,2026/12,36331.0
2026-07-17,055550,신한지주,은행,target_price,,134263.0
2026-07-17,055550,신한지주,은행,op_e,2026/12,77227.0
2026-07-17,329180,HD현대중공업,조선,target_price,,911524.0
2026-07-17,329180,HD현대중공업,조선,rev_e,2026/12,248500.0
2026-07-17,329180,HD현대중공업,조선,op_e,2026/12,38876.0
2026-07-17,012450,한화에어로스페이스,우주항공과국방,target_price,,1736111.0
2026-07-17,012450,한화에어로스페이스,우주항공과국방,rev_e,2026/12,305323.0
2026-07-17,012450,한화에어로스페이스,우주항공과국방,op_e,2026/12,42796.0
2026-07-17,034020,두산에너빌리티,기계,target_price,,150200.0
2026-07-17,034020,두산에너빌리티,기계,rev_e,2026/12,181032.0
2026-07-17,034020,두산에너빌리티,기계,op_e,2026/12,11185.0
2026-07-17,012330,현대모비스,자동차부품,target_price,,774800.0
2026-07-17,012330,현대모비스,자동차부품,rev_e,2026/12,652155.0
2026-07-17,012330,현대모비스,자동차부품,op_e,2026/12,37334.0
2026-07-17,034730,SK,석유와가스,target_price,,853692.0
2026-07-17,034730,SK,석유와가스,rev_e,2026/12,1418951.0
2026-07-17,034730,SK,석유와가스,op_e,2026/12,98678.0
2026-07-17,068270,셀트리온,제약,target_price,,265398.0
2026-07-17,068270,셀트리온,제약,rev_e,2026/12,53265.0
2026-07-17,068270,셀트리온,제약,op_e,2026/12,17804.0
2026-07-17,086790,하나금융지주,은행,target_price,,161950.0
2026-07-17,086790,하나금융지주,은행,op_e,2026/12,60545.0
2026-07-17,006400,삼성SDI,전기제품,target_price,,802130.0
2026-07-17,006400,삼성SDI,전기제품,rev_e,2026/12,156606.0
2026-07-17,006400,삼성SDI,전기제품,op_e,2026/12,217.0
2026-07-17,000810,삼성화재,손해보험,target_price,,721882.0
2026-07-17,000810,삼성화재,손해보험,op_e,2026/12,30870.0
2026-07-17,035420,NAVER,양방향미디어와서비스,target_price,,330143.0
2026-07-17,035420,NAVER,양방향미디어와서비스,rev_e,2026/12,137559.0
2026-07-17,035420,NAVER,양방향미디어와서비스,op_e,2026/12,23891.0
2026-07-17,066570,LG전자,전자제품,target_price,,218250.0
2026-07-17,066570,LG전자,전자제품,rev_e,2026/12,949907.0
2026-07-17,066570,LG전자,전자제품,op_e,2026/12,42384.0
2026-07-17,267260,HD현대일렉트릭,전기장비,target_price,,1445714.0
2026-07-17,267260,HD현대일렉트릭,전기장비,rev_e,2026/12,46676.0
2026-07-17,267260,HD현대일렉트릭,전기장비,op_e,2026/12,12399.0
2026-07-17,010120,LS ELECTRIC,전기장비,target_price,,266000.0
2026-07-17,010120,LS ELECTRIC,전기장비,rev_e,2026/12,61924.0
2026-07-17,010120,LS ELECTRIC,전기장비,op_e,2026/12,6628.0
2026-07-17,042660,한화오션,조선,target_price,,150905.0
2026-07-17,042660,한화오션,조선,rev_e,2026/12,142398.0
2026-07-17,042660,한화오션,조선,op_e,2026/12,19240.0
2026-07-17,298040,효성중공업,전기장비,target_price,,4635714.0
2026-07-17,298040,효성중공업,전기장비,rev_e,2026/12,70936.0
2026-07-17,298040,효성중공업,전기장비,op_e,2026/12,10911.0
2026-07-17,009540,HD한국조선해양,조선,target_price,,583667.0
2026-07-17,009540,HD한국조선해양,조선,rev_e,2026/12,340349.0
2026-07-17,009540,HD한국조선해양,조선,op_e,2026/12,57969.0
2026-07-17,005490,POSCO홀딩스,철강,target_price,,535544.0
2026-07-17,005490,POSCO홀딩스,철강,rev_e,2026/12,726846.0
2026-07-17,005490,POSCO홀딩스,철강,op_e,2026/12,30876.0
2026-07-17,042700,한미반도체,반도체와반도체장비,target_price,,380000.0
2026-07-17,042700,한미반도체,반도체와반도체장비,rev_e,2026/12,8196.0
2026-07-17,042700,한미반도체,반도체와반도체장비,op_e,2026/12,3822.0
2026-07-17,316140,우리금융지주,은행,target_price,,43650.0
2026-07-17,316140,우리금융지주,은행,op_e,2026/12,43435.0
2026-07-17,006800,미래에셋증권,증권,target_price,,68125.0
2026-07-17,006800,미래에셋증권,증권,rev_e,2026/12,412959.0
2026-07-17,006800,미래에셋증권,증권,op_e,2026/12,42132.0
2026-07-17,015760,한국전력,전기유틸리티,target_price,,56267.0
2026-07-17,015760,한국전력,전기유틸리티,rev_e,2026/12,985021.0
2026-07-17,015760,한국전력,전기유틸리티,op_e,2026/12,100193.0
2026-07-17,010130,고려아연,비철금속,target_price,,1764500.0
2026-07-17,010130,고려아연,비철금속,rev_e,2026/12,234635.0
2026-07-17,010130,고려아연,비철금속,op_e,2026/12,23854.0
2026-07-17,096770,SK이노베이션,석유와가스,target_price,,172818.0
2026-07-17,096770,SK이노베이션,석유와가스,rev_e,2026/12,1023677.0
2026-07-17,096770,SK이노베이션,석유와가스,op_e,2026/12,54904.0
2026-07-17,138040,메리츠금융지주,증권,target_price,,148000.0
2026-07-17,138040,메리츠금융지주,증권,op_e,2026/12,32058.0
2026-07-17,010140,삼성중공업,조선,target_price,,39750.0
2026-07-17,010140,삼성중공업,조선,rev_e,2026/12,128480.0
2026-07-17,010140,삼성중공업,조선,op_e,2026/12,14650.0
2026-07-17,000150,두산,복합기업,target_price,,2305385.0
2026-07-17,000150,두산,복합기업,rev_e,2026/12,216917.0
2026-07-17,000150,두산,복합기업,op_e,2026/12,17032.0
2026-07-17,017670,SK텔레콤,무선통신서비스,target_price,,117444.0
2026-07-17,017670,SK텔레콤,무선통신서비스,rev_e,2026/12,177731.0
2026-07-17,017670,SK텔레콤,무선통신서비스,op_e,2026/12,19444.0
2026-07-17,011200,HMM,해운사,target_price,,22700.0
2026-07-17,011200,HMM,해운사,rev_e,2026/12,117674.0
2026-07-17,011200,HMM,해운사,op_e,2026/12,12211.0
2026-07-17,033780,KT&G,담배,target_price,,229286.0
2026-07-17,033780,KT&G,담배,rev_e,2026/12,69582.0
2026-07-17,033780,KT&G,담배,op_e,2026/12,15140.0
2026-07-17,051910,LG화학,화학,target_price,,449929.0
2026-07-17,051910,LG화학,화학,rev_e,2026/12,542857.0
2026-07-17,051910,LG화학,화학,op_e,2026/12,15532.0
2026-07-17,064350,현대로템,우주항공과국방,target_price,,308368.0
2026-07-17,064350,현대로템,우주항공과국방,rev_e,2026/12,69081.0
2026-07-17,064350,현대로템,우주항공과국방,op_e,2026/12,11552.0
2026-07-17,024110,기업은행,은행,target_price,,27714.0
2026-07-17,024110,기업은행,은행,op_e,2026/12,36895.0
2026-07-17,079550,LIG디펜스앤에어로스페이스,우주항공과국방,target_price,,1153889.0
2026-07-17,079550,LIG디펜스앤에어로스페이스,우주항공과국방,rev_e,2026/12,51520.0
2026-07-17,079550,LIG디펜스앤에어로스페이스,우주항공과국방,op_e,2026/12,4545.0
2026-07-17,010950,S-Oil,석유와가스,target_price,,156059.0
2026-07-17,010950,S-Oil,석유와가스,rev_e,2026/12,415952.0
2026-07-17,010950,S-Oil,석유와가스,op_e,2026/12,35895.0
2026-07-17,267250,HD현대,조선,target_price,,382000.0
2026-07-17,267250,HD현대,조선,rev_e,2026/12,807008.0
2026-07-17,267250,HD현대,조선,op_e,2026/12,90457.0
2026-07-17,035720,카카오,양방향미디어와서비스,target_price,,63063.0
2026-07-17,035720,카카오,양방향미디어와서비스,rev_e,2026/12,82507.0
2026-07-17,035720,카카오,양방향미디어와서비스,op_e,2026/12,9474.0
2026-07-17,011070,LG이노텍,전자장비와기기,target_price,,1219190.0
2026-07-17,011070,LG이노텍,전자장비와기기,rev_e,2026/12,245639.0
2026-07-17,011070,LG이노텍,전자장비와기기,op_e,2026/12,11828.0
2026-07-17,018260,삼성에스디에스,IT서비스,target_price,,256636.0
2026-07-17,018260,삼성에스디에스,IT서비스,rev_e,2026/12,143408.0
2026-07-17,018260,삼성에스디에스,IT서비스,op_e,2026/12,8361.0
2026-07-17,003550,LG,복합기업,target_price,,144909.0
2026-07-17,003550,LG,복합기업,rev_e,2026/12,82094.0
2026-07-17,003550,LG,복합기업,op_e,2026/12,16183.0
2026-07-17,196170,알테오젠,생물공학,target_price,,537500.0
2026-07-17,196170,알테오젠,생물공학,rev_e,2026/12,4674.0
2026-07-17,196170,알테오젠,생물공학,op_e,2026/12,2859.0
2026-07-17,278470,에이피알,화장품,target_price,,530526.0
2026-07-17,278470,에이피알,화장품,rev_e,2026/12,29443.0
2026-07-17,278470,에이피알,화장품,op_e,2026/12,7313.0
2026-07-17,047810,한국항공우주,우주항공과국방,target_price,,215813.0
2026-07-17,047810,한국항공우주,우주항공과국방,rev_e,2026/12,56027.0
2026-07-17,047810,한국항공우주,우주항공과국방,op_e,2026/12,4547.0
2026-07-17,086280,현대글로비스,항공화물운송과물류,target_price,,322588.0
2026-07-17,086280,현대글로비스,항공화물운송과물류,rev_e,2026/12,320575.0
2026-07-17,086280,현대글로비스,항공화물운송과물류,op_e,2026/12,21732.0
2026-07-17,030200,KT,다각화된통신서비스,target_price,,75111.0
2026-07-17,030200,KT,다각화된통신서비스,rev_e,2026/12,276320.0
2026-07-17,030200,KT,다각화된통신서비스,op_e,2026/12,20554.0
2026-07-17,003670,포스코퓨처엠,화학,target_price,,252222.0
2026-07-17,003670,포스코퓨처엠,화학,rev_e,2026/12,34146.0
2026-07-17,003670,포스코퓨처엠,화학,op_e,2026/12,997.0
2026-07-17,071050,한국금융지주,증권,target_price,,346500.0
2026-07-17,071050,한국금융지주,증권,rev_e,2026/12,443840.0
2026-07-17,071050,한국금융지주,증권,op_e,2026/12,35391.0
2026-07-17,272210,한화시스템,우주항공과국방,target_price,,130333.0
2026-07-17,272210,한화시스템,우주항공과국방,rev_e,2026/12,43490.0
2026-07-17,272210,한화시스템,우주항공과국방,op_e,2026/12,2664.0
2026-07-17,005940,NH투자증권,증권,target_price,,42750.0
2026-07-17,005940,NH투자증권,증권,rev_e,2026/12,238824.0
2026-07-17,005940,NH투자증권,증권,op_e,2026/12,21770.0
2026-07-17,259960,크래프톤,게임엔터테인먼트,target_price,,379444.0
2026-07-17,259960,크래프톤,게임엔터테인먼트,rev_e,2026/12,48472.0
2026-07-17,259960,크래프톤,게임엔터테인먼트,op_e,2026/12,14813.0
2026-07-17,000720,현대건설,건설,target_price,,208632.0
2026-07-17,000720,현대건설,건설,rev_e,2026/12,269007.0
2026-07-17,000720,현대건설,건설,op_e,2026/12,8281.0
2026-07-17,247540,에코프로비엠,전기제품,target_price,,248722.0
2026-07-17,247540,에코프로비엠,전기제품,rev_e,2026/12,30335.0
2026-07-17,247540,에코프로비엠,전기제품,op_e,2026/12,1136.0
2026-07-17,323410,카카오뱅크,은행,target_price,,29792.0
2026-07-17,323410,카카오뱅크,은행,op_e,2026/12,7099.0
2026-07-17,307950,현대오토에버,IT서비스,target_price,,676563.0
2026-07-17,307950,현대오토에버,IT서비스,rev_e,2026/12,47605.0
2026-07-17,307950,현대오토에버,IT서비스,op_e,2026/12,2742.0
2026-07-17,005830,DB손해보험,손해보험,target_price,,219938.0
2026-07-17,005830,DB손해보험,손해보험,op_e,2026/12,20748.0
2026-07-17,003490,대한항공,항공사,target_price,,36545.0
2026-07-17,003490,대한항공,항공사,rev_e,2026/12,281329.0
2026-07-17,003490,대한항공,항공사,op_e,2026/12,11052.0
2026-07-17,016360,삼성증권,증권,target_price,,165611.0
2026-07-17,016360,삼성증권,증권,rev_e,2026/12,211630.0
2026-07-17,016360,삼성증권,증권,op_e,2026/12,23027.0
2026-07-17,161390,한국타이어앤테크놀로지,자동차부품,target_price,,85500.0
2026-07-17,161390,한국타이어앤테크놀로지,자동차부품,rev_e,2026/12,224747.0
2026-07-17,161390,한국타이어앤테크놀로지,자동차부품,op_e,2026/12,21471.0
2026-07-17,443060,HD현대마린솔루션,조선,target_price,,324900.0
2026-07-17,443060,HD현대마린솔루션,조선,rev_e,2026/12,23869.0
2026-07-17,443060,HD현대마린솔루션,조선,op_e,2026/12,4310.0
2026-07-17,352820,하이브,방송과엔터테인먼트,target_price,,365000.0
2026-07-17,352820,하이브,방송과엔터테인먼트,rev_e,2026/12,44399.0
2026-07-17,352820,하이브,방송과엔터테인먼트,op_e,2026/12,2697.0
2026-07-17,006260,LS,전기장비,target_price,,610182.0
2026-07-17,006260,LS,전기장비,rev_e,2026/12,391427.0
2026-07-17,006260,LS,전기장비,op_e,2026/12,16924.0
2026-07-17,047050,포스코인터내셔널,무역회사와판매업체,target_price,,97429.0
2026-07-17,047050,포스코인터내셔널,무역회사와판매업체,rev_e,2026/12,337162.0
2026-07-17,047050,포스코인터내셔널,무역회사와판매업체,op_e,2026/12,14034.0
2026-07-17,036930,주성엔지니어링,반도체와반도체장비,target_price,,189500.0
2026-07-17,036930,주성엔지니어링,반도체와반도체장비,rev_e,2026/12,3514.0
2026-07-17,036930,주성엔지니어링,반도체와반도체장비,op_e,2026/12,602.0
2026-07-17,039490,키움증권,증권,target_price,,537824.0
2026-07-17,039490,키움증권,증권,rev_e,2026/12,255671.0
2026-07-17,039490,키움증권,증권,op_e,2026/12,22059.0
2026-07-17,003230,삼양식품,식품,target_price,,1856429.0
2026-07-17,003230,삼양식품,식품,rev_e,2026/12,30672.0
2026-07-17,003230,삼양식품,식품,op_e,2026/12,7310.0
2026-07-17,028050,삼성E&A,건설,target_price,,67079.0
2026-07-17,028050,삼성E&A,건설,rev_e,2026/12,102025.0
2026-07-17,028050,삼성E&A,건설,op_e,2026/12,8845.0
2026-07-17,277810,레인보우로보틱스,기계,target_price,,915000.0
2026-07-17,277810,레인보우로보틱스,기계,rev_e,2026/12,600.0
2026-07-17,277810,레인보우로보틱스,기계,op_e,2026/12,40.0
2026-07-17,078930,GS,석유와가스,target_price,,98000.0
2026-07-17,078930,GS,석유와가스,rev_e,2026/12,276022.0
2026-07-17,078930,GS,석유와가스,op_e,2026/12,41970.0
2026-07-17,090430,아모레퍼시픽,화장품,target_price,,167667.0
2026-07-17,090430,아모레퍼시픽,화장품,rev_e,2026/12,46030.0
2026-07-17,090430,아모레퍼시픽,화장품,op_e,2026/12,4633.0
2026-07-17,240810,원익IPS,반도체와반도체장비,target_price,,176200.0
2026-07-17,240810,원익IPS,반도체와반도체장비,rev_e,2026/12,13075.0
2026-07-17,240810,원익IPS,반도체와반도체장비,op_e,2026/12,1872.0
2026-07-17,021240,코웨이,가정용기기와용품,target_price,,125000.0
2026-07-17,021240,코웨이,가정용기기와용품,rev_e,2026/12,56250.0
2026-07-17,021240,코웨이,가정용기기와용품,op_e,2026/12,10139.0
2026-07-17,353200,대덕전자,전자장비와기기,target_price,,203214.0
2026-07-17,353200,대덕전자,전자장비와기기,rev_e,2026/12,15275.0
2026-07-17,353200,대덕전자,전자장비와기기,op_e,2026/12,2514.0
2026-07-17,007660,이수페타시스,반도체와반도체장비,target_price,,177917.0
2026-07-17,007660,이수페타시스,반도체와반도체장비,rev_e,2026/12,15496.0
2026-07-17,007660,이수페타시스,반도체와반도체장비,op_e,2026/12,3272.0
2026-07-17,000880,한화,복합기업,target_price,,174111.0
2026-07-17,000880,한화,복합기업,rev_e,2026/12,852746.0
2026-07-17,000880,한화,복합기업,op_e,2026/12,55718.0
2026-07-17,064400,LG씨엔에스,IT서비스,target_price,,100700.0
2026-07-17,064400,LG씨엔에스,IT서비스,rev_e,2026/12,66189.0
2026-07-17,064400,LG씨엔에스,IT서비스,op_e,2026/12,6081.0
2026-07-17,267270,HD건설기계,기계,target_price,,216167.0
2026-07-17,267270,HD건설기계,기계,rev_e,2026/12,92117.0
2026-07-17,267270,HD건설기계,기계,op_e,2026/12,7089.0
2026-07-17,047040,대우건설,건설,target_price,,30556.0
2026-07-17,047040,대우건설,건설,rev_e,2026/12,81142.0
2026-07-17,047040,대우건설,건설,op_e,2026/12,7389.0
2026-07-17,326030,SK바이오팜,제약,target_price,,147273.0
2026-07-17,326030,SK바이오팜,제약,rev_e,2026/12,9588.0
2026-07-17,326030,SK바이오팜,제약,op_e,2026/12,3377.0
2026-07-17,032640,LG유플러스,무선통신서비스,target_price,,19941.0
2026-07-17,032640,LG유플러스,무선통신서비스,rev_e,2026/12,156419.0
2026-07-17,032640,LG유플러스,무선통신서비스,op_e,2026/12,11109.0
2026-07-17,241560,두산밥캣,기계,target_price,,91071.0
2026-07-17,241560,두산밥캣,기계,rev_e,2026/12,93435.0
2026-07-17,241560,두산밥캣,기계,op_e,2026/12,7591.0
2026-07-17,138930,BNK금융지주,은행,target_price,,24194.0
2026-07-17,138930,BNK금융지주,은행,op_e,2026/12,10991.0
2026-07-17,319660,피에스케이,반도체와반도체장비,target_price,,179143.0
2026-07-17,319660,피에스케이,반도체와반도체장비,rev_e,2026/12,6742.0
2026-07-17,319660,피에스케이,반도체와반도체장비,op_e,2026/12,1797.0
2026-07-17,000100,유한양행,제약,target_price,,126818.0
2026-07-17,000100,유한양행,제약,rev_e,2026/12,23486.0
2026-07-17,000100,유한양행,제약,op_e,2026/12,1311.0
2026-07-17,004170,신세계,백화점과일반상점,target_price,,839444.0
2026-07-17,004170,신세계,백화점과일반상점,rev_e,2026/12,73038.0
2026-07-17,004170,신세계,백화점과일반상점,op_e,2026/12,7675.0
2026-07-17,377300,카카오페이,IT서비스,target_price,,91250.0
2026-07-17,377300,카카오페이,IT서비스,rev_e,2026/12,12960.0
2026-07-17,377300,카카오페이,IT서비스,op_e,2026/12,1388.0
2026-07-17,058470,리노공업,반도체와반도체장비,target_price,,136000.0
2026-07-17,058470,리노공업,반도체와반도체장비,rev_e,2026/12,4507.0
2026-07-17,058470,리노공업,반도체와반도체장비,op_e,2026/12,2183.0
2026-07-17,029780,삼성카드,카드,target_price,,63667.0
2026-07-17,029780,삼성카드,카드,rev_e,2026/12,46348.0
2026-07-17,029780,삼성카드,카드,op_e,2026/12,8315.0
2026-07-17,001440,대한전선,전기장비,target_price,,53500.0
2026-07-17,001440,대한전선,전기장비,rev_e,2026/12,42502.0
2026-07-17,001440,대한전선,전기장비,op_e,2026/12,1996.0
2026-07-17,950160,코오롱티슈진,생물공학,target_price,,280000.0
2026-07-17,950160,코오롱티슈진,생물공학,rev_e,2026/12,60.0
2026-07-17,950160,코오롱티슈진,생물공학,op_e,2026/12,-290.0
2026-07-17,034220,LG디스플레이,디스플레이패널,target_price,,17813.0
2026-07-17,034220,LG디스플레이,디스플레이패널,rev_e,2026/12,251834.0
2026-07-17,034220,LG디스플레이,디스플레이패널,op_e,2026/12,11083.0
2026-07-17,062040,산일전기,전기장비,target_price,,332750.0
2026-07-17,062040,산일전기,전기장비,rev_e,2026/12,6722.0
2026-07-17,062040,산일전기,전기장비,op_e,2026/12,2483.0
2026-07-17,175330,JB금융지주,은행,target_price,,37556.0
2026-07-17,175330,JB금융지주,은행,op_e,2026/12,10058.0
2026-07-17,271560,오리온,식품,target_price,,178846.0
2026-07-17,271560,오리온,식품,rev_e,2026/12,37640.0
2026-07-17,271560,오리온,식품,op_e,2026/12,6488.0
2026-07-17,128940,한미약품,제약,target_price,,655882.0
2026-07-17,128940,한미약품,제약,rev_e,2026/12,16990.0
2026-07-17,128940,한미약품,제약,op_e,2026/12,3103.0
2026-07-17,036570,NC,게임엔터테인먼트,target_price,,373235.0
2026-07-17,036570,NC,게임엔터테인먼트,rev_e,2026/12,26625.0
2026-07-17,036570,NC,게임엔터테인먼트,op_e,2026/12,5052.0
2026-07-17,000990,DB하이텍,반도체와반도체장비,target_price,,196000.0
2026-07-17,000990,DB하이텍,반도체와반도체장비,rev_e,2026/12,16114.0
2026-07-17,000990,DB하이텍,반도체와반도체장비,op_e,2026/12,3668.0
2026-07-17,009830,한화솔루션,에너지장비및서비스,target_price,,53770.0
2026-07-17,009830,한화솔루션,에너지장비및서비스,rev_e,2026/12,182146.0
2026-07-17,009830,한화솔루션,에너지장비및서비스,op_e,2026/12,7642.0
2026-07-17,454910,두산로보틱스,기계,target_price,,145000.0
2026-07-17,454910,두산로보틱스,기계,rev_e,2026/12,590.0
2026-07-17,454910,두산로보틱스,기계,op_e,2026/12,130.0
2026-07-17,039030,이오테크닉스,반도체와반도체장비,target_price,,575000.0
2026-07-17,039030,이오테크닉스,반도체와반도체장비,rev_e,2026/12,5102.0
2026-07-17,039030,이오테크닉스,반도체와반도체장비,op_e,2026/12,1390.0
2026-07-17,298380,에이비엘바이오,생물공학,target_price,,220000.0
2026-07-17,298380,에이비엘바이오,생물공학,rev_e,2026/12,492.0
2026-07-17,298380,에이비엘바이오,생물공학,op_e,2026/12,-618.0
2026-07-17,011790,SKC,화학,target_price,,130000.0
2026-07-17,011790,SKC,화학,rev_e,2026/12,22216.0
2026-07-17,011790,SKC,화학,op_e,2026/12,-604.0
2026-07-17,222800,심텍,전자장비와기기,target_price,,171250.0
2026-07-17,222800,심텍,전자장비와기기,rev_e,2026/12,19317.0
2026-07-17,222800,심텍,전자장비와기기,op_e,2026/12,1896.0
2026-07-17,023530,롯데쇼핑,백화점과일반상점,target_price,,227500.0
2026-07-17,023530,롯데쇼핑,백화점과일반상점,rev_e,2026/12,142681.0
2026-07-17,023530,롯데쇼핑,백화점과일반상점,op_e,2026/12,8113.0
2026-07-17,001040,CJ,복합기업,target_price,,251222.0
2026-07-17,001040,CJ,복합기업,rev_e,2026/12,471226.0
2026-07-17,001040,CJ,복합기업,op_e,2026/12,27187.0
2026-07-17,088350,한화생명,생명보험,target_price,,6267.0
2026-07-17,088350,한화생명,생명보험,op_e,2026/12,13570.0
2026-07-17,082740,한화엔진,조선,target_price,,98500.0
2026-07-17,082740,한화엔진,조선,rev_e,2026/12,15717.0
2026-07-17,082740,한화엔진,조선,op_e,2026/12,2417.0
2026-07-17,111770,영원무역,"섬유,의류,신발,호화품",target_price,,120556.0
2026-07-17,111770,영원무역,"섬유,의류,신발,호화품",rev_e,2026/12,44685.0
2026-07-17,111770,영원무역,"섬유,의류,신발,호화품",op_e,2026/12,6372.0
2026-07-17,141080,리가켐바이오,제약,target_price,,224000.0
2026-07-17,141080,리가켐바이오,제약,rev_e,2026/12,1947.0
2026-07-17,141080,리가켐바이오,제약,op_e,2026/12,-826.0
2026-07-17,095610,테스,반도체와반도체장비,target_price,,188571.0
2026-07-17,095610,테스,반도체와반도체장비,rev_e,2026/12,4597.0
2026-07-17,095610,테스,반도체와반도체장비,op_e,2026/12,1014.0
2026-07-17,066970,엘앤에프,전기제품,target_price,,246250.0
2026-07-17,066970,엘앤에프,전기제품,rev_e,2026/12,34846.0
2026-07-17,066970,엘앤에프,전기제품,op_e,2026/12,2480.0
2026-07-17,051900,LG생활건강,화장품,target_price,,268000.0
2026-07-17,051900,LG생활건강,화장품,rev_e,2026/12,62737.0
2026-07-17,051900,LG생활건강,화장품,op_e,2026/12,3444.0
2026-07-17,010060,OCI홀딩스,화학,target_price,,395000.0
2026-07-17,010060,OCI홀딩스,화학,rev_e,2026/12,41665.0
2026-07-17,010060,OCI홀딩스,화학,op_e,2026/12,3787.0
2026-07-17,002380,KCC,건축자재,target_price,,752750.0
2026-07-17,002380,KCC,건축자재,rev_e,2026/12,67500.0
2026-07-17,002380,KCC,건축자재,op_e,2026/12,4153.0
2026-07-17,018880,한온시스템,자동차부품,target_price,,5062.0
2026-07-17,018880,한온시스템,자동차부품,rev_e,2026/12,114298.0
2026-07-17,018880,한온시스템,자동차부품,op_e,2026/12,4307.0
2026-07-17,052690,한전기술,전기유틸리티,target_price,,203818.0
2026-07-17,052690,한전기술,전기유틸리티,rev_e,2026/12,5938.0
2026-07-17,052690,한전기술,전기유틸리티,op_e,2026/12,738.0
2026-07-17,004020,현대제철,철강,target_price,,47881.0
2026-07-17,004020,현대제철,철강,rev_e,2026/12,239367.0
2026-07-17,004020,현대제철,철강,op_e,2026/12,4077.0
2026-07-17,440110,파두,반도체와반도체장비,target_price,,130000.0
2026-07-17,440110,파두,반도체와반도체장비,rev_e,2026/12,3856.0
2026-07-17,440110,파두,반도체와반도체장비,op_e,2026/12,859.0
2026-07-17,403870,HPSP,반도체와반도체장비,target_price,,68000.0
2026-07-17,403870,HPSP,반도체와반도체장비,rev_e,2026/12,2408.0
2026-07-17,403870,HPSP,반도체와반도체장비,op_e,2026/12,1283.0
2026-07-17,214450,파마리서치,건강관리장비와용품,target_price,,494000.0
2026-07-17,214450,파마리서치,건강관리장비와용품,rev_e,2026/12,6736.0
2026-07-17,214450,파마리서치,건강관리장비와용품,op_e,2026/12,2692.0
2026-07-17,069960,현대백화점,백화점과일반상점,target_price,,222529.0
2026-07-17,069960,현대백화점,백화점과일반상점,rev_e,2026/12,42674.0
2026-07-17,069960,현대백화점,백화점과일반상점,op_e,2026/12,4360.0
2026-07-17,084370,유진테크,반도체와반도체장비,target_price,,156667.0
2026-07-17,084370,유진테크,반도체와반도체장비,rev_e,2026/12,4910.0
2026-07-17,084370,유진테크,반도체와반도체장비,op_e,2026/12,1027.0
2026-07-17,001450,현대해상,손해보험,target_price,,42063.0
2026-07-17,000500,가온전선,전기장비,rev_e,2026/12,29455.0
2026-07-17,000500,가온전선,전기장비,op_e,2026/12,1060.0
2026-07-17,347850,디앤디파마텍,생물공학,rev_e,2026/12,120.0
2026-07-17,347850,디앤디파마텍,생물공학,op_e,2026/12,-260.0
2026-07-17,131290,티에스이,반도체와반도체장비,target_price,,336667.0
2026-07-17,131290,티에스이,반도체와반도체장비,rev_e,2026/12,6172.0
2026-07-17,131290,티에스이,반도체와반도체장비,op_e,2026/12,1681.0
2026-07-17,011780,금호석유화학,화학,target_price,,176750.0
2026-07-17,011780,금호석유화학,화학,rev_e,2026/12,74304.0
2026-07-17,011780,금호석유화학,화학,op_e,2026/12,3948.0
2026-07-17,031980,피에스케이홀딩스,반도체와반도체장비,target_price,,191600.0
2026-07-17,031980,피에스케이홀딩스,반도체와반도체장비,rev_e,2026/12,2694.0
2026-07-17,031980,피에스케이홀딩스,반도체와반도체장비,op_e,2026/12,1053.0
2026-07-17,035250,강원랜드,"호텔,레스토랑,레저",target_price,,21100.0
2026-07-17,035250,강원랜드,"호텔,레스토랑,레저",rev_e,2026/12,14861.0
2026-07-17,035250,강원랜드,"호텔,레스토랑,레저",op_e,2026/12,2232.0
2026-07-17,095340,ISC,반도체와반도체장비,target_price,,291429.0
2026-07-17,095340,ISC,반도체와반도체장비,rev_e,2026/12,3093.0
2026-07-17,095340,ISC,반도체와반도체장비,op_e,2026/12,1030.0
2026-07-17,383220,F&F,"섬유,의류,신발,호화품",target_price,,98800.0
2026-07-17,383220,F&F,"섬유,의류,신발,호화품",rev_e,2026/12,20833.0
2026-07-17,383220,F&F,"섬유,의류,신발,호화품",op_e,2026/12,5309.0
2026-07-17,031210,서울보증보험,손해보험,target_price,,56000.0
2026-07-17,036460,한국가스공사,가스유틸리티,target_price,,48750.0
2026-07-17,036460,한국가스공사,가스유틸리티,rev_e,2026/12,365537.0
2026-07-17,036460,한국가스공사,가스유틸리티,op_e,2026/12,22650.0
2026-07-17,251270,넷마블,게임엔터테인먼트,target_price,,63643.0
2026-07-17,251270,넷마블,게임엔터테인먼트,rev_e,2026/12,28944.0
2026-07-17,251270,넷마블,게임엔터테인먼트,op_e,2026/12,3637.0
2026-07-17,145020,휴젤,생물공학,target_price,,378462.0
2026-07-17,145020,휴젤,생물공학,rev_e,2026/12,5251.0
2026-07-17,145020,휴젤,생물공학,op_e,2026/12,2170.0
2026-07-17,108490,로보티즈,기계,target_price,,398000.0
2026-07-17,108490,로보티즈,기계,rev_e,2026/12,646.0
2026-07-17,108490,로보티즈,기계,op_e,2026/12,24.0
2026-07-17,336260,두산퓨얼셀,에너지장비및서비스,target_price,,76000.0
2026-07-17,336260,두산퓨얼셀,에너지장비및서비스,rev_e,2026/12,5744.0
2026-07-17,336260,두산퓨얼셀,에너지장비및서비스,op_e,2026/12,-278.0
2026-07-17,139130,iM금융지주,은행,target_price,,24007.0
2026-07-17,139130,iM금융지주,은행,op_e,2026/12,6565.0
2026-07-17,214150,클래시스,건강관리장비와용품,target_price,,76867.0
2026-07-17,214150,클래시스,건강관리장비와용품,rev_e,2026/12,4653.0
2026-07-17,214150,클래시스,건강관리장비와용품,op_e,2026/12,2168.0
2026-07-17,089970,브이엠,반도체와반도체장비,target_price,,123333.0
2026-07-17,089970,브이엠,반도체와반도체장비,rev_e,2026/12,3159.0
2026-07-17,089970,브이엠,반도체와반도체장비,op_e,2026/12,958.0
2026-07-17,103590,일진전기,전기장비,target_price,,112667.0
2026-07-17,103590,일진전기,전기장비,rev_e,2026/12,22974.0
2026-07-17,103590,일진전기,전기장비,op_e,2026/12,2202.0
2026-07-17,097950,CJ제일제당,식품,target_price,,295833.0
2026-07-17,097950,CJ제일제당,식품,rev_e,2026/12,286249.0
2026-07-17,097950,CJ제일제당,식품,op_e,2026/12,12833.0
2026-07-17,302440,SK바이오사이언스,제약,target_price,,49000.0
2026-07-17,302440,SK바이오사이언스,제약,rev_e,2026/12,7392.0
2026-07-17,302440,SK바이오사이언스,제약,op_e,2026/12,-1295.0
2026-07-17,028670,팬오션,해운사,target_price,,7554.0
2026-07-17,028670,팬오션,해운사,rev_e,2026/12,61631.0
2026-07-17,028670,팬오션,해운사,op_e,2026/12,5923.0
2026-07-17,009420,한올바이오파마,제약,target_price,,82250.0
2026-07-17,009420,한올바이오파마,제약,rev_e,2026/12,1697.0
2026-07-17,009420,한올바이오파마,제약,op_e,2026/12,17.0
2026-07-17,012750,에스원,상업서비스와공급품,target_price,,94000.0
2026-07-17,012750,에스원,상업서비스와공급품,rev_e,2026/12,29680.0
2026-07-17,012750,에스원,상업서비스와공급품,op_e,2026/12,1961.0
2026-07-17,014680,한솔케미칼,화학,target_price,,402500.0
2026-07-17,014680,한솔케미칼,화학,rev_e,2026/12,10010.0
2026-07-17,014680,한솔케미칼,화학,op_e,2026/12,1887.0
2026-07-17,310210,보로노이,제약,target_price,,450000.0
2026-07-17,310210,보로노이,제약,rev_e,2026/12,340.0
2026-07-17,310210,보로노이,제약,op_e,2026/12,-440.0
2026-07-17,011170,롯데케미칼,화학,target_price,,124692.0
2026-07-17,011170,롯데케미칼,화학,rev_e,2026/12,216789.0
2026-07-17,011170,롯데케미칼,화학,op_e,2026/12,1671.0
2026-07-17,483650,달바글로벌,화장품,target_price,,299615.0
2026-07-17,483650,달바글로벌,화장품,rev_e,2026/12,7483.0
2026-07-17,483650,달바글로벌,화장품,op_e,2026/12,1607.0
2026-07-17,237690,에스티팜,제약,target_price,,204071.0
2026-07-17,237690,에스티팜,제약,rev_e,2026/12,4176.0
2026-07-17,237690,에스티팜,제약,op_e,2026/12,785.0
2026-07-17,279570,케이뱅크,은행,target_price,,7500.0
2026-07-17,279570,케이뱅크,은행,op_e,2026/12,1349.0
2026-07-17,161890,한국콜마,화장품,target_price,,132526.0
2026-07-17,161890,한국콜마,화장품,rev_e,2026/12,30699.0
2026-07-17,161890,한국콜마,화장품,op_e,2026/12,3153.0
2026-07-17,005850,에스엘,자동차부품,target_price,,92000.0
2026-07-17,005850,에스엘,자동차부품,rev_e,2026/12,57293.0
2026-07-17,005850,에스엘,자동차부품,op_e,2026/12,4617.0
2026-07-17,178320,서진시스템,전기장비,target_price,,72250.0
2026-07-17,178320,서진시스템,전기장비,rev_e,2026/12,17736.0
2026-07-17,178320,서진시스템,전기장비,op_e,2026/12,1621.0
2026-07-17,081660,미스토홀딩스,"섬유,의류,신발,호화품",target_price,,59111.0
2026-07-17,081660,미스토홀딩스,"섬유,의류,신발,호화품",rev_e,2026/12,47143.0
2026-07-17,081660,미스토홀딩스,"섬유,의류,신발,호화품",op_e,2026/12,5643.0
2026-07-17,003690,코리안리,손해보험,target_price,,16333.0
2026-07-17,064760,티씨케이,반도체와반도체장비,target_price,,385000.0
2026-07-17,064760,티씨케이,반도체와반도체장비,rev_e,2026/12,3952.0
2026-07-17,064760,티씨케이,반도체와반도체장비,op_e,2026/12,1249.0
2026-07-17,000240,한국앤컴퍼니,자동차부품,target_price,,33000.0
2026-07-17,000240,한국앤컴퍼니,자동차부품,rev_e,2026/12,15981.0
2026-07-17,000240,한국앤컴퍼니,자동차부품,op_e,2026/12,4574.0
2026-07-17,004800,효성,복합기업,target_price,,335000.0
2026-07-17,004800,효성,복합기업,rev_e,2026/12,24720.0
2026-07-17,004800,효성,복합기업,op_e,2026/12,4620.0
2026-07-17,007340,DN오토모티브,자동차부품,target_price,,55000.0
2026-07-17,007340,DN오토모티브,자동차부품,rev_e,2026/12,44349.0
2026-07-17,007340,DN오토모티브,자동차부품,op_e,2026/12,5836.0
2026-07-17,067310,하나마이크론,반도체와반도체장비,target_price,,58750.0
2026-07-17,067310,하나마이크론,반도체와반도체장비,rev_e,2026/12,22475.0
2026-07-17,067310,하나마이크론,반도체와반도체장비,op_e,2026/12,3155.0
2026-07-17,257720,실리콘투,인터넷과카탈로그소매,target_price,,55500.0
2026-07-17,257720,실리콘투,인터넷과카탈로그소매,rev_e,2026/12,15542.0
2026-07-17,257720,실리콘투,인터넷과카탈로그소매,op_e,2026/12,2751.0
2026-07-17,006360,GS건설,건설,target_price,,44882.0
2026-07-17,006360,GS건설,건설,rev_e,2026/12,110676.0
2026-07-17,006360,GS건설,건설,op_e,2026/12,4547.0
2026-07-17,375500,DL이앤씨,건설,target_price,,105176.0
2026-07-17,375500,DL이앤씨,건설,rev_e,2026/12,69526.0
2026-07-17,375500,DL이앤씨,건설,op_e,2026/12,5260.0
2026-07-17,489790,한화비전,통신장비,target_price,,109333.0
2026-07-17,489790,한화비전,통신장비,rev_e,2026/12,17909.0
2026-07-17,489790,한화비전,통신장비,op_e,2026/12,1623.0
2026-07-17,004990,롯데지주,복합기업,target_price,,36500.0
2026-07-17,004990,롯데지주,복합기업,rev_e,2026/12,158390.0
2026-07-17,004990,롯데지주,복합기업,op_e,2026/12,3797.0
2026-07-17,357780,솔브레인,반도체와반도체장비,target_price,,549250.0
2026-07-17,357780,솔브레인,반도체와반도체장비,rev_e,2026/12,10973.0
2026-07-17,357780,솔브레인,반도체와반도체장비,op_e,2026/12,1941.0
2026-07-17,085620,미래에셋생명,생명보험,target_price,,14000.0
2026-07-17,007070,GS리테일,백화점과일반상점,target_price,,31769.0
2026-07-17,007070,GS리테일,백화점과일반상점,rev_e,2026/12,124300.0
2026-07-17,007070,GS리테일,백화점과일반상점,op_e,2026/12,3482.0
2026-07-17,139480,이마트,백화점과일반상점,target_price,,121667.0
2026-07-17,139480,이마트,백화점과일반상점,rev_e,2026/12,292202.0
2026-07-17,139480,이마트,백화점과일반상점,op_e,2026/12,5406.0
2026-07-17,282330,BGF리테일,백화점과일반상점,target_price,,174357.0
2026-07-17,282330,BGF리테일,백화점과일반상점,rev_e,2026/12,95038.0
2026-07-17,282330,BGF리테일,백화점과일반상점,op_e,2026/12,2961.0
2026-07-17,005440,현대지에프홀딩스,복합기업,target_price,,19750.0
2026-07-17,005440,현대지에프홀딩스,복합기업,rev_e,2026/12,84266.0
2026-07-17,005440,현대지에프홀딩스,복합기업,op_e,2026/12,3609.0
2026-07-17,263750,펄어비스,게임엔터테인먼트,target_price,,70778.0
2026-07-17,263750,펄어비스,게임엔터테인먼트,rev_e,2026/12,9164.0
2026-07-17,263750,펄어비스,게임엔터테인먼트,op_e,2026/12,4771.0
2026-07-17,030000,제일기획,광고,target_price,,25400.0
2026-07-17,030000,제일기획,광고,rev_e,2026/12,47043.0
2026-07-17,030000,제일기획,광고,op_e,2026/12,3332.0
2026-07-17,319400,현대무벡스,기계,rev_e,2026/12,4640.0
2026-07-17,319400,현대무벡스,기계,op_e,2026/12,210.0
2026-07-17,004370,농심,식품,target_price,,541667.0
2026-07-17,004370,농심,식품,rev_e,2026/12,37114.0
2026-07-17,004370,농심,식품,op_e,2026/12,2151.0
2026-07-17,204320,HL만도,자동차부품,target_price,,75111.0
2026-07-17,204320,HL만도,자동차부품,rev_e,2026/12,97521.0
2026-07-17,204320,HL만도,자동차부품,op_e,2026/12,4022.0
2026-07-17,420770,기가비스,반도체와반도체장비,target_price,,185000.0
2026-07-17,420770,기가비스,반도체와반도체장비,rev_e,2026/12,906.0
2026-07-17,420770,기가비스,반도체와반도체장비,op_e,2026/12,262.0
2026-07-17,192820,코스맥스,화장품,target_price,,247389.0
2026-07-17,192820,코스맥스,화장품,rev_e,2026/12,27672.0
2026-07-17,192820,코스맥스,화장품,op_e,2026/12,2332.0
2026-07-17,018670,SK가스,가스유틸리티,target_price,,367000.0
2026-07-17,018670,SK가스,가스유틸리티,rev_e,2026/12,101795.0
2026-07-17,018670,SK가스,가스유틸리티,op_e,2026/12,6456.0
2026-07-17,281820,케이씨텍,반도체와반도체장비,target_price,,127000.0
2026-07-17,281820,케이씨텍,반도체와반도체장비,rev_e,2026/12,6528.0
2026-07-17,281820,케이씨텍,반도체와반도체장비,op_e,2026/12,1462.0
2026-07-17,051600,한전KPS,전기유틸리티,target_price,,69818.0
2026-07-17,051600,한전KPS,전기유틸리티,rev_e,2026/12,16421.0
2026-07-17,051600,한전KPS,전기유틸리티,op_e,2026/12,1900.0
2026-07-17,071970,HD현대마린엔진,조선,target_price,,125167.0
2026-07-17,071970,HD현대마린엔진,조선,rev_e,2026/12,6087.0
2026-07-17,071970,HD현대마린엔진,조선,op_e,2026/12,1526.0
2026-07-17,290650,엘앤씨바이오,건강관리장비와용품,rev_e,2026/12,1624.0
2026-07-17,290650,엘앤씨바이오,건강관리장비와용품,op_e,2026/12,367.0
2026-07-17,462870,시프트업,게임엔터테인먼트,target_price,,46000.0
2026-07-17,462870,시프트업,게임엔터테인먼트,rev_e,2026/12,2110.0
2026-07-17,462870,시프트업,게임엔터테인먼트,op_e,2026/12,1074.0
2026-07-17,008770,호텔신라,백화점과일반상점,target_price,,75538.0
2026-07-17,008770,호텔신라,백화점과일반상점,rev_e,2026/12,40713.0
2026-07-17,008770,호텔신라,백화점과일반상점,op_e,2026/12,1805.0
2026-07-17,089030,테크윙,반도체와반도체장비,rev_e,2026/12,3718.0
2026-07-17,089030,테크윙,반도체와반도체장비,op_e,2026/12,985.0
2026-07-17,140860,파크시스템스,전자장비와기기,target_price,,364143.0
2026-07-17,140860,파크시스템스,전자장비와기기,rev_e,2026/12,2425.0
2026-07-17,140860,파크시스템스,전자장비와기기,op_e,2026/12,563.0
2026-07-17,098460,고영,전자장비와기기,target_price,,48417.0
2026-07-17,098460,고영,전자장비와기기,rev_e,2026/12,3044.0
2026-07-17,098460,고영,전자장비와기기,op_e,2026/12,438.0
2026-07-17,475150,SK이터닉스,에너지장비및서비스,target_price,,57250.0
2026-07-17,475150,SK이터닉스,에너지장비및서비스,rev_e,2026/12,3856.0
2026-07-17,475150,SK이터닉스,에너지장비및서비스,op_e,2026/12,530.0
2026-07-17,457190,이수스페셜티케미컬,화학,rev_e,2026/12,4360.0
2026-07-17,457190,이수스페셜티케미컬,화학,op_e,2026/12,-9.0
2026-07-17,439260,대한조선,조선,target_price,,122000.0
2026-07-17,439260,대한조선,조선,rev_e,2026/12,13138.0
2026-07-17,439260,대한조선,조선,op_e,2026/12,3671.0
2026-07-17,103140,풍산,비철금속,target_price,,123078.0
2026-07-17,103140,풍산,비철금속,rev_e,2026/12,61228.0
2026-07-17,103140,풍산,비철금속,op_e,2026/12,3630.0
2026-07-17,020150,롯데에너지머티리얼즈,전자장비와기기,target_price,,82009.0
2026-07-17,020150,롯데에너지머티리얼즈,전자장비와기기,rev_e,2026/12,8824.0
2026-07-17,020150,롯데에너지머티리얼즈,전자장비와기기,op_e,2026/12,-387.0
2026-07-17,007810,코리아써키트,전자장비와기기,target_price,,156667.0
2026-07-17,007810,코리아써키트,전자장비와기기,rev_e,2026/12,18086.0
2026-07-17,007810,코리아써키트,전자장비와기기,op_e,2026/12,1467.0
2026-07-17,112610,씨에스윈드,에너지장비및서비스,target_price,,77889.0
2026-07-17,112610,씨에스윈드,에너지장비및서비스,rev_e,2026/12,28940.0
2026-07-17,112610,씨에스윈드,에너지장비및서비스,op_e,2026/12,3032.0
2026-07-17,073240,금호타이어,자동차부품,target_price,,8330.0
2026-07-17,073240,금호타이어,자동차부품,rev_e,2026/12,50699.0
2026-07-17,073240,금호타이어,자동차부품,op_e,2026/12,5748.0
2026-07-17,131970,두산테스나,반도체와반도체장비,target_price,,190857.0
2026-07-17,131970,두산테스나,반도체와반도체장비,rev_e,2026/12,3493.0
2026-07-17,131970,두산테스나,반도체와반도체장비,op_e,2026/12,484.0
2026-07-17,035900,JYP Ent.,방송과엔터테인먼트,target_price,,86412.0
2026-07-17,035900,JYP Ent.,방송과엔터테인먼트,rev_e,2026/12,8799.0
2026-07-17,035900,JYP Ent.,방송과엔터테인먼트,op_e,2026/12,1732.0
2026-07-17,000120,CJ대한통운,항공화물운송과물류,target_price,,132750.0
2026-07-17,000120,CJ대한통운,항공화물운송과물류,rev_e,2026/12,129530.0
2026-07-17,000120,CJ대한통운,항공화물운송과물류,op_e,2026/12,5126.0
2026-07-17,120110,코오롱인더,화학,target_price,,113000.0
2026-07-17,120110,코오롱인더,화학,rev_e,2026/12,53044.0
2026-07-17,120110,코오롱인더,화학,op_e,2026/12,2328.0
2026-07-17,001740,SK네트웍스,복합기업,target_price,,9350.0
2026-07-17,001740,SK네트웍스,복합기업,rev_e,2026/12,69921.0
2026-07-17,001740,SK네트웍스,복합기업,op_e,2026/12,1240.0
2026-07-17,041510,에스엠,방송과엔터테인먼트,target_price,,124176.0
2026-07-17,041510,에스엠,방송과엔터테인먼트,rev_e,2026/12,12779.0
2026-07-17,041510,에스엠,방송과엔터테인먼트,op_e,2026/12,1972.0
2026-07-17,001800,오리온홀딩스,식품,rev_e,2026/12,37706.0
2026-07-17,001800,오리온홀딩스,식품,op_e,2026/12,6028.0
2026-07-17,011210,현대위아,자동차부품,target_price,,94273.0
2026-07-17,011210,현대위아,자동차부품,rev_e,2026/12,88622.0
2026-07-17,011210,현대위아,자동차부품,op_e,2026/12,2257.0
2026-07-17,096530,씨젠,생명과학도구및서비스,target_price,,44500.0
2026-07-17,096530,씨젠,생명과학도구및서비스,rev_e,2026/12,5316.0
2026-07-17,096530,씨젠,생명과학도구및서비스,op_e,2026/12,790.0
2026-07-17,183300,코미코,반도체와반도체장비,target_price,,170932.0
2026-07-17,183300,코미코,반도체와반도체장비,rev_e,2026/12,7194.0
2026-07-17,183300,코미코,반도체와반도체장비,op_e,2026/12,1289.0
2026-07-17,006040,동원산업,식품,target_price,,49333.0
2026-07-17,006040,동원산업,식품,rev_e,2026/12,101231.0
2026-07-17,006040,동원산업,식품,op_e,2026/12,5524.0
2026-07-17,058610,에스피지,전기제품,target_price,,160000.0
2026-07-17,058610,에스피지,전기제품,rev_e,2026/12,3690.0
2026-07-17,058610,에스피지,전기제품,op_e,2026/12,238.0
2026-07-17,020560,아시아나항공,항공사,rev_e,2026/12,69880.0
2026-07-17,020560,아시아나항공,항공사,op_e,2026/12,-5700.0
2026-07-17,006280,녹십자,제약,target_price,,210833.0
2026-07-17,006280,녹십자,제약,rev_e,2026/12,20387.0
2026-07-17,006280,녹십자,제약,op_e,2026/12,747.0
2026-07-17,001120,LX인터내셔널,무역회사와판매업체,target_price,,67667.0
2026-07-17,001120,LX인터내셔널,무역회사와판매업체,rev_e,2026/12,180313.0
2026-07-17,001120,LX인터내셔널,무역회사와판매업체,op_e,2026/12,4786.0
2026-07-17,069620,대웅제약,제약,target_price,,209000.0
2026-07-17,069620,대웅제약,제약,rev_e,2026/12,16630.0
2026-07-17,069620,대웅제약,제약,op_e,2026/12,2143.0
2026-07-17,097230,HJ중공업,건설,target_price,,37000.0
2026-07-17,097230,HJ중공업,건설,rev_e,2026/12,25720.0
2026-07-17,097230,HJ중공업,건설,op_e,2026/12,2050.0
2026-07-17,060370,LS마린솔루션,건설,target_price,,44000.0
2026-07-17,060370,LS마린솔루션,건설,rev_e,2026/12,3055.0
2026-07-17,060370,LS마린솔루션,건설,op_e,2026/12,187.0
2026-07-17,089860,롯데렌탈,도로와철도운송,target_price,,44778.0
2026-07-17,089860,롯데렌탈,도로와철도운송,rev_e,2026/12,30689.0
2026-07-17,089860,롯데렌탈,도로와철도운송,op_e,2026/12,3591.0
2026-07-17,083650,비에이치아이,에너지장비및서비스,target_price,,110000.0
2026-07-17,083650,비에이치아이,에너지장비및서비스,rev_e,2026/12,11030.0
2026-07-17,083650,비에이치아이,에너지장비및서비스,op_e,2026/12,1201.0
2026-07-17,229640,LS에코에너지,전기장비,target_price,,79750.0
2026-07-17,229640,LS에코에너지,전기장비,rev_e,2026/12,11965.0
2026-07-17,229640,LS에코에너지,전기장비,op_e,2026/12,824.0
2026-07-17,082920,비츠로셀,전기제품,target_price,,61500.0
2026-07-17,082920,비츠로셀,전기제품,rev_e,2026/12,3060.0
2026-07-17,082920,비츠로셀,전기제품,op_e,2026/12,916.0
2026-07-17,192080,더블유게임즈,게임엔터테인먼트,target_price,,82500.0
2026-07-17,192080,더블유게임즈,게임엔터테인먼트,rev_e,2026/12,8402.0
2026-07-17,192080,더블유게임즈,게임엔터테인먼트,op_e,2026/12,2839.0
2026-07-17,043260,성호전자,전기제품,target_price,,85000.0
2026-07-17,043260,성호전자,전기제품,rev_e,2026/12,3020.0
2026-07-17,043260,성호전자,전기제품,op_e,2026/12,401.0
2026-07-17,093370,후성,화학,target_price,,20000.0
2026-07-17,093370,후성,화학,rev_e,2026/12,5928.0
2026-07-17,093370,후성,화학,op_e,2026/12,527.0
2026-07-17,005070,코스모신소재,화학,target_price,,61500.0
2026-07-17,005070,코스모신소재,화학,rev_e,2026/12,6573.0
2026-07-17,005070,코스모신소재,화학,op_e,2026/12,140.0
2026-07-17,322000,HD현대에너지솔루션,에너지장비및서비스,target_price,,267500.0
2026-07-17,322000,HD현대에너지솔루션,에너지장비및서비스,rev_e,2026/12,6981.0
2026-07-17,322000,HD현대에너지솔루션,에너지장비및서비스,op_e,2026/12,1168.0
2026-07-17,003540,대신증권,증권,target_price,,41667.0
2026-07-17,003540,대신증권,증권,op_e,2026/12,4233.0
2026-07-17,218410,RFHIC,통신장비,target_price,,132600.0
2026-07-17,218410,RFHIC,통신장비,rev_e,2026/12,2616.0
2026-07-17,218410,RFHIC,통신장비,op_e,2026/12,542.0
2026-07-17,181710,NHN,IT서비스,target_price,,54667.0
2026-07-17,181710,NHN,IT서비스,rev_e,2026/12,28653.0
2026-07-17,181710,NHN,IT서비스,op_e,2026/12,1782.0
2026-07-17,012630,HDC,건설,target_price,,35000.0
2026-07-17,012630,HDC,건설,rev_e,2026/12,69186.0
2026-07-17,012630,HDC,건설,op_e,2026/12,6860.0
2026-07-17,017960,한국카본,조선,target_price,,57667.0
2026-07-17,017960,한국카본,조선,rev_e,2026/12,9487.0
2026-07-17,017960,한국카본,조선,op_e,2026/12,1818.0
2026-07-17,298020,효성티앤씨,무역회사와판매업체,target_price,,597500.0
2026-07-17,298020,효성티앤씨,무역회사와판매업체,rev_e,2026/12,85375.0
2026-07-17,298020,효성티앤씨,무역회사와판매업체,op_e,2026/12,4539.0
2026-07-17,078600,대주전자재료,전자장비와기기,target_price,,191500.0
2026-07-17,078600,대주전자재료,전자장비와기기,rev_e,2026/12,3924.0
2026-07-17,078600,대주전자재료,전자장비와기기,op_e,2026/12,396.0
2026-07-17,082640,동양생명,생명보험,target_price,,9900.0
2026-07-17,294870,IPARK현대산업개발,건설,target_price,,30385.0
2026-07-17,294870,IPARK현대산업개발,건설,rev_e,2026/12,39255.0
2026-07-17,294870,IPARK현대산업개발,건설,op_e,2026/12,5096.0
2026-07-17,004000,롯데정밀화학,화학,target_price,,77500.0
2026-07-17,004000,롯데정밀화학,화학,rev_e,2026/12,19883.0
2026-07-17,004000,롯데정밀화학,화학,op_e,2026/12,1388.0
2026-07-17,361610,SK아이이테크놀로지,전기제품,target_price,,25667.0
2026-07-17,361610,SK아이이테크놀로지,전기제품,rev_e,2026/12,1899.0
2026-07-17,361610,SK아이이테크놀로지,전기제품,op_e,2026/12,-2448.0
2026-07-17,001430,세아베스틸지주,철강,target_price,,64544.0
2026-07-17,001430,세아베스틸지주,철강,rev_e,2026/12,39895.0
2026-07-17,001430,세아베스틸지주,철강,op_e,2026/12,1518.0
2026-07-17,003570,SNT다이내믹스,자동차부품,target_price,,77000.0
2026-07-17,003570,SNT다이내믹스,자동차부품,rev_e,2026/12,8077.0
2026-07-17,003570,SNT다이내믹스,자동차부품,op_e,2026/12,1121.0
2026-07-17,458870,씨어스,건강관리기술,target_price,,68400.0
2026-07-17,458870,씨어스,건강관리기술,rev_e,2026/12,1390.0
2026-07-17,458870,씨어스,건강관리기술,op_e,2026/12,604.0
2026-07-17,195940,HK이노엔,제약,target_price,,64182.0
2026-07-17,195940,HK이노엔,제약,rev_e,2026/12,10996.0
2026-07-17,195940,HK이노엔,제약,op_e,2026/12,1302.0
2026-07-17,003380,하림지주,식품,target_price,,16500.0
2026-07-17,003380,하림지주,식품,rev_e,2026/12,147130.0
2026-07-17,003380,하림지주,식품,op_e,2026/12,10240.0
2026-07-17,166090,하나머티리얼즈,반도체와반도체장비,target_price,,106000.0
2026-07-17,166090,하나머티리얼즈,반도체와반도체장비,rev_e,2026/12,3852.0
2026-07-17,166090,하나머티리얼즈,반도체와반도체장비,op_e,2026/12,1002.0
2026-07-17,000080,하이트진로,음료,target_price,,23667.0
2026-07-17,000080,하이트진로,음료,rev_e,2026/12,25124.0
2026-07-17,000080,하이트진로,음료,op_e,2026/12,1958.0
2026-07-17,300720,한일시멘트,건축자재,target_price,,19500.0
2026-07-17,300720,한일시멘트,건축자재,rev_e,2026/12,13950.0
2026-07-17,300720,한일시멘트,건축자재,op_e,2026/12,1150.0
2026-07-17,077970,STX엔진,조선,target_price,,72000.0
2026-07-17,077970,STX엔진,조선,rev_e,2026/12,9494.0
2026-07-17,077970,STX엔진,조선,op_e,2026/12,1004.0
2026-07-17,347700,스피어,우주항공과국방,target_price,,50000.0
2026-07-17,347700,스피어,우주항공과국방,rev_e,2026/12,2400.0
2026-07-17,347700,스피어,우주항공과국방,op_e,2026/12,175.0
2026-07-17,000210,DL,화학,target_price,,82000.0
2026-07-17,000210,DL,화학,rev_e,2026/12,55590.0
2026-07-17,000210,DL,화학,op_e,2026/12,5348.0
2026-07-17,195870,해성디에스,반도체와반도체장비,target_price,,101050.0
2026-07-17,195870,해성디에스,반도체와반도체장비,rev_e,2026/12,8385.0
2026-07-17,195870,해성디에스,반도체와반도체장비,op_e,2026/12,936.0
2026-07-18,005930,삼성전자,반도체와반도체장비,target_price,,513958.0
2026-07-18,005930,삼성전자,반도체와반도체장비,rev_e,2026/12,7324732.0
2026-07-18,005930,삼성전자,반도체와반도체장비,op_e,2026/12,3832404.0
2026-07-18,000660,SK하이닉스,반도체와반도체장비,target_price,,3547917.0
2026-07-18,000660,SK하이닉스,반도체와반도체장비,rev_e,2026/12,3543680.0
2026-07-18,000660,SK하이닉스,반도체와반도체장비,op_e,2026/12,2728836.0
2026-07-18,402340,SK스퀘어,반도체와반도체장비,target_price,,1900000.0
2026-07-18,402340,SK스퀘어,반도체와반도체장비,rev_e,2026/12,73622.0
2026-07-18,402340,SK스퀘어,반도체와반도체장비,op_e,2026/12,434130.0
2026-07-18,009150,삼성전기,전자장비와기기,target_price,,2503333.0
2026-07-18,009150,삼성전기,전자장비와기기,rev_e,2026/12,135515.0
2026-07-18,009150,삼성전기,전자장비와기기,op_e,2026/12,16599.0
2026-07-18,005380,현대차,자동차,target_price,,789200.0
2026-07-18,005380,현대차,자동차,rev_e,2026/12,1934171.0
2026-07-18,005380,현대차,자동차,op_e,2026/12,117500.0
2026-07-18,373220,LG에너지솔루션,전기제품,target_price,,549591.0
2026-07-18,373220,LG에너지솔루션,전기제품,rev_e,2026/12,306192.0
2026-07-18,373220,LG에너지솔루션,전기제품,op_e,2026/12,11337.0
2026-07-18,032830,삼성생명,생명보험,target_price,,408607.0
2026-07-18,032830,삼성생명,생명보험,op_e,2026/12,33448.0
2026-07-18,207940,삼성바이오로직스,제약,target_price,,2057368.0
2026-07-18,207940,삼성바이오로직스,제약,rev_e,2026/12,54270.0
2026-07-18,207940,삼성바이오로직스,제약,op_e,2026/12,24946.0
2026-07-18,105560,KB금융,은행,target_price,,220842.0
2026-07-18,105560,KB금융,은행,op_e,2026/12,93655.0
2026-07-18,000270,기아,자동차,target_price,,232174.0
2026-07-18,000270,기아,자동차,rev_e,2026/12,1243613.0
2026-07-18,000270,기아,자동차,op_e,2026/12,102889.0
2026-07-18,028260,삼성물산,복합기업,target_price,,585385.0
2026-07-18,028260,삼성물산,복합기업,rev_e,2026/12,441678.0
2026-07-18,028260,삼성물산,복합기업,op_e,2026/12,36331.0
2026-07-18,055550,신한지주,은행,target_price,,134263.0
2026-07-18,055550,신한지주,은행,op_e,2026/12,77227.0
2026-07-18,329180,HD현대중공업,조선,target_price,,911524.0
2026-07-18,329180,HD현대중공업,조선,rev_e,2026/12,248500.0
2026-07-18,329180,HD현대중공업,조선,op_e,2026/12,38876.0
2026-07-18,012450,한화에어로스페이스,우주항공과국방,target_price,,1736111.0
2026-07-18,012450,한화에어로스페이스,우주항공과국방,rev_e,2026/12,305323.0
2026-07-18,012450,한화에어로스페이스,우주항공과국방,op_e,2026/12,42796.0
2026-07-18,034020,두산에너빌리티,기계,target_price,,150200.0
2026-07-18,034020,두산에너빌리티,기계,rev_e,2026/12,181032.0
2026-07-18,034020,두산에너빌리티,기계,op_e,2026/12,11185.0
2026-07-18,012330,현대모비스,자동차부품,target_price,,774800.0
2026-07-18,012330,현대모비스,자동차부품,rev_e,2026/12,652155.0
2026-07-18,012330,현대모비스,자동차부품,op_e,2026/12,37334.0
2026-07-18,034730,SK,석유와가스,target_price,,853692.0
2026-07-18,034730,SK,석유와가스,rev_e,2026/12,1418951.0
2026-07-18,034730,SK,석유와가스,op_e,2026/12,98678.0
2026-07-18,068270,셀트리온,제약,target_price,,265398.0
2026-07-18,068270,셀트리온,제약,rev_e,2026/12,53265.0
2026-07-18,068270,셀트리온,제약,op_e,2026/12,17804.0
2026-07-18,086790,하나금융지주,은행,target_price,,161950.0
2026-07-18,086790,하나금융지주,은행,op_e,2026/12,60545.0
2026-07-18,006400,삼성SDI,전기제품,target_price,,802130.0
2026-07-18,006400,삼성SDI,전기제품,rev_e,2026/12,156606.0
2026-07-18,006400,삼성SDI,전기제품,op_e,2026/12,217.0
2026-07-18,000810,삼성화재,손해보험,target_price,,721882.0
2026-07-18,000810,삼성화재,손해보험,op_e,2026/12,30870.0
2026-07-18,035420,NAVER,양방향미디어와서비스,target_price,,330143.0
2026-07-18,035420,NAVER,양방향미디어와서비스,rev_e,2026/12,137559.0
2026-07-18,035420,NAVER,양방향미디어와서비스,op_e,2026/12,23891.0
2026-07-18,066570,LG전자,전자제품,target_price,,218250.0
2026-07-18,066570,LG전자,전자제품,rev_e,2026/12,949907.0
2026-07-18,066570,LG전자,전자제품,op_e,2026/12,42384.0
2026-07-18,267260,HD현대일렉트릭,전기장비,target_price,,1445714.0
2026-07-18,267260,HD현대일렉트릭,전기장비,rev_e,2026/12,46676.0
2026-07-18,267260,HD현대일렉트릭,전기장비,op_e,2026/12,12399.0
2026-07-18,010120,LS ELECTRIC,전기장비,target_price,,266000.0
2026-07-18,010120,LS ELECTRIC,전기장비,rev_e,2026/12,61924.0
2026-07-18,010120,LS ELECTRIC,전기장비,op_e,2026/12,6628.0
2026-07-18,042660,한화오션,조선,target_price,,150905.0
2026-07-18,042660,한화오션,조선,rev_e,2026/12,142398.0
2026-07-18,042660,한화오션,조선,op_e,2026/12,19240.0
2026-07-18,298040,효성중공업,전기장비,target_price,,4635714.0
2026-07-18,298040,효성중공업,전기장비,rev_e,2026/12,70936.0
2026-07-18,298040,효성중공업,전기장비,op_e,2026/12,10911.0
2026-07-18,009540,HD한국조선해양,조선,target_price,,583667.0
2026-07-18,009540,HD한국조선해양,조선,rev_e,2026/12,340349.0
2026-07-18,009540,HD한국조선해양,조선,op_e,2026/12,57969.0
2026-07-18,005490,POSCO홀딩스,철강,target_price,,535544.0
2026-07-18,005490,POSCO홀딩스,철강,rev_e,2026/12,726846.0
2026-07-18,005490,POSCO홀딩스,철강,op_e,2026/12,30876.0
2026-07-18,042700,한미반도체,반도체와반도체장비,target_price,,380000.0
2026-07-18,042700,한미반도체,반도체와반도체장비,rev_e,2026/12,8196.0
2026-07-18,042700,한미반도체,반도체와반도체장비,op_e,2026/12,3822.0
2026-07-18,316140,우리금융지주,은행,target_price,,43650.0
2026-07-18,316140,우리금융지주,은행,op_e,2026/12,43435.0
2026-07-18,006800,미래에셋증권,증권,target_price,,68125.0
2026-07-18,006800,미래에셋증권,증권,rev_e,2026/12,412959.0
2026-07-18,006800,미래에셋증권,증권,op_e,2026/12,42132.0
2026-07-18,015760,한국전력,전기유틸리티,target_price,,56267.0
2026-07-18,015760,한국전력,전기유틸리티,rev_e,2026/12,985021.0
2026-07-18,015760,한국전력,전기유틸리티,op_e,2026/12,100193.0
2026-07-18,010130,고려아연,비철금속,target_price,,1764500.0
2026-07-18,010130,고려아연,비철금속,rev_e,2026/12,234635.0
2026-07-18,010130,고려아연,비철금속,op_e,2026/12,23854.0
2026-07-18,096770,SK이노베이션,석유와가스,target_price,,172818.0
2026-07-18,096770,SK이노베이션,석유와가스,rev_e,2026/12,1023677.0
2026-07-18,096770,SK이노베이션,석유와가스,op_e,2026/12,54904.0
2026-07-18,138040,메리츠금융지주,증권,target_price,,148000.0
2026-07-18,138040,메리츠금융지주,증권,op_e,2026/12,32058.0
2026-07-18,010140,삼성중공업,조선,target_price,,39750.0
2026-07-18,010140,삼성중공업,조선,rev_e,2026/12,128480.0
2026-07-18,010140,삼성중공업,조선,op_e,2026/12,14650.0
2026-07-18,000150,두산,복합기업,target_price,,2305385.0
2026-07-18,000150,두산,복합기업,rev_e,2026/12,216917.0
2026-07-18,000150,두산,복합기업,op_e,2026/12,17032.0
2026-07-18,017670,SK텔레콤,무선통신서비스,target_price,,117444.0
2026-07-18,017670,SK텔레콤,무선통신서비스,rev_e,2026/12,177731.0
2026-07-18,017670,SK텔레콤,무선통신서비스,op_e,2026/12,19444.0
2026-07-18,011200,HMM,해운사,target_price,,22700.0
2026-07-18,011200,HMM,해운사,rev_e,2026/12,117674.0
2026-07-18,011200,HMM,해운사,op_e,2026/12,12211.0
2026-07-18,033780,KT&G,담배,target_price,,229286.0
2026-07-18,033780,KT&G,담배,rev_e,2026/12,69582.0
2026-07-18,033780,KT&G,담배,op_e,2026/12,15140.0
2026-07-18,051910,LG화학,화학,target_price,,449929.0
2026-07-18,051910,LG화학,화학,rev_e,2026/12,542857.0
2026-07-18,051910,LG화학,화학,op_e,2026/12,15532.0
2026-07-18,064350,현대로템,우주항공과국방,target_price,,308368.0
2026-07-18,064350,현대로템,우주항공과국방,rev_e,2026/12,69081.0
2026-07-18,064350,현대로템,우주항공과국방,op_e,2026/12,11552.0
2026-07-18,024110,기업은행,은행,target_price,,27714.0
2026-07-18,024110,기업은행,은행,op_e,2026/12,36895.0
2026-07-18,079550,LIG디펜스앤에어로스페이스,우주항공과국방,target_price,,1153889.0
2026-07-18,079550,LIG디펜스앤에어로스페이스,우주항공과국방,rev_e,2026/12,51520.0
2026-07-18,079550,LIG디펜스앤에어로스페이스,우주항공과국방,op_e,2026/12,4545.0
2026-07-18,010950,S-Oil,석유와가스,target_price,,156059.0
2026-07-18,010950,S-Oil,석유와가스,rev_e,2026/12,415952.0
2026-07-18,010950,S-Oil,석유와가스,op_e,2026/12,35895.0
2026-07-18,267250,HD현대,조선,target_price,,382000.0
2026-07-18,267250,HD현대,조선,rev_e,2026/12,807008.0
2026-07-18,267250,HD현대,조선,op_e,2026/12,90457.0
2026-07-18,035720,카카오,양방향미디어와서비스,target_price,,63063.0
2026-07-18,035720,카카오,양방향미디어와서비스,rev_e,2026/12,82507.0
2026-07-18,035720,카카오,양방향미디어와서비스,op_e,2026/12,9474.0
2026-07-18,011070,LG이노텍,전자장비와기기,target_price,,1219190.0
2026-07-18,011070,LG이노텍,전자장비와기기,rev_e,2026/12,245639.0
2026-07-18,011070,LG이노텍,전자장비와기기,op_e,2026/12,11828.0
2026-07-18,018260,삼성에스디에스,IT서비스,target_price,,256636.0
2026-07-18,018260,삼성에스디에스,IT서비스,rev_e,2026/12,143408.0
2026-07-18,018260,삼성에스디에스,IT서비스,op_e,2026/12,8361.0
2026-07-18,003550,LG,복합기업,target_price,,144909.0
2026-07-18,003550,LG,복합기업,rev_e,2026/12,82094.0
2026-07-18,003550,LG,복합기업,op_e,2026/12,16183.0
2026-07-18,196170,알테오젠,생물공학,target_price,,537500.0
2026-07-18,196170,알테오젠,생물공학,rev_e,2026/12,4674.0
2026-07-18,196170,알테오젠,생물공학,op_e,2026/12,2859.0
2026-07-18,278470,에이피알,화장품,target_price,,530526.0
2026-07-18,278470,에이피알,화장품,rev_e,2026/12,29443.0
2026-07-18,278470,에이피알,화장품,op_e,2026/12,7313.0
2026-07-18,047810,한국항공우주,우주항공과국방,target_price,,215813.0
2026-07-18,047810,한국항공우주,우주항공과국방,rev_e,2026/12,56027.0
2026-07-18,047810,한국항공우주,우주항공과국방,op_e,2026/12,4547.0
2026-07-18,086280,현대글로비스,항공화물운송과물류,target_price,,322588.0
2026-07-18,086280,현대글로비스,항공화물운송과물류,rev_e,2026/12,320575.0
2026-07-18,086280,현대글로비스,항공화물운송과물류,op_e,2026/12,21732.0
2026-07-18,030200,KT,다각화된통신서비스,target_price,,75111.0
2026-07-18,030200,KT,다각화된통신서비스,rev_e,2026/12,276320.0
2026-07-18,030200,KT,다각화된통신서비스,op_e,2026/12,20554.0
2026-07-18,003670,포스코퓨처엠,화학,target_price,,252222.0
2026-07-18,003670,포스코퓨처엠,화학,rev_e,2026/12,34146.0
2026-07-18,003670,포스코퓨처엠,화학,op_e,2026/12,997.0
2026-07-18,071050,한국금융지주,증권,target_price,,346500.0
2026-07-18,071050,한국금융지주,증권,rev_e,2026/12,443840.0
2026-07-18,071050,한국금융지주,증권,op_e,2026/12,35391.0
2026-07-18,272210,한화시스템,우주항공과국방,target_price,,130333.0
2026-07-18,272210,한화시스템,우주항공과국방,rev_e,2026/12,43490.0
2026-07-18,272210,한화시스템,우주항공과국방,op_e,2026/12,2664.0
2026-07-18,005940,NH투자증권,증권,target_price,,42750.0
2026-07-18,005940,NH투자증권,증권,rev_e,2026/12,238824.0
2026-07-18,005940,NH투자증권,증권,op_e,2026/12,21770.0
2026-07-18,259960,크래프톤,게임엔터테인먼트,target_price,,379444.0
2026-07-18,259960,크래프톤,게임엔터테인먼트,rev_e,2026/12,48472.0
2026-07-18,259960,크래프톤,게임엔터테인먼트,op_e,2026/12,14813.0
2026-07-18,000720,현대건설,건설,target_price,,208632.0
2026-07-18,000720,현대건설,건설,rev_e,2026/12,269007.0
2026-07-18,000720,현대건설,건설,op_e,2026/12,8281.0
2026-07-18,247540,에코프로비엠,전기제품,target_price,,248722.0
2026-07-18,247540,에코프로비엠,전기제품,rev_e,2026/12,30335.0
2026-07-18,247540,에코프로비엠,전기제품,op_e,2026/12,1136.0
2026-07-18,323410,카카오뱅크,은행,target_price,,29792.0
2026-07-18,323410,카카오뱅크,은행,op_e,2026/12,7099.0
2026-07-18,307950,현대오토에버,IT서비스,target_price,,676563.0
2026-07-18,307950,현대오토에버,IT서비스,rev_e,2026/12,47605.0
2026-07-18,307950,현대오토에버,IT서비스,op_e,2026/12,2742.0
2026-07-18,005830,DB손해보험,손해보험,target_price,,219938.0
2026-07-18,005830,DB손해보험,손해보험,op_e,2026/12,20748.0
2026-07-18,003490,대한항공,항공사,target_price,,36545.0
2026-07-18,003490,대한항공,항공사,rev_e,2026/12,281329.0
2026-07-18,003490,대한항공,항공사,op_e,2026/12,11052.0
2026-07-18,016360,삼성증권,증권,target_price,,165611.0
2026-07-18,016360,삼성증권,증권,rev_e,2026/12,211630.0
2026-07-18,016360,삼성증권,증권,op_e,2026/12,23027.0
2026-07-18,161390,한국타이어앤테크놀로지,자동차부품,target_price,,85500.0
2026-07-18,161390,한국타이어앤테크놀로지,자동차부품,rev_e,2026/12,224747.0
2026-07-18,161390,한국타이어앤테크놀로지,자동차부품,op_e,2026/12,21471.0
2026-07-18,443060,HD현대마린솔루션,조선,target_price,,324900.0
2026-07-18,443060,HD현대마린솔루션,조선,rev_e,2026/12,23869.0
2026-07-18,443060,HD현대마린솔루션,조선,op_e,2026/12,4310.0
2026-07-18,352820,하이브,방송과엔터테인먼트,target_price,,365000.0
2026-07-18,352820,하이브,방송과엔터테인먼트,rev_e,2026/12,44399.0
2026-07-18,352820,하이브,방송과엔터테인먼트,op_e,2026/12,2697.0
2026-07-18,006260,LS,전기장비,target_price,,610182.0
2026-07-18,006260,LS,전기장비,rev_e,2026/12,391427.0
2026-07-18,006260,LS,전기장비,op_e,2026/12,16924.0
2026-07-18,047050,포스코인터내셔널,무역회사와판매업체,target_price,,97429.0
2026-07-18,047050,포스코인터내셔널,무역회사와판매업체,rev_e,2026/12,337162.0
2026-07-18,047050,포스코인터내셔널,무역회사와판매업체,op_e,2026/12,14034.0
2026-07-18,036930,주성엔지니어링,반도체와반도체장비,target_price,,189500.0
2026-07-18,036930,주성엔지니어링,반도체와반도체장비,rev_e,2026/12,3514.0
2026-07-18,036930,주성엔지니어링,반도체와반도체장비,op_e,2026/12,602.0
2026-07-18,039490,키움증권,증권,target_price,,537824.0
2026-07-18,039490,키움증권,증권,rev_e,2026/12,255671.0
2026-07-18,039490,키움증권,증권,op_e,2026/12,22059.0
2026-07-18,003230,삼양식품,식품,target_price,,1856429.0
2026-07-18,003230,삼양식품,식품,rev_e,2026/12,30672.0
2026-07-18,003230,삼양식품,식품,op_e,2026/12,7310.0
2026-07-18,028050,삼성E&A,건설,target_price,,67079.0
2026-07-18,028050,삼성E&A,건설,rev_e,2026/12,102025.0
2026-07-18,028050,삼성E&A,건설,op_e,2026/12,8845.0
2026-07-18,277810,레인보우로보틱스,기계,target_price,,915000.0
2026-07-18,277810,레인보우로보틱스,기계,rev_e,2026/12,600.0
2026-07-18,277810,레인보우로보틱스,기계,op_e,2026/12,40.0
2026-07-18,078930,GS,석유와가스,target_price,,98000.0
2026-07-18,078930,GS,석유와가스,rev_e,2026/12,276022.0
2026-07-18,078930,GS,석유와가스,op_e,2026/12,41970.0
2026-07-18,090430,아모레퍼시픽,화장품,target_price,,167667.0
2026-07-18,090430,아모레퍼시픽,화장품,rev_e,2026/12,46030.0
2026-07-18,090430,아모레퍼시픽,화장품,op_e,2026/12,4633.0
2026-07-18,240810,원익IPS,반도체와반도체장비,target_price,,176200.0
2026-07-18,240810,원익IPS,반도체와반도체장비,rev_e,2026/12,13075.0
2026-07-18,240810,원익IPS,반도체와반도체장비,op_e,2026/12,1872.0
2026-07-18,021240,코웨이,가정용기기와용품,target_price,,125000.0
2026-07-18,021240,코웨이,가정용기기와용품,rev_e,2026/12,56250.0
2026-07-18,021240,코웨이,가정용기기와용품,op_e,2026/12,10139.0
2026-07-18,353200,대덕전자,전자장비와기기,target_price,,203214.0
2026-07-18,353200,대덕전자,전자장비와기기,rev_e,2026/12,15275.0
2026-07-18,353200,대덕전자,전자장비와기기,op_e,2026/12,2514.0
2026-07-18,007660,이수페타시스,반도체와반도체장비,target_price,,177917.0
2026-07-18,007660,이수페타시스,반도체와반도체장비,rev_e,2026/12,15496.0
2026-07-18,007660,이수페타시스,반도체와반도체장비,op_e,2026/12,3272.0
2026-07-18,000880,한화,복합기업,target_price,,174111.0
2026-07-18,000880,한화,복합기업,rev_e,2026/12,852746.0
2026-07-18,000880,한화,복합기업,op_e,2026/12,55718.0
2026-07-18,064400,LG씨엔에스,IT서비스,target_price,,100700.0
2026-07-18,064400,LG씨엔에스,IT서비스,rev_e,2026/12,66189.0
2026-07-18,064400,LG씨엔에스,IT서비스,op_e,2026/12,6081.0
2026-07-18,267270,HD건설기계,기계,target_price,,216167.0
2026-07-18,267270,HD건설기계,기계,rev_e,2026/12,92117.0
2026-07-18,267270,HD건설기계,기계,op_e,2026/12,7089.0
2026-07-18,047040,대우건설,건설,target_price,,30556.0
2026-07-18,047040,대우건설,건설,rev_e,2026/12,81142.0
2026-07-18,047040,대우건설,건설,op_e,2026/12,7389.0
2026-07-18,326030,SK바이오팜,제약,target_price,,147273.0
2026-07-18,326030,SK바이오팜,제약,rev_e,2026/12,9588.0
2026-07-18,326030,SK바이오팜,제약,op_e,2026/12,3377.0
2026-07-18,032640,LG유플러스,무선통신서비스,target_price,,19941.0
2026-07-18,032640,LG유플러스,무선통신서비스,rev_e,2026/12,156419.0
2026-07-18,032640,LG유플러스,무선통신서비스,op_e,2026/12,11109.0
2026-07-18,241560,두산밥캣,기계,target_price,,91071.0
2026-07-18,241560,두산밥캣,기계,rev_e,2026/12,93435.0
2026-07-18,241560,두산밥캣,기계,op_e,2026/12,7591.0
2026-07-18,138930,BNK금융지주,은행,target_price,,24194.0
2026-07-18,138930,BNK금융지주,은행,op_e,2026/12,10991.0
2026-07-18,319660,피에스케이,반도체와반도체장비,target_price,,179143.0
2026-07-18,319660,피에스케이,반도체와반도체장비,rev_e,2026/12,6742.0
2026-07-18,319660,피에스케이,반도체와반도체장비,op_e,2026/12,1797.0
2026-07-18,000100,유한양행,제약,target_price,,126818.0
2026-07-18,000100,유한양행,제약,rev_e,2026/12,23486.0
2026-07-18,000100,유한양행,제약,op_e,2026/12,1311.0
2026-07-18,004170,신세계,백화점과일반상점,target_price,,839444.0
2026-07-18,004170,신세계,백화점과일반상점,rev_e,2026/12,73038.0
2026-07-18,004170,신세계,백화점과일반상점,op_e,2026/12,7675.0
2026-07-18,377300,카카오페이,IT서비스,target_price,,91250.0
2026-07-18,377300,카카오페이,IT서비스,rev_e,2026/12,12960.0
2026-07-18,377300,카카오페이,IT서비스,op_e,2026/12,1388.0
2026-07-18,058470,리노공업,반도체와반도체장비,target_price,,136000.0
2026-07-18,058470,리노공업,반도체와반도체장비,rev_e,2026/12,4507.0
2026-07-18,058470,리노공업,반도체와반도체장비,op_e,2026/12,2183.0
2026-07-18,029780,삼성카드,카드,target_price,,63667.0
2026-07-18,029780,삼성카드,카드,rev_e,2026/12,46348.0
2026-07-18,029780,삼성카드,카드,op_e,2026/12,8315.0
2026-07-18,001440,대한전선,전기장비,target_price,,53500.0
2026-07-18,001440,대한전선,전기장비,rev_e,2026/12,42502.0
2026-07-18,001440,대한전선,전기장비,op_e,2026/12,1996.0
2026-07-18,950160,코오롱티슈진,생물공학,target_price,,280000.0
2026-07-18,950160,코오롱티슈진,생물공학,rev_e,2026/12,60.0
2026-07-18,950160,코오롱티슈진,생물공학,op_e,2026/12,-290.0
2026-07-18,034220,LG디스플레이,디스플레이패널,target_price,,17813.0
2026-07-18,034220,LG디스플레이,디스플레이패널,rev_e,2026/12,251834.0
2026-07-18,034220,LG디스플레이,디스플레이패널,op_e,2026/12,11083.0
2026-07-18,062040,산일전기,전기장비,target_price,,332750.0
2026-07-18,062040,산일전기,전기장비,rev_e,2026/12,6722.0
2026-07-18,062040,산일전기,전기장비,op_e,2026/12,2483.0
2026-07-18,175330,JB금융지주,은행,target_price,,37556.0
2026-07-18,175330,JB금융지주,은행,op_e,2026/12,10058.0
2026-07-18,271560,오리온,식품,target_price,,178846.0
2026-07-18,271560,오리온,식품,rev_e,2026/12,37640.0
2026-07-18,271560,오리온,식품,op_e,2026/12,6488.0
2026-07-18,128940,한미약품,제약,target_price,,655882.0
2026-07-18,128940,한미약품,제약,rev_e,2026/12,16990.0
2026-07-18,128940,한미약품,제약,op_e,2026/12,3103.0
2026-07-18,036570,NC,게임엔터테인먼트,target_price,,373235.0
2026-07-18,036570,NC,게임엔터테인먼트,rev_e,2026/12,26625.0
2026-07-18,036570,NC,게임엔터테인먼트,op_e,2026/12,5052.0
2026-07-18,000990,DB하이텍,반도체와반도체장비,target_price,,196000.0
2026-07-18,000990,DB하이텍,반도체와반도체장비,rev_e,2026/12,16114.0
2026-07-18,000990,DB하이텍,반도체와반도체장비,op_e,2026/12,3668.0
2026-07-18,009830,한화솔루션,에너지장비및서비스,target_price,,53770.0
2026-07-18,009830,한화솔루션,에너지장비및서비스,rev_e,2026/12,182146.0
2026-07-18,009830,한화솔루션,에너지장비및서비스,op_e,2026/12,7642.0
2026-07-18,454910,두산로보틱스,기계,target_price,,145000.0
2026-07-18,454910,두산로보틱스,기계,rev_e,2026/12,590.0
2026-07-18,454910,두산로보틱스,기계,op_e,2026/12,130.0
2026-07-18,039030,이오테크닉스,반도체와반도체장비,target_price,,575000.0
2026-07-18,039030,이오테크닉스,반도체와반도체장비,rev_e,2026/12,5102.0
2026-07-18,039030,이오테크닉스,반도체와반도체장비,op_e,2026/12,1390.0
2026-07-18,298380,에이비엘바이오,생물공학,target_price,,220000.0
2026-07-18,298380,에이비엘바이오,생물공학,rev_e,2026/12,492.0
2026-07-18,298380,에이비엘바이오,생물공학,op_e,2026/12,-618.0
2026-07-18,011790,SKC,화학,target_price,,130000.0
2026-07-18,011790,SKC,화학,rev_e,2026/12,22216.0
2026-07-18,011790,SKC,화학,op_e,2026/12,-604.0
2026-07-18,222800,심텍,전자장비와기기,target_price,,171250.0
2026-07-18,222800,심텍,전자장비와기기,rev_e,2026/12,19317.0
2026-07-18,222800,심텍,전자장비와기기,op_e,2026/12,1896.0
2026-07-18,023530,롯데쇼핑,백화점과일반상점,target_price,,227500.0
2026-07-18,023530,롯데쇼핑,백화점과일반상점,rev_e,2026/12,142681.0
2026-07-18,023530,롯데쇼핑,백화점과일반상점,op_e,2026/12,8113.0
2026-07-18,001040,CJ,복합기업,target_price,,251222.0
2026-07-18,001040,CJ,복합기업,rev_e,2026/12,471226.0
2026-07-18,001040,CJ,복합기업,op_e,2026/12,27187.0
2026-07-18,088350,한화생명,생명보험,target_price,,6267.0
2026-07-18,088350,한화생명,생명보험,op_e,2026/12,13570.0
2026-07-18,082740,한화엔진,조선,target_price,,98500.0
2026-07-18,082740,한화엔진,조선,rev_e,2026/12,15717.0
2026-07-18,082740,한화엔진,조선,op_e,2026/12,2417.0
2026-07-18,111770,영원무역,"섬유,의류,신발,호화품",target_price,,120556.0
2026-07-18,111770,영원무역,"섬유,의류,신발,호화품",rev_e,2026/12,44685.0
2026-07-18,111770,영원무역,"섬유,의류,신발,호화품",op_e,2026/12,6372.0
2026-07-18,141080,리가켐바이오,제약,target_price,,224000.0
2026-07-18,141080,리가켐바이오,제약,rev_e,2026/12,1947.0
2026-07-18,141080,리가켐바이오,제약,op_e,2026/12,-826.0
2026-07-18,095610,테스,반도체와반도체장비,target_price,,188571.0
2026-07-18,095610,테스,반도체와반도체장비,rev_e,2026/12,4597.0
2026-07-18,095610,테스,반도체와반도체장비,op_e,2026/12,1014.0
2026-07-18,066970,엘앤에프,전기제품,target_price,,246250.0
2026-07-18,066970,엘앤에프,전기제품,rev_e,2026/12,34846.0
2026-07-18,066970,엘앤에프,전기제품,op_e,2026/12,2480.0
2026-07-18,051900,LG생활건강,화장품,target_price,,268000.0
2026-07-18,051900,LG생활건강,화장품,rev_e,2026/12,62737.0
2026-07-18,051900,LG생활건강,화장품,op_e,2026/12,3444.0
2026-07-18,010060,OCI홀딩스,화학,target_price,,395000.0
2026-07-18,010060,OCI홀딩스,화학,rev_e,2026/12,41665.0
2026-07-18,010060,OCI홀딩스,화학,op_e,2026/12,3787.0
2026-07-18,002380,KCC,건축자재,target_price,,752750.0
2026-07-18,002380,KCC,건축자재,rev_e,2026/12,67500.0
2026-07-18,002380,KCC,건축자재,op_e,2026/12,4153.0
2026-07-18,018880,한온시스템,자동차부품,target_price,,5062.0
2026-07-18,018880,한온시스템,자동차부품,rev_e,2026/12,114298.0
2026-07-18,018880,한온시스템,자동차부품,op_e,2026/12,4307.0
2026-07-18,052690,한전기술,전기유틸리티,target_price,,203818.0
2026-07-18,052690,한전기술,전기유틸리티,rev_e,2026/12,5938.0
2026-07-18,052690,한전기술,전기유틸리티,op_e,2026/12,738.0
2026-07-18,004020,현대제철,철강,target_price,,47881.0
2026-07-18,004020,현대제철,철강,rev_e,2026/12,239367.0
2026-07-18,004020,현대제철,철강,op_e,2026/12,4077.0
2026-07-18,440110,파두,반도체와반도체장비,target_price,,130000.0
2026-07-18,440110,파두,반도체와반도체장비,rev_e,2026/12,3856.0
2026-07-18,440110,파두,반도체와반도체장비,op_e,2026/12,859.0
2026-07-18,403870,HPSP,반도체와반도체장비,target_price,,68000.0
2026-07-18,403870,HPSP,반도체와반도체장비,rev_e,2026/12,2408.0
2026-07-18,403870,HPSP,반도체와반도체장비,op_e,2026/12,1283.0
2026-07-18,214450,파마리서치,건강관리장비와용품,target_price,,494000.0
2026-07-18,214450,파마리서치,건강관리장비와용품,rev_e,2026/12,6736.0
2026-07-18,214450,파마리서치,건강관리장비와용품,op_e,2026/12,2692.0
2026-07-18,069960,현대백화점,백화점과일반상점,target_price,,222529.0
2026-07-18,069960,현대백화점,백화점과일반상점,rev_e,2026/12,42674.0
2026-07-18,069960,현대백화점,백화점과일반상점,op_e,2026/12,4360.0
2026-07-18,084370,유진테크,반도체와반도체장비,target_price,,156667.0
2026-07-18,084370,유진테크,반도체와반도체장비,rev_e,2026/12,4910.0
2026-07-18,084370,유진테크,반도체와반도체장비,op_e,2026/12,1027.0
2026-07-18,001450,현대해상,손해보험,target_price,,42063.0
2026-07-18,000500,가온전선,전기장비,rev_e,2026/12,29455.0
2026-07-18,000500,가온전선,전기장비,op_e,2026/12,1060.0
2026-07-18,347850,디앤디파마텍,생물공학,rev_e,2026/12,120.0
2026-07-18,347850,디앤디파마텍,생물공학,op_e,2026/12,-260.0
2026-07-18,131290,티에스이,반도체와반도체장비,target_price,,336667.0
2026-07-18,131290,티에스이,반도체와반도체장비,rev_e,2026/12,6172.0
2026-07-18,131290,티에스이,반도체와반도체장비,op_e,2026/12,1681.0
2026-07-18,011780,금호석유화학,화학,target_price,,176750.0
2026-07-18,011780,금호석유화학,화학,rev_e,2026/12,74304.0
2026-07-18,011780,금호석유화학,화학,op_e,2026/12,3948.0
2026-07-18,031980,피에스케이홀딩스,반도체와반도체장비,target_price,,191600.0
2026-07-18,031980,피에스케이홀딩스,반도체와반도체장비,rev_e,2026/12,2694.0
2026-07-18,031980,피에스케이홀딩스,반도체와반도체장비,op_e,2026/12,1053.0
2026-07-18,035250,강원랜드,"호텔,레스토랑,레저",target_price,,21100.0
2026-07-18,035250,강원랜드,"호텔,레스토랑,레저",rev_e,2026/12,14861.0
2026-07-18,035250,강원랜드,"호텔,레스토랑,레저",op_e,2026/12,2232.0
2026-07-18,095340,ISC,반도체와반도체장비,target_price,,291429.0
2026-07-18,095340,ISC,반도체와반도체장비,rev_e,2026/12,3093.0
2026-07-18,095340,ISC,반도체와반도체장비,op_e,2026/12,1030.0
2026-07-18,383220,F&F,"섬유,의류,신발,호화품",target_price,,98800.0
2026-07-18,383220,F&F,"섬유,의류,신발,호화품",rev_e,2026/12,20833.0
2026-07-18,383220,F&F,"섬유,의류,신발,호화품",op_e,2026/12,5309.0
2026-07-18,031210,서울보증보험,손해보험,target_price,,56000.0
2026-07-18,036460,한국가스공사,가스유틸리티,target_price,,48750.0
2026-07-18,036460,한국가스공사,가스유틸리티,rev_e,2026/12,365537.0
2026-07-18,036460,한국가스공사,가스유틸리티,op_e,2026/12,22650.0
2026-07-18,251270,넷마블,게임엔터테인먼트,target_price,,63643.0
2026-07-18,251270,넷마블,게임엔터테인먼트,rev_e,2026/12,28944.0
2026-07-18,251270,넷마블,게임엔터테인먼트,op_e,2026/12,3637.0
2026-07-18,145020,휴젤,생물공학,target_price,,378462.0
2026-07-18,145020,휴젤,생물공학,rev_e,2026/12,5251.0
2026-07-18,145020,휴젤,생물공학,op_e,2026/12,2170.0
2026-07-18,108490,로보티즈,기계,target_price,,398000.0
2026-07-18,108490,로보티즈,기계,rev_e,2026/12,646.0
2026-07-18,108490,로보티즈,기계,op_e,2026/12,24.0
2026-07-18,336260,두산퓨얼셀,에너지장비및서비스,target_price,,76000.0
2026-07-18,336260,두산퓨얼셀,에너지장비및서비스,rev_e,2026/12,5744.0
2026-07-18,336260,두산퓨얼셀,에너지장비및서비스,op_e,2026/12,-278.0
2026-07-18,139130,iM금융지주,은행,target_price,,24007.0
2026-07-18,139130,iM금융지주,은행,op_e,2026/12,6565.0
2026-07-18,214150,클래시스,건강관리장비와용품,target_price,,76867.0
2026-07-18,214150,클래시스,건강관리장비와용품,rev_e,2026/12,4653.0
2026-07-18,214150,클래시스,건강관리장비와용품,op_e,2026/12,2168.0
2026-07-18,089970,브이엠,반도체와반도체장비,target_price,,123333.0
2026-07-18,089970,브이엠,반도체와반도체장비,rev_e,2026/12,3159.0
2026-07-18,089970,브이엠,반도체와반도체장비,op_e,2026/12,958.0
2026-07-18,103590,일진전기,전기장비,target_price,,112667.0
2026-07-18,103590,일진전기,전기장비,rev_e,2026/12,22974.0
2026-07-18,103590,일진전기,전기장비,op_e,2026/12,2202.0
2026-07-18,097950,CJ제일제당,식품,target_price,,295833.0
2026-07-18,097950,CJ제일제당,식품,rev_e,2026/12,286249.0
2026-07-18,097950,CJ제일제당,식품,op_e,2026/12,12833.0
2026-07-18,302440,SK바이오사이언스,제약,target_price,,49000.0
2026-07-18,302440,SK바이오사이언스,제약,rev_e,2026/12,7392.0
2026-07-18,302440,SK바이오사이언스,제약,op_e,2026/12,-1295.0
2026-07-18,028670,팬오션,해운사,target_price,,7554.0
2026-07-18,028670,팬오션,해운사,rev_e,2026/12,61631.0
2026-07-18,028670,팬오션,해운사,op_e,2026/12,5923.0
2026-07-18,009420,한올바이오파마,제약,target_price,,82250.0
2026-07-18,009420,한올바이오파마,제약,rev_e,2026/12,1697.0
2026-07-18,009420,한올바이오파마,제약,op_e,2026/12,17.0
2026-07-18,012750,에스원,상업서비스와공급품,target_price,,94000.0
2026-07-18,012750,에스원,상업서비스와공급품,rev_e,2026/12,29680.0
2026-07-18,012750,에스원,상업서비스와공급품,op_e,2026/12,1961.0
2026-07-18,014680,한솔케미칼,화학,target_price,,402500.0
2026-07-18,014680,한솔케미칼,화학,rev_e,2026/12,10010.0
2026-07-18,014680,한솔케미칼,화학,op_e,2026/12,1887.0
2026-07-18,310210,보로노이,제약,target_price,,450000.0
2026-07-18,310210,보로노이,제약,rev_e,2026/12,340.0
2026-07-18,310210,보로노이,제약,op_e,2026/12,-440.0
2026-07-18,011170,롯데케미칼,화학,target_price,,124692.0
2026-07-18,011170,롯데케미칼,화학,rev_e,2026/12,216789.0
2026-07-18,011170,롯데케미칼,화학,op_e,2026/12,1671.0
2026-07-18,483650,달바글로벌,화장품,target_price,,299615.0
2026-07-18,483650,달바글로벌,화장품,rev_e,2026/12,7483.0
2026-07-18,483650,달바글로벌,화장품,op_e,2026/12,1607.0
2026-07-18,237690,에스티팜,제약,target_price,,204071.0
2026-07-18,237690,에스티팜,제약,rev_e,2026/12,4176.0
2026-07-18,237690,에스티팜,제약,op_e,2026/12,785.0
2026-07-18,279570,케이뱅크,은행,target_price,,7500.0
2026-07-18,279570,케이뱅크,은행,op_e,2026/12,1349.0
2026-07-18,161890,한국콜마,화장품,target_price,,132526.0
2026-07-18,161890,한국콜마,화장품,rev_e,2026/12,30699.0
2026-07-18,161890,한국콜마,화장품,op_e,2026/12,3153.0
2026-07-18,005850,에스엘,자동차부품,target_price,,92000.0
2026-07-18,005850,에스엘,자동차부품,rev_e,2026/12,57293.0
2026-07-18,005850,에스엘,자동차부품,op_e,2026/12,4617.0
2026-07-18,178320,서진시스템,전기장비,target_price,,72250.0
2026-07-18,178320,서진시스템,전기장비,rev_e,2026/12,17736.0
2026-07-18,178320,서진시스템,전기장비,op_e,2026/12,1621.0
2026-07-18,081660,미스토홀딩스,"섬유,의류,신발,호화품",target_price,,59111.0
2026-07-18,081660,미스토홀딩스,"섬유,의류,신발,호화품",rev_e,2026/12,47143.0
2026-07-18,081660,미스토홀딩스,"섬유,의류,신발,호화품",op_e,2026/12,5643.0
2026-07-18,003690,코리안리,손해보험,target_price,,16333.0
2026-07-18,064760,티씨케이,반도체와반도체장비,target_price,,385000.0
2026-07-18,064760,티씨케이,반도체와반도체장비,rev_e,2026/12,3952.0
2026-07-18,064760,티씨케이,반도체와반도체장비,op_e,2026/12,1249.0
2026-07-18,000240,한국앤컴퍼니,자동차부품,target_price,,33000.0
2026-07-18,000240,한국앤컴퍼니,자동차부품,rev_e,2026/12,15981.0
2026-07-18,000240,한국앤컴퍼니,자동차부품,op_e,2026/12,4574.0
2026-07-18,004800,효성,복합기업,target_price,,335000.0
2026-07-18,004800,효성,복합기업,rev_e,2026/12,24720.0
2026-07-18,004800,효성,복합기업,op_e,2026/12,4620.0
2026-07-18,007340,DN오토모티브,자동차부품,target_price,,55000.0
2026-07-18,007340,DN오토모티브,자동차부품,rev_e,2026/12,44349.0
2026-07-18,007340,DN오토모티브,자동차부품,op_e,2026/12,5836.0
2026-07-18,067310,하나마이크론,반도체와반도체장비,target_price,,58750.0
2026-07-18,067310,하나마이크론,반도체와반도체장비,rev_e,2026/12,22475.0
2026-07-18,067310,하나마이크론,반도체와반도체장비,op_e,2026/12,3155.0
2026-07-18,257720,실리콘투,인터넷과카탈로그소매,target_price,,55500.0
2026-07-18,257720,실리콘투,인터넷과카탈로그소매,rev_e,2026/12,15542.0
2026-07-18,257720,실리콘투,인터넷과카탈로그소매,op_e,2026/12,2751.0
2026-07-18,006360,GS건설,건설,target_price,,44882.0
2026-07-18,006360,GS건설,건설,rev_e,2026/12,110676.0
2026-07-18,006360,GS건설,건설,op_e,2026/12,4547.0
2026-07-18,375500,DL이앤씨,건설,target_price,,105176.0
2026-07-18,375500,DL이앤씨,건설,rev_e,2026/12,69526.0
2026-07-18,375500,DL이앤씨,건설,op_e,2026/12,5260.0
2026-07-18,489790,한화비전,통신장비,target_price,,109333.0
2026-07-18,489790,한화비전,통신장비,rev_e,2026/12,17909.0
2026-07-18,489790,한화비전,통신장비,op_e,2026/12,1623.0
2026-07-18,004990,롯데지주,복합기업,target_price,,36500.0
2026-07-18,004990,롯데지주,복합기업,rev_e,2026/12,158390.0
2026-07-18,004990,롯데지주,복합기업,op_e,2026/12,3797.0
2026-07-18,357780,솔브레인,반도체와반도체장비,target_price,,549250.0
2026-07-18,357780,솔브레인,반도체와반도체장비,rev_e,2026/12,10973.0
2026-07-18,357780,솔브레인,반도체와반도체장비,op_e,2026/12,1941.0
2026-07-18,085620,미래에셋생명,생명보험,target_price,,14000.0
2026-07-18,007070,GS리테일,백화점과일반상점,target_price,,31769.0
2026-07-18,007070,GS리테일,백화점과일반상점,rev_e,2026/12,124300.0
2026-07-18,007070,GS리테일,백화점과일반상점,op_e,2026/12,3482.0
2026-07-18,139480,이마트,백화점과일반상점,target_price,,121667.0
2026-07-18,139480,이마트,백화점과일반상점,rev_e,2026/12,292202.0
2026-07-18,139480,이마트,백화점과일반상점,op_e,2026/12,5406.0
2026-07-18,282330,BGF리테일,백화점과일반상점,target_price,,174357.0
2026-07-18,282330,BGF리테일,백화점과일반상점,rev_e,2026/12,95038.0
2026-07-18,282330,BGF리테일,백화점과일반상점,op_e,2026/12,2961.0
2026-07-18,005440,현대지에프홀딩스,복합기업,target_price,,19750.0
2026-07-18,005440,현대지에프홀딩스,복합기업,rev_e,2026/12,84266.0
2026-07-18,005440,현대지에프홀딩스,복합기업,op_e,2026/12,3609.0
2026-07-18,263750,펄어비스,게임엔터테인먼트,target_price,,70778.0
2026-07-18,263750,펄어비스,게임엔터테인먼트,rev_e,2026/12,9164.0
2026-07-18,263750,펄어비스,게임엔터테인먼트,op_e,2026/12,4771.0
2026-07-18,030000,제일기획,광고,target_price,,25400.0
2026-07-18,030000,제일기획,광고,rev_e,2026/12,47043.0
2026-07-18,030000,제일기획,광고,op_e,2026/12,3332.0
2026-07-18,319400,현대무벡스,기계,rev_e,2026/12,4640.0
2026-07-18,319400,현대무벡스,기계,op_e,2026/12,210.0
2026-07-18,004370,농심,식품,target_price,,541667.0
2026-07-18,004370,농심,식품,rev_e,2026/12,37114.0
2026-07-18,004370,농심,식품,op_e,2026/12,2151.0
2026-07-18,204320,HL만도,자동차부품,target_price,,75111.0
2026-07-18,204320,HL만도,자동차부품,rev_e,2026/12,97521.0
2026-07-18,204320,HL만도,자동차부품,op_e,2026/12,4022.0
2026-07-18,420770,기가비스,반도체와반도체장비,target_price,,185000.0
2026-07-18,420770,기가비스,반도체와반도체장비,rev_e,2026/12,906.0
2026-07-18,420770,기가비스,반도체와반도체장비,op_e,2026/12,262.0
2026-07-18,192820,코스맥스,화장품,target_price,,247389.0
2026-07-18,192820,코스맥스,화장품,rev_e,2026/12,27672.0
2026-07-18,192820,코스맥스,화장품,op_e,2026/12,2332.0
2026-07-18,018670,SK가스,가스유틸리티,target_price,,367000.0
2026-07-18,018670,SK가스,가스유틸리티,rev_e,2026/12,101795.0
2026-07-18,018670,SK가스,가스유틸리티,op_e,2026/12,6456.0
2026-07-18,281820,케이씨텍,반도체와반도체장비,target_price,,127000.0
2026-07-18,281820,케이씨텍,반도체와반도체장비,rev_e,2026/12,6528.0
2026-07-18,281820,케이씨텍,반도체와반도체장비,op_e,2026/12,1462.0
2026-07-18,051600,한전KPS,전기유틸리티,target_price,,69818.0
2026-07-18,051600,한전KPS,전기유틸리티,rev_e,2026/12,16421.0
2026-07-18,051600,한전KPS,전기유틸리티,op_e,2026/12,1900.0
2026-07-18,071970,HD현대마린엔진,조선,target_price,,125167.0
2026-07-18,071970,HD현대마린엔진,조선,rev_e,2026/12,6087.0
2026-07-18,071970,HD현대마린엔진,조선,op_e,2026/12,1526.0
2026-07-18,290650,엘앤씨바이오,건강관리장비와용품,rev_e,2026/12,1624.0
2026-07-18,290650,엘앤씨바이오,건강관리장비와용품,op_e,2026/12,367.0
2026-07-18,462870,시프트업,게임엔터테인먼트,target_price,,46000.0
2026-07-18,462870,시프트업,게임엔터테인먼트,rev_e,2026/12,2110.0
2026-07-18,462870,시프트업,게임엔터테인먼트,op_e,2026/12,1074.0
2026-07-18,008770,호텔신라,백화점과일반상점,target_price,,75538.0
2026-07-18,008770,호텔신라,백화점과일반상점,rev_e,2026/12,40713.0
2026-07-18,008770,호텔신라,백화점과일반상점,op_e,2026/12,1805.0
2026-07-18,089030,테크윙,반도체와반도체장비,rev_e,2026/12,3718.0
2026-07-18,089030,테크윙,반도체와반도체장비,op_e,2026/12,985.0
2026-07-18,140860,파크시스템스,전자장비와기기,target_price,,364143.0
2026-07-18,140860,파크시스템스,전자장비와기기,rev_e,2026/12,2425.0
2026-07-18,140860,파크시스템스,전자장비와기기,op_e,2026/12,563.0
2026-07-18,098460,고영,전자장비와기기,target_price,,48417.0
2026-07-18,098460,고영,전자장비와기기,rev_e,2026/12,3044.0
2026-07-18,098460,고영,전자장비와기기,op_e,2026/12,438.0
2026-07-18,475150,SK이터닉스,에너지장비및서비스,target_price,,57250.0
2026-07-18,475150,SK이터닉스,에너지장비및서비스,rev_e,2026/12,3856.0
2026-07-18,475150,SK이터닉스,에너지장비및서비스,op_e,2026/12,530.0
2026-07-18,457190,이수스페셜티케미컬,화학,rev_e,2026/12,4360.0
2026-07-18,457190,이수스페셜티케미컬,화학,op_e,2026/12,-9.0
2026-07-18,439260,대한조선,조선,target_price,,122000.0
2026-07-18,439260,대한조선,조선,rev_e,2026/12,13138.0
2026-07-18,439260,대한조선,조선,op_e,2026/12,3671.0
2026-07-18,103140,풍산,비철금속,target_price,,123078.0
2026-07-18,103140,풍산,비철금속,rev_e,2026/12,61228.0
2026-07-18,103140,풍산,비철금속,op_e,2026/12,3630.0
2026-07-18,020150,롯데에너지머티리얼즈,전자장비와기기,target_price,,82009.0
2026-07-18,020150,롯데에너지머티리얼즈,전자장비와기기,rev_e,2026/12,8824.0
2026-07-18,020150,롯데에너지머티리얼즈,전자장비와기기,op_e,2026/12,-387.0
2026-07-18,007810,코리아써키트,전자장비와기기,target_price,,156667.0
2026-07-18,007810,코리아써키트,전자장비와기기,rev_e,2026/12,18086.0
2026-07-18,007810,코리아써키트,전자장비와기기,op_e,2026/12,1467.0
2026-07-18,112610,씨에스윈드,에너지장비및서비스,target_price,,77889.0
2026-07-18,112610,씨에스윈드,에너지장비및서비스,rev_e,2026/12,28940.0
2026-07-18,112610,씨에스윈드,에너지장비및서비스,op_e,2026/12,3032.0
2026-07-18,073240,금호타이어,자동차부품,target_price,,8330.0
2026-07-18,073240,금호타이어,자동차부품,rev_e,2026/12,50699.0
2026-07-18,073240,금호타이어,자동차부품,op_e,2026/12,5748.0
2026-07-18,131970,두산테스나,반도체와반도체장비,target_price,,190857.0
2026-07-18,131970,두산테스나,반도체와반도체장비,rev_e,2026/12,3493.0
2026-07-18,131970,두산테스나,반도체와반도체장비,op_e,2026/12,484.0
2026-07-18,035900,JYP Ent.,방송과엔터테인먼트,target_price,,86412.0
2026-07-18,035900,JYP Ent.,방송과엔터테인먼트,rev_e,2026/12,8799.0
2026-07-18,035900,JYP Ent.,방송과엔터테인먼트,op_e,2026/12,1732.0
2026-07-18,000120,CJ대한통운,항공화물운송과물류,target_price,,132750.0
2026-07-18,000120,CJ대한통운,항공화물운송과물류,rev_e,2026/12,129530.0
2026-07-18,000120,CJ대한통운,항공화물운송과물류,op_e,2026/12,5126.0
2026-07-18,120110,코오롱인더,화학,target_price,,113000.0
2026-07-18,120110,코오롱인더,화학,rev_e,2026/12,53044.0
2026-07-18,120110,코오롱인더,화학,op_e,2026/12,2328.0
2026-07-18,001740,SK네트웍스,복합기업,target_price,,9350.0
2026-07-18,001740,SK네트웍스,복합기업,rev_e,2026/12,69921.0
2026-07-18,001740,SK네트웍스,복합기업,op_e,2026/12,1240.0
2026-07-18,041510,에스엠,방송과엔터테인먼트,target_price,,124176.0
2026-07-18,041510,에스엠,방송과엔터테인먼트,rev_e,2026/12,12779.0
2026-07-18,041510,에스엠,방송과엔터테인먼트,op_e,2026/12,1972.0
2026-07-18,001800,오리온홀딩스,식품,rev_e,2026/12,37706.0
2026-07-18,001800,오리온홀딩스,식품,op_e,2026/12,6028.0
2026-07-18,011210,현대위아,자동차부품,target_price,,94273.0
2026-07-18,011210,현대위아,자동차부품,rev_e,2026/12,88622.0
2026-07-18,011210,현대위아,자동차부품,op_e,2026/12,2257.0
2026-07-18,096530,씨젠,생명과학도구및서비스,target_price,,44500.0
2026-07-18,096530,씨젠,생명과학도구및서비스,rev_e,2026/12,5316.0
2026-07-18,096530,씨젠,생명과학도구및서비스,op_e,2026/12,790.0
2026-07-18,183300,코미코,반도체와반도체장비,target_price,,170932.0
2026-07-18,183300,코미코,반도체와반도체장비,rev_e,2026/12,7194.0
2026-07-18,183300,코미코,반도체와반도체장비,op_e,2026/12,1289.0
2026-07-18,006040,동원산업,식품,target_price,,49333.0
2026-07-18,006040,동원산업,식품,rev_e,2026/12,101231.0
2026-07-18,006040,동원산업,식품,op_e,2026/12,5524.0
2026-07-18,058610,에스피지,전기제품,target_price,,160000.0
2026-07-18,058610,에스피지,전기제품,rev_e,2026/12,3690.0
2026-07-18,058610,에스피지,전기제품,op_e,2026/12,238.0
2026-07-18,020560,아시아나항공,항공사,rev_e,2026/12,69880.0
2026-07-18,020560,아시아나항공,항공사,op_e,2026/12,-5700.0
2026-07-18,006280,녹십자,제약,target_price,,210833.0
2026-07-18,006280,녹십자,제약,rev_e,2026/12,20387.0
2026-07-18,006280,녹십자,제약,op_e,2026/12,747.0
2026-07-18,001120,LX인터내셔널,무역회사와판매업체,target_price,,67667.0
2026-07-18,001120,LX인터내셔널,무역회사와판매업체,rev_e,2026/12,180313.0
2026-07-18,001120,LX인터내셔널,무역회사와판매업체,op_e,2026/12,4786.0
2026-07-18,069620,대웅제약,제약,target_price,,209000.0
2026-07-18,069620,대웅제약,제약,rev_e,2026/12,16630.0
2026-07-18,069620,대웅제약,제약,op_e,2026/12,2143.0
2026-07-18,097230,HJ중공업,건설,target_price,,37000.0
2026-07-18,097230,HJ중공업,건설,rev_e,2026/12,25720.0
2026-07-18,097230,HJ중공업,건설,op_e,2026/12,2050.0
2026-07-18,060370,LS마린솔루션,건설,target_price,,44000.0
2026-07-18,060370,LS마린솔루션,건설,rev_e,2026/12,3055.0
2026-07-18,060370,LS마린솔루션,건설,op_e,2026/12,187.0
2026-07-18,089860,롯데렌탈,도로와철도운송,target_price,,44778.0
2026-07-18,089860,롯데렌탈,도로와철도운송,rev_e,2026/12,30689.0
2026-07-18,089860,롯데렌탈,도로와철도운송,op_e,2026/12,3591.0
2026-07-18,083650,비에이치아이,에너지장비및서비스,target_price,,110000.0
2026-07-18,083650,비에이치아이,에너지장비및서비스,rev_e,2026/12,11030.0
2026-07-18,083650,비에이치아이,에너지장비및서비스,op_e,2026/12,1201.0
2026-07-18,229640,LS에코에너지,전기장비,target_price,,79750.0
2026-07-18,229640,LS에코에너지,전기장비,rev_e,2026/12,11965.0
2026-07-18,229640,LS에코에너지,전기장비,op_e,2026/12,824.0
2026-07-18,082920,비츠로셀,전기제품,target_price,,61500.0
2026-07-18,082920,비츠로셀,전기제품,rev_e,2026/12,3060.0
2026-07-18,082920,비츠로셀,전기제품,op_e,2026/12,916.0
2026-07-18,192080,더블유게임즈,게임엔터테인먼트,target_price,,82500.0
2026-07-18,192080,더블유게임즈,게임엔터테인먼트,rev_e,2026/12,8402.0
2026-07-18,192080,더블유게임즈,게임엔터테인먼트,op_e,2026/12,2839.0
2026-07-18,043260,성호전자,전기제품,target_price,,85000.0
2026-07-18,043260,성호전자,전기제품,rev_e,2026/12,3020.0
2026-07-18,043260,성호전자,전기제품,op_e,2026/12,401.0
2026-07-18,093370,후성,화학,target_price,,20000.0
2026-07-18,093370,후성,화학,rev_e,2026/12,5928.0
2026-07-18,093370,후성,화학,op_e,2026/12,527.0
2026-07-18,005070,코스모신소재,화학,target_price,,61500.0
2026-07-18,005070,코스모신소재,화학,rev_e,2026/12,6573.0
2026-07-18,005070,코스모신소재,화학,op_e,2026/12,140.0
2026-07-18,322000,HD현대에너지솔루션,에너지장비및서비스,target_price,,267500.0
2026-07-18,322000,HD현대에너지솔루션,에너지장비및서비스,rev_e,2026/12,6981.0
2026-07-18,322000,HD현대에너지솔루션,에너지장비및서비스,op_e,2026/12,1168.0
2026-07-18,003540,대신증권,증권,target_price,,41667.0
2026-07-18,003540,대신증권,증권,op_e,2026/12,4233.0
2026-07-18,218410,RFHIC,통신장비,target_price,,132600.0
2026-07-18,218410,RFHIC,통신장비,rev_e,2026/12,2616.0
2026-07-18,218410,RFHIC,통신장비,op_e,2026/12,542.0
2026-07-18,181710,NHN,IT서비스,target_price,,54667.0
2026-07-18,181710,NHN,IT서비스,rev_e,2026/12,28653.0
2026-07-18,181710,NHN,IT서비스,op_e,2026/12,1782.0
2026-07-18,012630,HDC,건설,target_price,,35000.0
2026-07-18,012630,HDC,건설,rev_e,2026/12,69186.0
2026-07-18,012630,HDC,건설,op_e,2026/12,6860.0
2026-07-18,017960,한국카본,조선,target_price,,57667.0
2026-07-18,017960,한국카본,조선,rev_e,2026/12,9487.0
2026-07-18,017960,한국카본,조선,op_e,2026/12,1818.0
2026-07-18,298020,효성티앤씨,무역회사와판매업체,target_price,,597500.0
2026-07-18,298020,효성티앤씨,무역회사와판매업체,rev_e,2026/12,85375.0
2026-07-18,298020,효성티앤씨,무역회사와판매업체,op_e,2026/12,4539.0
2026-07-18,078600,대주전자재료,전자장비와기기,target_price,,191500.0
2026-07-18,078600,대주전자재료,전자장비와기기,rev_e,2026/12,3924.0
2026-07-18,078600,대주전자재료,전자장비와기기,op_e,2026/12,396.0
2026-07-18,082640,동양생명,생명보험,target_price,,9900.0
2026-07-18,294870,IPARK현대산업개발,건설,target_price,,30385.0
2026-07-18,294870,IPARK현대산업개발,건설,rev_e,2026/12,39255.0
2026-07-18,294870,IPARK현대산업개발,건설,op_e,2026/12,5096.0
2026-07-18,004000,롯데정밀화학,화학,target_price,,77500.0
2026-07-18,004000,롯데정밀화학,화학,rev_e,2026/12,19883.0
2026-07-18,004000,롯데정밀화학,화학,op_e,2026/12,1388.0
2026-07-18,361610,SK아이이테크놀로지,전기제품,target_price,,25667.0
2026-07-18,361610,SK아이이테크놀로지,전기제품,rev_e,2026/12,1899.0
2026-07-18,361610,SK아이이테크놀로지,전기제품,op_e,2026/12,-2448.0
2026-07-18,001430,세아베스틸지주,철강,target_price,,64544.0
2026-07-18,001430,세아베스틸지주,철강,rev_e,2026/12,39895.0
2026-07-18,001430,세아베스틸지주,철강,op_e,2026/12,1518.0
2026-07-18,003570,SNT다이내믹스,자동차부품,target_price,,77000.0
2026-07-18,003570,SNT다이내믹스,자동차부품,rev_e,2026/12,8077.0
2026-07-18,003570,SNT다이내믹스,자동차부품,op_e,2026/12,1121.0
2026-07-18,458870,씨어스,건강관리기술,target_price,,68400.0
2026-07-18,458870,씨어스,건강관리기술,rev_e,2026/12,1390.0
2026-07-18,458870,씨어스,건강관리기술,op_e,2026/12,604.0
2026-07-18,195940,HK이노엔,제약,target_price,,64182.0
2026-07-18,195940,HK이노엔,제약,rev_e,2026/12,10996.0
2026-07-18,195940,HK이노엔,제약,op_e,2026/12,1302.0
2026-07-18,003380,하림지주,식품,target_price,,16500.0
2026-07-18,003380,하림지주,식품,rev_e,2026/12,147130.0
2026-07-18,003380,하림지주,식품,op_e,2026/12,10240.0
2026-07-18,166090,하나머티리얼즈,반도체와반도체장비,target_price,,106000.0
2026-07-18,166090,하나머티리얼즈,반도체와반도체장비,rev_e,2026/12,3852.0
2026-07-18,166090,하나머티리얼즈,반도체와반도체장비,op_e,2026/12,1002.0
2026-07-18,000080,하이트진로,음료,target_price,,23667.0
2026-07-18,000080,하이트진로,음료,rev_e,2026/12,25124.0
2026-07-18,000080,하이트진로,음료,op_e,2026/12,1958.0
2026-07-18,300720,한일시멘트,건축자재,target_price,,19500.0
2026-07-18,300720,한일시멘트,건축자재,rev_e,2026/12,13950.0
2026-07-18,300720,한일시멘트,건축자재,op_e,2026/12,1150.0
2026-07-18,077970,STX엔진,조선,target_price,,72000.0
2026-07-18,077970,STX엔진,조선,rev_e,2026/12,9494.0
2026-07-18,077970,STX엔진,조선,op_e,2026/12,1004.0
2026-07-18,347700,스피어,우주항공과국방,target_price,,50000.0
2026-07-18,347700,스피어,우주항공과국방,rev_e,2026/12,2400.0
2026-07-18,347700,스피어,우주항공과국방,op_e,2026/12,175.0
2026-07-18,000210,DL,화학,target_price,,82000.0
2026-07-18,000210,DL,화학,rev_e,2026/12,55590.0
2026-07-18,000210,DL,화학,op_e,2026/12,5348.0
2026-07-18,195870,해성디에스,반도체와반도체장비,target_price,,101050.0
2026-07-18,195870,해성디에스,반도체와반도체장비,rev_e,2026/12,8385.0
2026-07-18,195870,해성디에스,반도체와반도체장비,op_e,2026/12,936.0
2026-07-25,005930,삼성전자,반도체와반도체장비,target_price,,513958.0
2026-07-25,005930,삼성전자,반도체와반도체장비,rev_e,2026/12,7324741.0
2026-07-25,005930,삼성전자,반도체와반도체장비,op_e,2026/12,3832416.0
2026-07-25,000660,SK하이닉스,반도체와반도체장비,target_price,,3547917.0
2026-07-25,000660,SK하이닉스,반도체와반도체장비,rev_e,2026/12,3530572.0
2026-07-25,000660,SK하이닉스,반도체와반도체장비,op_e,2026/12,2715863.0
2026-07-25,402340,SK스퀘어,반도체와반도체장비,target_price,,1900000.0
2026-07-25,402340,SK스퀘어,반도체와반도체장비,rev_e,2026/12,73622.0
2026-07-25,402340,SK스퀘어,반도체와반도체장비,op_e,2026/12,434130.0
2026-07-25,009150,삼성전기,전자장비와기기,target_price,,2503333.0
2026-07-25,009150,삼성전기,전자장비와기기,rev_e,2026/12,135650.0
2026-07-25,009150,삼성전기,전자장비와기기,op_e,2026/12,16676.0
2026-07-25,005380,현대차,자동차,target_price,,766400.0
2026-07-25,005380,현대차,자동차,rev_e,2026/12,1943437.0
2026-07-25,005380,현대차,자동차,op_e,2026/12,115944.0
2026-07-25,373220,LG에너지솔루션,전기제품,target_price,,549591.0
2026-07-25,373220,LG에너지솔루션,전기제품,rev_e,2026/12,306192.0
2026-07-25,373220,LG에너지솔루션,전기제품,op_e,2026/12,11337.0
2026-07-25,207940,삼성바이오로직스,제약,target_price,,1986667.0
2026-07-25,207940,삼성바이오로직스,제약,rev_e,2026/12,54919.0
2026-07-25,207940,삼성바이오로직스,제약,op_e,2026/12,24197.0
2026-07-25,032830,삼성생명,생명보험,target_price,,408607.0
2026-07-25,032830,삼성생명,생명보험,op_e,2026/12,33448.0
2026-07-25,105560,KB금융,은행,target_price,,220842.0
2026-07-25,105560,KB금융,은행,op_e,2026/12,94005.0
2026-07-25,028260,삼성물산,복합기업,target_price,,578571.0
2026-07-25,028260,삼성물산,복합기업,rev_e,2026/12,441374.0
2026-07-25,028260,삼성물산,복합기업,op_e,2026/12,36427.0
2026-07-25,329180,HD현대중공업,조선,target_price,,911524.0
2026-07-25,329180,HD현대중공업,조선,rev_e,2026/12,248500.0
2026-07-25,329180,HD현대중공업,조선,op_e,2026/12,38876.0
2026-07-25,000270,기아,자동차,target_price,,232174.0
2026-07-25,000270,기아,자동차,rev_e,2026/12,1245098.0
2026-07-25,000270,기아,자동차,op_e,2026/12,103170.0
2026-07-25,012450,한화에어로스페이스,우주항공과국방,target_price,,1726111.0
2026-07-25,012450,한화에어로스페이스,우주항공과국방,rev_e,2026/12,306219.0
2026-07-25,012450,한화에어로스페이스,우주항공과국방,op_e,2026/12,42853.0
2026-07-25,055550,신한지주,은행,target_price,,134833.0
2026-07-25,055550,신한지주,은행,op_e,2026/12,80424.0
2026-07-25,034020,두산에너빌리티,기계,target_price,,149133.0
2026-07-25,034020,두산에너빌리티,기계,rev_e,2026/12,181021.0
2026-07-25,034020,두산에너빌리티,기계,op_e,2026/12,11157.0
2026-07-25,034730,SK,석유와가스,target_price,,853692.0
2026-07-25,034730,SK,석유와가스,rev_e,2026/12,1418951.0
2026-07-25,034730,SK,석유와가스,op_e,2026/12,98678.0
2026-07-25,012330,현대모비스,자동차부품,target_price,,774800.0
2026-07-25,012330,현대모비스,자동차부품,rev_e,2026/12,652199.0
2026-07-25,012330,현대모비스,자동차부품,op_e,2026/12,37354.0
2026-07-25,068270,셀트리온,제약,target_price,,265398.0
2026-07-25,068270,셀트리온,제약,rev_e,2026/12,53365.0
2026-07-25,068270,셀트리온,제약,op_e,2026/12,17842.0
2026-07-25,086790,하나금융지주,은행,target_price,,161950.0
2026-07-25,086790,하나금융지주,은행,op_e,2026/12,60493.0
2026-07-25,006400,삼성SDI,전기제품,target_price,,797783.0
2026-07-25,006400,삼성SDI,전기제품,rev_e,2026/12,156744.0
2026-07-25,006400,삼성SDI,전기제품,op_e,2026/12,509.0
2026-07-25,035420,NAVER,양방향미디어와서비스,target_price,,330143.0
2026-07-25,035420,NAVER,양방향미디어와서비스,rev_e,2026/12,137559.0
2026-07-25,035420,NAVER,양방향미디어와서비스,op_e,2026/12,23882.0
2026-07-25,010120,LS ELECTRIC,전기장비,target_price,,289000.0
2026-07-25,010120,LS ELECTRIC,전기장비,rev_e,2026/12,64979.0
2026-07-25,010120,LS ELECTRIC,전기장비,op_e,2026/12,7165.0
2026-07-25,267260,HD현대일렉트릭,전기장비,target_price,,1442143.0
2026-07-25,267260,HD현대일렉트릭,전기장비,rev_e,2026/12,46664.0
2026-07-25,267260,HD현대일렉트릭,전기장비,op_e,2026/12,12396.0
2026-07-25,000810,삼성화재,손해보험,target_price,,732500.0
2026-07-25,000810,삼성화재,손해보험,op_e,2026/12,30870.0
2026-07-25,066570,LG전자,전자제품,target_price,,218250.0
2026-07-25,066570,LG전자,전자제품,rev_e,2026/12,949907.0
2026-07-25,066570,LG전자,전자제품,op_e,2026/12,42384.0
2026-07-25,042660,한화오션,조선,target_price,,150905.0
2026-07-25,042660,한화오션,조선,rev_e,2026/12,142398.0
2026-07-25,042660,한화오션,조선,op_e,2026/12,19240.0
2026-07-25,009540,HD한국조선해양,조선,target_price,,583667.0
2026-07-25,009540,HD한국조선해양,조선,rev_e,2026/12,340354.0
2026-07-25,009540,HD한국조선해양,조선,op_e,2026/12,57969.0
2026-07-25,298040,효성중공업,전기장비,target_price,,4635714.0
2026-07-25,298040,효성중공업,전기장비,rev_e,2026/12,70936.0
2026-07-25,298040,효성중공업,전기장비,op_e,2026/12,10911.0
2026-07-25,005490,POSCO홀딩스,철강,target_price,,535544.0
2026-07-25,005490,POSCO홀딩스,철강,rev_e,2026/12,726846.0
2026-07-25,005490,POSCO홀딩스,철강,op_e,2026/12,30876.0
2026-07-25,015760,한국전력,전기유틸리티,target_price,,55714.0
2026-07-25,015760,한국전력,전기유틸리티,rev_e,2026/12,983592.0
2026-07-25,015760,한국전력,전기유틸리티,op_e,2026/12,98396.0
2026-07-25,316140,우리금융지주,은행,target_price,,43650.0
2026-07-25,316140,우리금융지주,은행,op_e,2026/12,43345.0
2026-07-25,010130,고려아연,비철금속,target_price,,1689500.0
2026-07-25,010130,고려아연,비철금속,rev_e,2026/12,236658.0
2026-07-25,010130,고려아연,비철금속,op_e,2026/12,23917.0
2026-07-25,096770,SK이노베이션,석유와가스,target_price,,170917.0
2026-07-25,096770,SK이노베이션,석유와가스,rev_e,2026/12,1022539.0
2026-07-25,096770,SK이노베이션,석유와가스,op_e,2026/12,54602.0
2026-07-25,017670,SK텔레콤,무선통신서비스,target_price,,117158.0
2026-07-25,017670,SK텔레콤,무선통신서비스,rev_e,2026/12,177764.0
2026-07-25,017670,SK텔레콤,무선통신서비스,op_e,2026/12,19463.0
2026-07-25,006800,미래에셋증권,증권,target_price,,65313.0
2026-07-25,006800,미래에셋증권,증권,rev_e,2026/12,412959.0
2026-07-25,006800,미래에셋증권,증권,op_e,2026/12,42638.0
2026-07-25,138040,메리츠금융지주,증권,target_price,,148250.0
2026-07-25,138040,메리츠금융지주,증권,op_e,2026/12,31481.0
2026-07-25,011200,HMM,해운사,target_price,,22700.0
2026-07-25,011200,HMM,해운사,rev_e,2026/12,120572.0
2026-07-25,011200,HMM,해운사,op_e,2026/12,13678.0
2026-07-25,010140,삼성중공업,조선,target_price,,39750.0
2026-07-25,010140,삼성중공업,조선,rev_e,2026/12,128480.0
2026-07-25,010140,삼성중공업,조선,op_e,2026/12,14650.0
2026-07-25,000150,두산,복합기업,target_price,,2305385.0
2026-07-25,000150,두산,복합기업,rev_e,2026/12,216917.0
2026-07-25,000150,두산,복합기업,op_e,2026/12,17032.0
2026-07-25,042700,한미반도체,반도체와반도체장비,target_price,,380000.0
2026-07-25,042700,한미반도체,반도체와반도체장비,rev_e,2026/12,8196.0
2026-07-25,042700,한미반도체,반도체와반도체장비,op_e,2026/12,3822.0
2026-07-25,033780,KT&G,담배,target_price,,232857.0
2026-07-25,033780,KT&G,담배,rev_e,2026/12,69535.0
2026-07-25,033780,KT&G,담배,op_e,2026/12,15141.0
2026-07-25,051910,LG화학,화학,target_price,,434938.0
2026-07-25,051910,LG화학,화학,rev_e,2026/12,547014.0
2026-07-25,051910,LG화학,화학,op_e,2026/12,15564.0
2026-07-25,267250,HD현대,조선,target_price,,382000.0
2026-07-25,267250,HD현대,조선,rev_e,2026/12,807008.0
2026-07-25,267250,HD현대,조선,op_e,2026/12,90457.0
2026-07-25,064350,현대로템,우주항공과국방,target_price,,308368.0
2026-07-25,064350,현대로템,우주항공과국방,rev_e,2026/12,69570.0
2026-07-25,064350,현대로템,우주항공과국방,op_e,2026/12,11584.0
2026-07-25,024110,기업은행,은행,target_price,,27714.0
2026-07-25,024110,기업은행,은행,op_e,2026/12,36895.0
2026-07-25,010950,S-Oil,석유와가스,target_price,,159000.0
2026-07-25,010950,S-Oil,석유와가스,rev_e,2026/12,417089.0
2026-07-25,010950,S-Oil,석유와가스,op_e,2026/12,35905.0
2026-07-25,079550,LIG디펜스앤에어로스페이스,우주항공과국방,target_price,,1141111.0
2026-07-25,079550,LIG디펜스앤에어로스페이스,우주항공과국방,rev_e,2026/12,51276.0
2026-07-25,079550,LIG디펜스앤에어로스페이스,우주항공과국방,op_e,2026/12,4576.0
2026-07-25,018260,삼성에스디에스,IT서비스,target_price,,256636.0
2026-07-25,018260,삼성에스디에스,IT서비스,rev_e,2026/12,143472.0
2026-07-25,018260,삼성에스디에스,IT서비스,op_e,2026/12,8380.0
2026-07-25,196170,알테오젠,생물공학,target_price,,537500.0
2026-07-25,196170,알테오젠,생물공학,rev_e,2026/12,4613.0
2026-07-25,196170,알테오젠,생물공학,op_e,2026/12,2801.0
2026-07-25,035720,카카오,양방향미디어와서비스,target_price,,63063.0
2026-07-25,035720,카카오,양방향미디어와서비스,rev_e,2026/12,82507.0
2026-07-25,035720,카카오,양방향미디어와서비스,op_e,2026/12,9474.0
2026-07-25,086280,현대글로비스,항공화물운송과물류,target_price,,323375.0
2026-07-25,086280,현대글로비스,항공화물운송과물류,rev_e,2026/12,331671.0
2026-07-25,086280,현대글로비스,항공화물운송과물류,op_e,2026/12,21493.0
2026-07-25,047810,한국항공우주,우주항공과국방,target_price,,214563.0
2026-07-25,047810,한국항공우주,우주항공과국방,rev_e,2026/12,55761.0
2026-07-25,047810,한국항공우주,우주항공과국방,op_e,2026/12,4475.0
2026-07-25,003550,LG,복합기업,target_price,,142417.0
2026-07-25,003550,LG,복합기업,rev_e,2026/12,82368.0
2026-07-25,003550,LG,복합기업,op_e,2026/12,16316.0
2026-07-25,011070,LG이노텍,전자장비와기기,target_price,,1219190.0
2026-07-25,011070,LG이노텍,전자장비와기기,rev_e,2026/12,245639.0
2026-07-25,011070,LG이노텍,전자장비와기기,op_e,2026/12,11828.0
2026-07-25,030200,KT,다각화된통신서비스,target_price,,74833.0
2026-07-25,030200,KT,다각화된통신서비스,rev_e,2026/12,275939.0
2026-07-25,030200,KT,다각화된통신서비스,op_e,2026/12,20602.0
2026-07-25,278470,에이피알,화장품,target_price,,530526.0
2026-07-25,278470,에이피알,화장품,rev_e,2026/12,29443.0
2026-07-25,278470,에이피알,화장품,op_e,2026/12,7313.0
2026-07-25,272210,한화시스템,우주항공과국방,target_price,,127833.0
2026-07-25,272210,한화시스템,우주항공과국방,rev_e,2026/12,43506.0
2026-07-25,272210,한화시스템,우주항공과국방,op_e,2026/12,2645.0
2026-07-25,003670,포스코퓨처엠,화학,target_price,,252222.0
2026-07-25,003670,포스코퓨처엠,화학,rev_e,2026/12,34146.0
2026-07-25,003670,포스코퓨처엠,화학,op_e,2026/12,997.0
2026-07-25,071050,한국금융지주,증권,target_price,,346500.0
2026-07-25,071050,한국금융지주,증권,rev_e,2026/12,443840.0
2026-07-25,071050,한국금융지주,증권,op_e,2026/12,35391.0
2026-07-25,000720,현대건설,건설,target_price,,200143.0
2026-07-25,000720,현대건설,건설,rev_e,2026/12,268941.0
2026-07-25,000720,현대건설,건설,op_e,2026/12,8330.0
2026-07-25,259960,크래프톤,게임엔터테인먼트,target_price,,376667.0
2026-07-25,259960,크래프톤,게임엔터테인먼트,rev_e,2026/12,48422.0
2026-07-25,259960,크래프톤,게임엔터테인먼트,op_e,2026/12,14856.0
2026-07-25,005830,DB손해보험,손해보험,target_price,,219867.0
2026-07-25,005830,DB손해보험,손해보험,op_e,2026/12,20748.0
2026-07-25,005940,NH투자증권,증권,target_price,,42750.0
2026-07-25,005940,NH투자증권,증권,rev_e,2026/12,360954.0
2026-07-25,005940,NH투자증권,증권,op_e,2026/12,23228.0
2026-07-25,247540,에코프로비엠,전기제품,target_price,,248722.0
2026-07-25,247540,에코프로비엠,전기제품,rev_e,2026/12,30335.0
2026-07-25,247540,에코프로비엠,전기제품,op_e,2026/12,1136.0
2026-07-25,323410,카카오뱅크,은행,target_price,,29654.0
2026-07-25,323410,카카오뱅크,은행,op_e,2026/12,7127.0
2026-07-25,307950,현대오토에버,IT서비스,target_price,,668438.0
2026-07-25,307950,현대오토에버,IT서비스,rev_e,2026/12,47589.0
2026-07-25,307950,현대오토에버,IT서비스,op_e,2026/12,2738.0
2026-07-25,047050,포스코인터내셔널,무역회사와판매업체,target_price,,96000.0
2026-07-25,047050,포스코인터내셔널,무역회사와판매업체,rev_e,2026/12,336863.0
2026-07-25,047050,포스코인터내셔널,무역회사와판매업체,op_e,2026/12,14079.0
2026-07-25,006260,LS,전기장비,target_price,,610182.0
2026-07-25,006260,LS,전기장비,rev_e,2026/12,392019.0
2026-07-25,006260,LS,전기장비,op_e,2026/12,17126.0
2026-07-25,443060,HD현대마린솔루션,조선,target_price,,324900.0
2026-07-25,443060,HD현대마린솔루션,조선,rev_e,2026/12,23822.0
2026-07-25,443060,HD현대마린솔루션,조선,op_e,2026/12,4272.0
2026-07-25,003490,대한항공,항공사,target_price,,36545.0
2026-07-25,003490,대한항공,항공사,rev_e,2026/12,281329.0
2026-07-25,003490,대한항공,항공사,op_e,2026/12,11052.0
2026-07-25,028050,삼성E&A,건설,target_price,,66800.0
2026-07-25,028050,삼성E&A,건설,rev_e,2026/12,106754.0
2026-07-25,028050,삼성E&A,건설,op_e,2026/12,9775.0
2026-07-25,352820,하이브,방송과엔터테인먼트,target_price,,356000.0
2026-07-25,352820,하이브,방송과엔터테인먼트,rev_e,2026/12,44620.0
2026-07-25,352820,하이브,방송과엔터테인먼트,op_e,2026/12,2750.0
2026-07-25,016360,삼성증권,증권,target_price,,165611.0
2026-07-25,016360,삼성증권,증권,rev_e,2026/12,211630.0
2026-07-25,016360,삼성증권,증권,op_e,2026/12,23120.0
2026-07-25,078930,GS,석유와가스,target_price,,103000.0
2026-07-25,078930,GS,석유와가스,rev_e,2026/12,274840.0
2026-07-25,078930,GS,석유와가스,op_e,2026/12,41296.0
2026-07-25,161390,한국타이어앤테크놀로지,자동차부품,target_price,,87750.0
2026-07-25,161390,한국타이어앤테크놀로지,자동차부품,rev_e,2026/12,225197.0
2026-07-25,161390,한국타이어앤테크놀로지,자동차부품,op_e,2026/12,21471.0
2026-07-25,003230,삼양식품,식품,target_price,,1856429.0
2026-07-25,003230,삼양식품,식품,rev_e,2026/12,30904.0
2026-07-25,003230,삼양식품,식품,op_e,2026/12,7338.0
2026-07-25,277810,레인보우로보틱스,기계,target_price,,915000.0
2026-07-25,277810,레인보우로보틱스,기계,rev_e,2026/12,600.0
2026-07-25,277810,레인보우로보틱스,기계,op_e,2026/12,40.0
2026-07-25,039490,키움증권,증권,target_price,,532353.0
2026-07-25,039490,키움증권,증권,rev_e,2026/12,255671.0
2026-07-25,039490,키움증권,증권,op_e,2026/12,22167.0
2026-07-25,090430,아모레퍼시픽,화장품,target_price,,167667.0
2026-07-25,090430,아모레퍼시픽,화장품,rev_e,2026/12,46044.0
2026-07-25,090430,아모레퍼시픽,화장품,op_e,2026/12,4647.0
2026-07-25,000880,한화,복합기업,target_price,,169667.0
2026-07-25,000880,한화,복합기업,rev_e,2026/12,853217.0
2026-07-25,000880,한화,복합기업,op_e,2026/12,55739.0
2026-07-25,036930,주성엔지니어링,반도체와반도체장비,target_price,,189500.0
2026-07-25,036930,주성엔지니어링,반도체와반도체장비,rev_e,2026/12,3514.0
2026-07-25,036930,주성엔지니어링,반도체와반도체장비,op_e,2026/12,602.0
2026-07-25,021240,코웨이,가정용기기와용품,target_price,,125000.0
2026-07-25,021240,코웨이,가정용기기와용품,rev_e,2026/12,56250.0
2026-07-25,021240,코웨이,가정용기기와용품,op_e,2026/12,10139.0
2026-07-25,007660,이수페타시스,반도체와반도체장비,target_price,,177917.0
2026-07-25,007660,이수페타시스,반도체와반도체장비,rev_e,2026/12,15496.0
2026-07-25,007660,이수페타시스,반도체와반도체장비,op_e,2026/12,3272.0
2026-07-25,267270,HD건설기계,기계,target_price,,216167.0
2026-07-25,267270,HD건설기계,기계,rev_e,2026/12,92117.0
2026-07-25,267270,HD건설기계,기계,op_e,2026/12,7089.0
2026-07-25,326030,SK바이오팜,제약,target_price,,144167.0
2026-07-25,326030,SK바이오팜,제약,rev_e,2026/12,9664.0
2026-07-25,326030,SK바이오팜,제약,op_e,2026/12,3433.0
2026-07-25,047040,대우건설,건설,target_price,,29000.0
2026-07-25,047040,대우건설,건설,rev_e,2026/12,80945.0
2026-07-25,047040,대우건설,건설,op_e,2026/12,7485.0
2026-07-25,032640,LG유플러스,무선통신서비스,target_price,,19917.0
2026-07-25,032640,LG유플러스,무선통신서비스,rev_e,2026/12,156396.0
2026-07-25,032640,LG유플러스,무선통신서비스,op_e,2026/12,11132.0
2026-07-25,064400,LG씨엔에스,IT서비스,target_price,,101778.0
2026-07-25,064400,LG씨엔에스,IT서비스,rev_e,2026/12,66271.0
2026-07-25,064400,LG씨엔에스,IT서비스,op_e,2026/12,6026.0
2026-07-25,241560,두산밥캣,기계,target_price,,90357.0
2026-07-25,241560,두산밥캣,기계,rev_e,2026/12,94999.0
2026-07-25,241560,두산밥캣,기계,op_e,2026/12,8283.0
2026-07-25,000100,유한양행,제약,target_price,,127083.0
2026-07-25,000100,유한양행,제약,rev_e,2026/12,23478.0
2026-07-25,000100,유한양행,제약,op_e,2026/12,1302.0
2026-07-25,377300,카카오페이,IT서비스,target_price,,94333.0
2026-07-25,377300,카카오페이,IT서비스,rev_e,2026/12,13078.0
2026-07-25,377300,카카오페이,IT서비스,op_e,2026/12,1432.0
2026-07-25,029780,삼성카드,카드,target_price,,63667.0
2026-07-25,029780,삼성카드,카드,rev_e,2026/12,46348.0
2026-07-25,029780,삼성카드,카드,op_e,2026/12,8315.0
2026-07-25,000500,가온전선,전기장비,rev_e,2026/12,29455.0
2026-07-25,000500,가온전선,전기장비,op_e,2026/12,1060.0
2026-07-25,138930,BNK금융지주,은행,target_price,,24194.0
2026-07-25,138930,BNK금융지주,은행,op_e,2026/12,10991.0
2026-07-25,001440,대한전선,전기장비,target_price,,53500.0
2026-07-25,001440,대한전선,전기장비,rev_e,2026/12,42502.0
2026-07-25,001440,대한전선,전기장비,op_e,2026/12,1996.0
2026-07-25,353200,대덕전자,전자장비와기기,target_price,,203214.0
2026-07-25,353200,대덕전자,전자장비와기기,rev_e,2026/12,15496.0
2026-07-25,353200,대덕전자,전자장비와기기,op_e,2026/12,2551.0
2026-07-25,062040,산일전기,전기장비,target_price,,332750.0
2026-07-25,062040,산일전기,전기장비,rev_e,2026/12,6722.0
2026-07-25,062040,산일전기,전기장비,op_e,2026/12,2483.0
2026-07-25,058470,리노공업,반도체와반도체장비,target_price,,136000.0
2026-07-25,058470,리노공업,반도체와반도체장비,rev_e,2026/12,4507.0
2026-07-25,058470,리노공업,반도체와반도체장비,op_e,2026/12,2183.0
2026-07-25,271560,오리온,식품,target_price,,178357.0
2026-07-25,271560,오리온,식품,rev_e,2026/12,37779.0
2026-07-25,271560,오리온,식품,op_e,2026/12,6453.0
2026-07-25,009830,한화솔루션,에너지장비및서비스,target_price,,53770.0
2026-07-25,009830,한화솔루션,에너지장비및서비스,rev_e,2026/12,182146.0
2026-07-25,009830,한화솔루션,에너지장비및서비스,op_e,2026/12,7642.0
2026-07-25,128940,한미약품,제약,target_price,,655882.0
2026-07-25,128940,한미약품,제약,rev_e,2026/12,17029.0
2026-07-25,128940,한미약품,제약,op_e,2026/12,3143.0
2026-07-25,175330,JB금융지주,은행,target_price,,37556.0
2026-07-25,175330,JB금융지주,은행,op_e,2026/12,10168.0
2026-07-25,240810,원익IPS,반도체와반도체장비,target_price,,176833.0
2026-07-25,240810,원익IPS,반도체와반도체장비,rev_e,2026/12,12926.0
2026-07-25,240810,원익IPS,반도체와반도체장비,op_e,2026/12,1910.0
2026-07-25,036570,NC,게임엔터테인먼트,target_price,,369706.0
2026-07-25,036570,NC,게임엔터테인먼트,rev_e,2026/12,26536.0
2026-07-25,036570,NC,게임엔터테인먼트,op_e,2026/12,4987.0
2026-07-25,034220,LG디스플레이,디스플레이패널,target_price,,16313.0
2026-07-25,034220,LG디스플레이,디스플레이패널,rev_e,2026/12,252983.0
2026-07-25,034220,LG디스플레이,디스플레이패널,op_e,2026/12,10078.0
2026-07-25,004170,신세계,백화점과일반상점,target_price,,839444.0
2026-07-25,004170,신세계,백화점과일반상점,rev_e,2026/12,73068.0
2026-07-25,004170,신세계,백화점과일반상점,op_e,2026/12,7676.0
2026-07-25,010060,OCI홀딩스,화학,target_price,,395000.0
2026-07-25,010060,OCI홀딩스,화학,rev_e,2026/12,40810.0
2026-07-25,010060,OCI홀딩스,화학,op_e,2026/12,3544.0
2026-07-25,000990,DB하이텍,반도체와반도체장비,target_price,,196000.0
2026-07-25,000990,DB하이텍,반도체와반도체장비,rev_e,2026/12,16114.0
2026-07-25,000990,DB하이텍,반도체와반도체장비,op_e,2026/12,3668.0
2026-07-25,454910,두산로보틱스,기계,target_price,,145000.0
2026-07-25,454910,두산로보틱스,기계,rev_e,2026/12,590.0
2026-07-25,454910,두산로보틱스,기계,op_e,2026/12,130.0
2026-07-25,319660,피에스케이,반도체와반도체장비,target_price,,179143.0
2026-07-25,319660,피에스케이,반도체와반도체장비,rev_e,2026/12,6749.0
2026-07-25,319660,피에스케이,반도체와반도체장비,op_e,2026/12,1792.0
2026-07-25,082740,한화엔진,조선,target_price,,97429.0
2026-07-25,082740,한화엔진,조선,rev_e,2026/12,15717.0
2026-07-25,082740,한화엔진,조선,op_e,2026/12,2384.0
2026-07-25,011790,SKC,화학,target_price,,130000.0
2026-07-25,011790,SKC,화학,rev_e,2026/12,22216.0
2026-07-25,011790,SKC,화학,op_e,2026/12,-604.0
2026-07-25,298380,에이비엘바이오,생물공학,target_price,,220000.0
2026-07-25,298380,에이비엘바이오,생물공학,rev_e,2026/12,492.0
2026-07-25,298380,에이비엘바이오,생물공학,op_e,2026/12,-618.0
2026-07-25,088350,한화생명,생명보험,target_price,,6267.0
2026-07-25,088350,한화생명,생명보험,op_e,2026/12,13570.0
2026-07-25,111770,영원무역,"섬유,의류,신발,호화품",target_price,,122222.0
2026-07-25,111770,영원무역,"섬유,의류,신발,호화품",rev_e,2026/12,44927.0
2026-07-25,111770,영원무역,"섬유,의류,신발,호화품",op_e,2026/12,6477.0
2026-07-25,001040,CJ,복합기업,target_price,,251222.0
2026-07-25,001040,CJ,복합기업,rev_e,2026/12,471226.0
2026-07-25,001040,CJ,복합기업,op_e,2026/12,27187.0
2026-07-25,052690,한전기술,전기유틸리티,target_price,,203818.0
2026-07-25,052690,한전기술,전기유틸리티,rev_e,2026/12,5938.0
2026-07-25,052690,한전기술,전기유틸리티,op_e,2026/12,738.0
2026-07-25,051900,LG생활건강,화장품,target_price,,268000.0
2026-07-25,051900,LG생활건강,화장품,rev_e,2026/12,62737.0
2026-07-25,051900,LG생활건강,화장품,op_e,2026/12,3444.0
2026-07-25,214450,파마리서치,건강관리장비와용품,target_price,,494000.0
2026-07-25,214450,파마리서치,건강관리장비와용품,rev_e,2026/12,6773.0
2026-07-25,214450,파마리서치,건강관리장비와용품,op_e,2026/12,2703.0
2026-07-25,004020,현대제철,철강,target_price,,47506.0
2026-07-25,004020,현대제철,철강,rev_e,2026/12,239199.0
2026-07-25,004020,현대제철,철강,op_e,2026/12,3943.0
2026-07-25,039030,이오테크닉스,반도체와반도체장비,target_price,,580000.0
2026-07-25,039030,이오테크닉스,반도체와반도체장비,rev_e,2026/12,5378.0
2026-07-25,039030,이오테크닉스,반도체와반도체장비,op_e,2026/12,1451.0
2026-07-25,018880,한온시스템,자동차부품,target_price,,5068.0
2026-07-25,018880,한온시스템,자동차부품,rev_e,2026/12,114325.0
2026-07-25,018880,한온시스템,자동차부품,op_e,2026/12,4351.0
2026-07-25,002380,KCC,건축자재,target_price,,722200.0
2026-07-25,002380,KCC,건축자재,rev_e,2026/12,67862.0
2026-07-25,002380,KCC,건축자재,op_e,2026/12,4296.0
2026-07-25,023530,롯데쇼핑,백화점과일반상점,target_price,,225000.0
2026-07-25,023530,롯데쇼핑,백화점과일반상점,rev_e,2026/12,142758.0
2026-07-25,023530,롯데쇼핑,백화점과일반상점,op_e,2026/12,8129.0
2026-07-25,141080,리가켐바이오,제약,target_price,,224000.0
2026-07-25,141080,리가켐바이오,제약,rev_e,2026/12,1947.0
2026-07-25,141080,리가켐바이오,제약,op_e,2026/12,-826.0
2026-07-25,001450,현대해상,손해보험,target_price,,43333.0
2026-07-25,066970,엘앤에프,전기제품,target_price,,241368.0
2026-07-25,066970,엘앤에프,전기제품,rev_e,2026/12,35096.0
2026-07-25,066970,엘앤에프,전기제품,op_e,2026/12,2492.0
2026-07-25,222800,심텍,전자장비와기기,target_price,,171250.0
2026-07-25,222800,심텍,전자장비와기기,rev_e,2026/12,19317.0
2026-07-25,222800,심텍,전자장비와기기,op_e,2026/12,1896.0
2026-07-25,440110,파두,반도체와반도체장비,target_price,,130000.0
2026-07-25,440110,파두,반도체와반도체장비,rev_e,2026/12,3856.0
2026-07-25,440110,파두,반도체와반도체장비,op_e,2026/12,859.0
2026-07-25,036460,한국가스공사,가스유틸리티,target_price,,48750.0
2026-07-25,036460,한국가스공사,가스유틸리티,rev_e,2026/12,365537.0
2026-07-25,036460,한국가스공사,가스유틸리티,op_e,2026/12,22650.0
2026-07-25,011780,금호석유화학,화학,target_price,,176077.0
2026-07-25,011780,금호석유화학,화학,rev_e,2026/12,74913.0
2026-07-25,011780,금호석유화학,화학,op_e,2026/12,4006.0
2026-07-25,035250,강원랜드,"호텔,레스토랑,레저",target_price,,21100.0
2026-07-25,035250,강원랜드,"호텔,레스토랑,레저",rev_e,2026/12,14861.0
2026-07-25,035250,강원랜드,"호텔,레스토랑,레저",op_e,2026/12,2232.0
2026-07-25,103590,일진전기,전기장비,target_price,,112667.0
2026-07-25,103590,일진전기,전기장비,rev_e,2026/12,22974.0
2026-07-25,103590,일진전기,전기장비,op_e,2026/12,2202.0
2026-07-25,251270,넷마블,게임엔터테인먼트,target_price,,62357.0
2026-07-25,251270,넷마블,게임엔터테인먼트,rev_e,2026/12,28926.0
2026-07-25,251270,넷마블,게임엔터테인먼트,op_e,2026/12,3601.0
2026-07-25,483650,달바글로벌,화장품,target_price,,302692.0
2026-07-25,483650,달바글로벌,화장품,rev_e,2026/12,7509.0
2026-07-25,483650,달바글로벌,화장품,op_e,2026/12,1614.0
2026-07-25,031210,서울보증보험,손해보험,target_price,,56000.0
2026-07-25,403870,HPSP,반도체와반도체장비,target_price,,68000.0
2026-07-25,403870,HPSP,반도체와반도체장비,rev_e,2026/12,2408.0
2026-07-25,403870,HPSP,반도체와반도체장비,op_e,2026/12,1283.0
2026-07-25,097950,CJ제일제당,식품,target_price,,290769.0
2026-07-25,097950,CJ제일제당,식품,rev_e,2026/12,286222.0
2026-07-25,097950,CJ제일제당,식품,op_e,2026/12,12824.0
2026-07-25,383220,F&F,"섬유,의류,신발,호화품",target_price,,98800.0
2026-07-25,383220,F&F,"섬유,의류,신발,호화품",rev_e,2026/12,20945.0
2026-07-25,383220,F&F,"섬유,의류,신발,호화품",op_e,2026/12,5371.0
2026-07-25,214150,클래시스,건강관리장비와용품,target_price,,72563.0
2026-07-25,214150,클래시스,건강관리장비와용품,rev_e,2026/12,4575.0
2026-07-25,214150,클래시스,건강관리장비와용품,op_e,2026/12,2117.0
2026-07-25,139130,iM금융지주,은행,target_price,,24007.0
2026-07-25,139130,iM금융지주,은행,op_e,2026/12,6565.0
2026-07-25,145020,휴젤,생물공학,target_price,,378571.0
2026-07-25,145020,휴젤,생물공학,rev_e,2026/12,5257.0
2026-07-25,145020,휴젤,생물공학,op_e,2026/12,2174.0
2026-07-25,095340,ISC,반도체와반도체장비,target_price,,291429.0
2026-07-25,095340,ISC,반도체와반도체장비,rev_e,2026/12,3093.0
2026-07-25,095340,ISC,반도체와반도체장비,op_e,2026/12,1030.0
2026-07-25,028670,팬오션,해운사,target_price,,7615.0
2026-07-25,028670,팬오션,해운사,rev_e,2026/12,61633.0
2026-07-25,028670,팬오션,해운사,op_e,2026/12,5946.0
2026-07-25,108490,로보티즈,기계,target_price,,398000.0
2026-07-25,108490,로보티즈,기계,rev_e,2026/12,646.0
2026-07-25,108490,로보티즈,기계,op_e,2026/12,24.0
2026-07-25,336260,두산퓨얼셀,에너지장비및서비스,target_price,,76000.0
2026-07-25,336260,두산퓨얼셀,에너지장비및서비스,rev_e,2026/12,5744.0
2026-07-25,336260,두산퓨얼셀,에너지장비및서비스,op_e,2026/12,-278.0
2026-07-25,012750,에스원,상업서비스와공급품,target_price,,94000.0
2026-07-25,012750,에스원,상업서비스와공급품,rev_e,2026/12,29680.0
2026-07-25,012750,에스원,상업서비스와공급품,op_e,2026/12,1961.0
2026-07-25,069960,현대백화점,백화점과일반상점,target_price,,221278.0
2026-07-25,069960,현대백화점,백화점과일반상점,rev_e,2026/12,42714.0
2026-07-25,069960,현대백화점,백화점과일반상점,op_e,2026/12,4362.0
2026-07-25,475150,SK이터닉스,에너지장비및서비스,target_price,,57250.0
2026-07-25,475150,SK이터닉스,에너지장비및서비스,rev_e,2026/12,3856.0
2026-07-25,475150,SK이터닉스,에너지장비및서비스,op_e,2026/12,530.0
2026-07-25,017800,현대엘리베이터,기계,target_price,,95000.0
2026-07-25,017800,현대엘리베이터,기계,rev_e,2026/12,26300.0
2026-07-25,017800,현대엘리베이터,기계,op_e,2026/12,2140.0
2026-07-25,302440,SK바이오사이언스,제약,target_price,,49000.0
2026-07-25,302440,SK바이오사이언스,제약,rev_e,2026/12,7392.0
2026-07-25,302440,SK바이오사이언스,제약,op_e,2026/12,-1295.0
2026-07-25,095610,테스,반도체와반도체장비,target_price,,196250.0
2026-07-25,095610,테스,반도체와반도체장비,rev_e,2026/12,4626.0
2026-07-25,095610,테스,반도체와반도체장비,op_e,2026/12,1017.0
2026-07-25,004800,효성,복합기업,target_price,,215000.0
2026-07-25,004800,효성,복합기업,rev_e,2026/12,25973.0
2026-07-25,004800,효성,복합기업,op_e,2026/12,4583.0
2026-07-25,011170,롯데케미칼,화학,target_price,,121615.0
2026-07-25,011170,롯데케미칼,화학,rev_e,2026/12,217260.0
2026-07-25,011170,롯데케미칼,화학,op_e,2026/12,1779.0
2026-07-25,006360,GS건설,건설,target_price,,44556.0
2026-07-25,006360,GS건설,건설,rev_e,2026/12,110673.0
2026-07-25,006360,GS건설,건설,op_e,2026/12,4545.0
2026-07-25,279570,케이뱅크,은행,target_price,,7500.0
2026-07-25,279570,케이뱅크,은행,op_e,2026/12,1349.0
2026-07-25,005850,에스엘,자동차부품,target_price,,92000.0
2026-07-25,005850,에스엘,자동차부품,rev_e,2026/12,57293.0
2026-07-25,005850,에스엘,자동차부품,op_e,2026/12,4617.0
2026-07-25,084370,유진테크,반도체와반도체장비,target_price,,156667.0
2026-07-25,084370,유진테크,반도체와반도체장비,rev_e,2026/12,4910.0
2026-07-25,084370,유진테크,반도체와반도체장비,op_e,2026/12,1027.0
2026-07-25,014680,한솔케미칼,화학,target_price,,408571.0
2026-07-25,014680,한솔케미칼,화학,rev_e,2026/12,9990.0
2026-07-25,014680,한솔케미칼,화학,op_e,2026/12,1879.0
2026-07-25,178320,서진시스템,전기장비,target_price,,72250.0
2026-07-25,178320,서진시스템,전기장비,rev_e,2026/12,17736.0
2026-07-25,178320,서진시스템,전기장비,op_e,2026/12,1621.0
2026-07-25,003690,코리안리,손해보험,target_price,,16333.0
2026-07-25,375500,DL이앤씨,건설,target_price,,104722.0
2026-07-25,375500,DL이앤씨,건설,rev_e,2026/12,69627.0
2026-07-25,375500,DL이앤씨,건설,op_e,2026/12,5272.0
2026-07-25,237690,에스티팜,제약,target_price,,204071.0
2026-07-25,237690,에스티팜,제약,rev_e,2026/12,4201.0
2026-07-25,237690,에스티팜,제약,op_e,2026/12,790.0
2026-07-25,009420,한올바이오파마,제약,target_price,,79714.0
2026-07-25,009420,한올바이오파마,제약,rev_e,2026/12,1708.0
2026-07-25,009420,한올바이오파마,제약,op_e,2026/12,19.0
2026-07-25,161890,한국콜마,화장품,target_price,,132526.0
2026-07-25,161890,한국콜마,화장품,rev_e,2026/12,30699.0
2026-07-25,161890,한국콜마,화장품,op_e,2026/12,3153.0
2026-07-25,018670,SK가스,가스유틸리티,target_price,,367000.0
2026-07-25,018670,SK가스,가스유틸리티,rev_e,2026/12,101795.0
2026-07-25,018670,SK가스,가스유틸리티,op_e,2026/12,6456.0
2026-07-25,081660,미스토홀딩스,"섬유,의류,신발,호화품",target_price,,60222.0
2026-07-25,081660,미스토홀딩스,"섬유,의류,신발,호화품",rev_e,2026/12,47378.0
2026-07-25,081660,미스토홀딩스,"섬유,의류,신발,호화품",op_e,2026/12,5672.0
2026-07-25,004990,롯데지주,복합기업,target_price,,36500.0
2026-07-25,004990,롯데지주,복합기업,rev_e,2026/12,158390.0
2026-07-25,004990,롯데지주,복합기업,op_e,2026/12,3797.0
2026-07-25,257720,실리콘투,인터넷과카탈로그소매,target_price,,55500.0
2026-07-25,257720,실리콘투,인터넷과카탈로그소매,rev_e,2026/12,15591.0
2026-07-25,257720,실리콘투,인터넷과카탈로그소매,op_e,2026/12,2767.0
2026-07-25,071970,HD현대마린엔진,조선,target_price,,120200.0
2026-07-25,071970,HD현대마린엔진,조선,rev_e,2026/12,6087.0
2026-07-25,071970,HD현대마린엔진,조선,op_e,2026/12,1527.0
2026-07-25,031980,피에스케이홀딩스,반도체와반도체장비,target_price,,191600.0
2026-07-25,031980,피에스케이홀딩스,반도체와반도체장비,rev_e,2026/12,2694.0
2026-07-25,031980,피에스케이홀딩스,반도체와반도체장비,op_e,2026/12,1053.0
2026-07-25,007340,DN오토모티브,자동차부품,target_price,,60000.0
2026-07-25,007340,DN오토모티브,자동차부품,rev_e,2026/12,44387.0
2026-07-25,007340,DN오토모티브,자동차부품,op_e,2026/12,6230.0
2026-07-25,139480,이마트,백화점과일반상점,target_price,,121667.0
2026-07-25,139480,이마트,백화점과일반상점,rev_e,2026/12,292202.0
2026-07-25,139480,이마트,백화점과일반상점,op_e,2026/12,5406.0
2026-07-25,005440,현대지에프홀딩스,복합기업,target_price,,19750.0
2026-07-25,005440,현대지에프홀딩스,복합기업,rev_e,2026/12,84266.0
2026-07-25,005440,현대지에프홀딩스,복합기업,op_e,2026/12,3609.0
2026-07-25,131290,티에스이,반도체와반도체장비,target_price,,336667.0
2026-07-25,131290,티에스이,반도체와반도체장비,rev_e,2026/12,6172.0
2026-07-25,131290,티에스이,반도체와반도체장비,op_e,2026/12,1681.0
2026-07-25,004370,농심,식품,target_price,,541667.0
2026-07-25,004370,농심,식품,rev_e,2026/12,37169.0
2026-07-25,004370,농심,식품,op_e,2026/12,2162.0
2026-07-25,067310,하나마이크론,반도체와반도체장비,target_price,,62000.0
2026-07-25,067310,하나마이크론,반도체와반도체장비,rev_e,2026/12,23020.0
2026-07-25,067310,하나마이크론,반도체와반도체장비,op_e,2026/12,3222.0
2026-07-25,030000,제일기획,광고,target_price,,25273.0
2026-07-25,030000,제일기획,광고,rev_e,2026/12,46916.0
2026-07-25,030000,제일기획,광고,op_e,2026/12,3324.0
2026-07-25,007070,GS리테일,백화점과일반상점,target_price,,32077.0
2026-07-25,007070,GS리테일,백화점과일반상점,rev_e,2026/12,124306.0
2026-07-25,007070,GS리테일,백화점과일반상점,op_e,2026/12,3478.0
2026-07-25,085620,미래에셋생명,생명보험,target_price,,14000.0
2026-07-25,489790,한화비전,통신장비,target_price,,109333.0
2026-07-25,489790,한화비전,통신장비,rev_e,2026/12,17909.0
2026-07-25,489790,한화비전,통신장비,op_e,2026/12,1623.0
2026-07-25,282330,BGF리테일,백화점과일반상점,target_price,,174357.0
2026-07-25,282330,BGF리테일,백화점과일반상점,rev_e,2026/12,95038.0
2026-07-25,282330,BGF리테일,백화점과일반상점,op_e,2026/12,2961.0
2026-07-25,051600,한전KPS,전기유틸리티,target_price,,69091.0
2026-07-25,051600,한전KPS,전기유틸리티,rev_e,2026/12,16421.0
2026-07-25,051600,한전KPS,전기유틸리티,op_e,2026/12,1900.0
2026-07-25,357780,솔브레인,반도체와반도체장비,target_price,,531750.0
2026-07-25,357780,솔브레인,반도체와반도체장비,rev_e,2026/12,11092.0
2026-07-25,357780,솔브레인,반도체와반도체장비,op_e,2026/12,1936.0
2026-07-25,204320,HL만도,자동차부품,target_price,,75111.0
2026-07-25,204320,HL만도,자동차부품,rev_e,2026/12,97521.0
2026-07-25,204320,HL만도,자동차부품,op_e,2026/12,4022.0
2026-07-25,263750,펄어비스,게임엔터테인먼트,target_price,,69111.0
2026-07-25,263750,펄어비스,게임엔터테인먼트,rev_e,2026/12,9159.0
2026-07-25,263750,펄어비스,게임엔터테인먼트,op_e,2026/12,4763.0
2026-07-25,064760,티씨케이,반도체와반도체장비,target_price,,385000.0
2026-07-25,064760,티씨케이,반도체와반도체장비,rev_e,2026/12,3964.0
2026-07-25,064760,티씨케이,반도체와반도체장비,op_e,2026/12,1233.0
2026-07-25,192820,코스맥스,화장품,target_price,,247389.0
2026-07-25,192820,코스맥스,화장품,rev_e,2026/12,27672.0
2026-07-25,192820,코스맥스,화장품,op_e,2026/12,2332.0
2026-07-25,089970,브이엠,반도체와반도체장비,target_price,,123333.0
2026-07-25,089970,브이엠,반도체와반도체장비,rev_e,2026/12,3159.0
2026-07-25,089970,브이엠,반도체와반도체장비,op_e,2026/12,958.0
2026-07-25,103140,풍산,비철금속,target_price,,115370.0
2026-07-25,103140,풍산,비철금속,rev_e,2026/12,61295.0
2026-07-25,103140,풍산,비철금속,op_e,2026/12,3595.0
2026-07-25,439260,대한조선,조선,target_price,,122000.0
2026-07-25,439260,대한조선,조선,rev_e,2026/12,13138.0
2026-07-25,439260,대한조선,조선,op_e,2026/12,3671.0
2026-07-25,008770,호텔신라,백화점과일반상점,target_price,,75538.0
2026-07-25,008770,호텔신라,백화점과일반상점,rev_e,2026/12,40744.0
2026-07-25,008770,호텔신라,백화점과일반상점,op_e,2026/12,1834.0
2026-07-25,322000,HD현대에너지솔루션,에너지장비및서비스,target_price,,267500.0
2026-07-25,322000,HD현대에너지솔루션,에너지장비및서비스,rev_e,2026/12,6981.0
2026-07-25,322000,HD현대에너지솔루션,에너지장비및서비스,op_e,2026/12,1168.0
2026-07-25,112610,씨에스윈드,에너지장비및서비스,target_price,,77889.0
2026-07-25,112610,씨에스윈드,에너지장비및서비스,rev_e,2026/12,28940.0
2026-07-25,112610,씨에스윈드,에너지장비및서비스,op_e,2026/12,3032.0
2026-07-25,462870,시프트업,게임엔터테인먼트,target_price,,45556.0
2026-07-25,462870,시프트업,게임엔터테인먼트,rev_e,2026/12,2101.0
2026-07-25,462870,시프트업,게임엔터테인먼트,op_e,2026/12,1052.0
2026-07-25,000120,CJ대한통운,항공화물운송과물류,target_price,,126800.0
2026-07-25,000120,CJ대한통운,항공화물운송과물류,rev_e,2026/12,130654.0
2026-07-25,000120,CJ대한통운,항공화물운송과물류,op_e,2026/12,4867.0
2026-07-25,073240,금호타이어,자동차부품,target_price,,8330.0
2026-07-25,073240,금호타이어,자동차부품,rev_e,2026/12,50733.0
2026-07-25,073240,금호타이어,자동차부품,op_e,2026/12,5891.0
2026-07-25,098460,고영,전자장비와기기,target_price,,46750.0
2026-07-25,098460,고영,전자장비와기기,rev_e,2026/12,3089.0
2026-07-25,098460,고영,전자장비와기기,op_e,2026/12,463.0
2026-07-25,140860,파크시스템스,전자장비와기기,target_price,,363167.0
2026-07-25,140860,파크시스템스,전자장비와기기,rev_e,2026/12,2412.0
2026-07-25,140860,파크시스템스,전자장비와기기,op_e,2026/12,554.0
2026-07-25,457190,이수스페셜티케미컬,화학,rev_e,2026/12,4360.0
2026-07-25,457190,이수스페셜티케미컬,화학,op_e,2026/12,-9.0
2026-07-25,089030,테크윙,반도체와반도체장비,rev_e,2026/12,3718.0
2026-07-25,089030,테크윙,반도체와반도체장비,op_e,2026/12,985.0
2026-07-25,120110,코오롱인더,화학,target_price,,113000.0
2026-07-25,120110,코오롱인더,화학,rev_e,2026/12,53625.0
2026-07-25,120110,코오롱인더,화학,op_e,2026/12,2385.0
2026-07-25,060370,LS마린솔루션,건설,target_price,,44000.0
2026-07-25,060370,LS마린솔루션,건설,rev_e,2026/12,3055.0
2026-07-25,060370,LS마린솔루션,건설,op_e,2026/12,187.0
2026-07-25,041510,에스엠,방송과엔터테인먼트,target_price,,118167.0
2026-07-25,041510,에스엠,방송과엔터테인먼트,rev_e,2026/12,12608.0
2026-07-25,041510,에스엠,방송과엔터테인먼트,op_e,2026/12,1922.0
2026-07-25,035900,JYP Ent.,방송과엔터테인먼트,target_price,,79833.0
2026-07-25,035900,JYP Ent.,방송과엔터테인먼트,rev_e,2026/12,8705.0
2026-07-25,035900,JYP Ent.,방송과엔터테인먼트,op_e,2026/12,1685.0
2026-07-25,058610,에스피지,전기제품,target_price,,130000.0
2026-07-25,058610,에스피지,전기제품,rev_e,2026/12,3695.0
2026-07-25,058610,에스피지,전기제품,op_e,2026/12,246.0
2026-07-25,020150,롯데에너지머티리얼즈,전자장비와기기,target_price,,82009.0
2026-07-25,020150,롯데에너지머티리얼즈,전자장비와기기,rev_e,2026/12,8824.0
2026-07-25,020150,롯데에너지머티리얼즈,전자장비와기기,op_e,2026/12,-387.0
2026-07-25,006040,동원산업,식품,target_price,,52000.0
2026-07-25,006040,동원산업,식품,rev_e,2026/12,101322.0
2026-07-25,006040,동원산업,식품,op_e,2026/12,5512.0
2026-07-25,001800,오리온홀딩스,식품,rev_e,2026/12,37706.0
2026-07-25,001800,오리온홀딩스,식품,op_e,2026/12,6028.0
2026-07-25,010170,대한광통신,통신장비,rev_e,2026/12,2002.0
2026-07-25,010170,대한광통신,통신장비,op_e,2026/12,-23.0
2026-07-25,001740,SK네트웍스,복합기업,target_price,,10333.0
2026-07-25,001740,SK네트웍스,복합기업,rev_e,2026/12,70246.0
2026-07-25,001740,SK네트웍스,복합기업,op_e,2026/12,1228.0
2026-07-25,011210,현대위아,자동차부품,target_price,,94273.0
2026-07-25,011210,현대위아,자동차부품,rev_e,2026/12,88622.0
2026-07-25,011210,현대위아,자동차부품,op_e,2026/12,2257.0
2026-07-25,001120,LX인터내셔널,무역회사와판매업체,target_price,,66500.0
2026-07-25,001120,LX인터내셔널,무역회사와판매업체,rev_e,2026/12,180607.0
2026-07-25,001120,LX인터내셔널,무역회사와판매업체,op_e,2026/12,4869.0
2026-07-25,290650,엘앤씨바이오,건강관리장비와용품,rev_e,2026/12,1624.0
2026-07-25,290650,엘앤씨바이오,건강관리장비와용품,op_e,2026/12,367.0
2026-07-25,281820,케이씨텍,반도체와반도체장비,target_price,,127000.0
2026-07-25,281820,케이씨텍,반도체와반도체장비,rev_e,2026/12,6528.0
2026-07-25,281820,케이씨텍,반도체와반도체장비,op_e,2026/12,1462.0
2026-07-25,069620,대웅제약,제약,target_price,,210000.0
2026-07-25,069620,대웅제약,제약,rev_e,2026/12,16670.0
2026-07-25,069620,대웅제약,제약,op_e,2026/12,2202.0
2026-07-25,131970,두산테스나,반도체와반도체장비,target_price,,185714.0
2026-07-25,131970,두산테스나,반도체와반도체장비,rev_e,2026/12,3483.0
2026-07-25,131970,두산테스나,반도체와반도체장비,op_e,2026/12,477.0
2026-07-25,089860,롯데렌탈,도로와철도운송,target_price,,44800.0
2026-07-25,089860,롯데렌탈,도로와철도운송,rev_e,2026/12,30659.0
2026-07-25,089860,롯데렌탈,도로와철도운송,op_e,2026/12,3578.0
2026-07-25,097230,HJ중공업,건설,target_price,,37000.0
2026-07-25,097230,HJ중공업,건설,rev_e,2026/12,25720.0
2026-07-25,097230,HJ중공업,건설,op_e,2026/12,2050.0
2026-07-25,006280,녹십자,제약,target_price,,195769.0
2026-07-25,006280,녹십자,제약,rev_e,2026/12,20033.0
2026-07-25,006280,녹십자,제약,op_e,2026/12,738.0
2026-07-25,420770,기가비스,반도체와반도체장비,target_price,,203333.0
2026-07-25,420770,기가비스,반도체와반도체장비,rev_e,2026/12,928.0
2026-07-25,420770,기가비스,반도체와반도체장비,op_e,2026/12,292.0
2026-07-25,096530,씨젠,생명과학도구및서비스,target_price,,44500.0
2026-07-25,096530,씨젠,생명과학도구및서비스,rev_e,2026/12,5316.0
2026-07-25,096530,씨젠,생명과학도구및서비스,op_e,2026/12,790.0
2026-07-25,229640,LS에코에너지,전기장비,target_price,,82667.0
2026-07-25,229640,LS에코에너지,전기장비,rev_e,2026/12,11912.0
2026-07-25,229640,LS에코에너지,전기장비,op_e,2026/12,825.0
2026-07-25,020560,아시아나항공,항공사,rev_e,2026/12,69880.0
2026-07-25,020560,아시아나항공,항공사,op_e,2026/12,-5700.0
2026-07-25,082920,비츠로셀,전기제품,target_price,,50333.0
2026-07-25,082920,비츠로셀,전기제품,rev_e,2026/12,3114.0
2026-07-25,082920,비츠로셀,전기제품,op_e,2026/12,927.0
2026-07-25,298020,효성티앤씨,무역회사와판매업체,target_price,,597500.0
2026-07-25,298020,효성티앤씨,무역회사와판매업체,rev_e,2026/12,86118.0
2026-07-25,298020,효성티앤씨,무역회사와판매업체,op_e,2026/12,4851.0
2026-07-25,083650,비에이치아이,에너지장비및서비스,target_price,,110000.0
2026-07-25,083650,비에이치아이,에너지장비및서비스,rev_e,2026/12,11030.0
2026-07-25,083650,비에이치아이,에너지장비및서비스,op_e,2026/12,1201.0
2026-07-25,012630,HDC,건설,target_price,,35000.0
2026-07-25,012630,HDC,건설,rev_e,2026/12,69186.0
2026-07-25,012630,HDC,건설,op_e,2026/12,6860.0
2026-07-25,007810,코리아써키트,전자장비와기기,target_price,,156667.0
2026-07-25,007810,코리아써키트,전자장비와기기,rev_e,2026/12,18086.0
2026-07-25,007810,코리아써키트,전자장비와기기,op_e,2026/12,1467.0
2026-07-25,294870,IPARK현대산업개발,건설,target_price,,30357.0
2026-07-25,294870,IPARK현대산업개발,건설,rev_e,2026/12,39393.0
2026-07-25,294870,IPARK현대산업개발,건설,op_e,2026/12,5225.0
2026-07-25,192080,더블유게임즈,게임엔터테인먼트,target_price,,83846.0
2026-07-25,192080,더블유게임즈,게임엔터테인먼트,rev_e,2026/12,8415.0
2026-07-25,192080,더블유게임즈,게임엔터테인먼트,op_e,2026/12,2857.0
2026-07-25,950160,코오롱티슈진,생물공학,target_price,,280000.0
2026-07-25,950160,코오롱티슈진,생물공학,rev_e,2026/12,60.0
2026-07-25,950160,코오롱티슈진,생물공학,op_e,2026/12,-290.0
2026-07-25,183300,코미코,반도체와반도체장비,target_price,,170932.0
2026-07-25,183300,코미코,반도체와반도체장비,rev_e,2026/12,7194.0
2026-07-25,183300,코미코,반도체와반도체장비,op_e,2026/12,1289.0
2026-07-25,001430,세아베스틸지주,철강,target_price,,57878.0
2026-07-25,001430,세아베스틸지주,철강,rev_e,2026/12,40349.0
2026-07-25,001430,세아베스틸지주,철강,op_e,2026/12,1565.0
2026-07-25,043260,성호전자,전기제품,target_price,,85000.0
2026-07-25,043260,성호전자,전기제품,rev_e,2026/12,3020.0
2026-07-25,043260,성호전자,전기제품,op_e,2026/12,452.0
2026-07-25,003540,대신증권,증권,target_price,,41667.0
2026-07-25,003540,대신증권,증권,op_e,2026/12,4233.0
2026-07-25,017960,한국카본,조선,target_price,,57667.0
2026-07-25,017960,한국카본,조선,rev_e,2026/12,9480.0
2026-07-25,017960,한국카본,조선,op_e,2026/12,1808.0
2026-07-25,004000,롯데정밀화학,화학,target_price,,75000.0
2026-07-25,004000,롯데정밀화학,화학,rev_e,2026/12,20244.0
2026-07-25,004000,롯데정밀화학,화학,op_e,2026/12,1440.0
2026-07-25,218410,RFHIC,통신장비,target_price,,132600.0
2026-07-25,218410,RFHIC,통신장비,rev_e,2026/12,2616.0
2026-07-25,218410,RFHIC,통신장비,op_e,2026/12,542.0
2026-07-25,181710,NHN,IT서비스,target_price,,54667.0
2026-07-25,181710,NHN,IT서비스,rev_e,2026/12,28653.0
2026-07-25,181710,NHN,IT서비스,op_e,2026/12,1782.0
2026-07-25,078600,대주전자재료,전자장비와기기,target_price,,191500.0
2026-07-25,078600,대주전자재료,전자장비와기기,rev_e,2026/12,3924.0
2026-07-25,078600,대주전자재료,전자장비와기기,op_e,2026/12,396.0
2026-07-25,003570,SNT다이내믹스,자동차부품,target_price,,77000.0
2026-07-25,003570,SNT다이내믹스,자동차부품,rev_e,2026/12,8077.0
2026-07-25,003570,SNT다이내믹스,자동차부품,op_e,2026/12,1121.0
2026-07-25,005070,코스모신소재,화학,target_price,,50500.0
2026-07-25,005070,코스모신소재,화학,rev_e,2026/12,6010.0
2026-07-25,005070,코스모신소재,화학,op_e,2026/12,157.0
2026-07-25,361610,SK아이이테크놀로지,전기제품,target_price,,25667.0
2026-07-25,361610,SK아이이테크놀로지,전기제품,rev_e,2026/12,1899.0
2026-07-25,361610,SK아이이테크놀로지,전기제품,op_e,2026/12,-2448.0
2026-07-25,100090,SK오션플랜트,에너지장비및서비스,target_price,,26167.0
2026-07-25,100090,SK오션플랜트,에너지장비및서비스,rev_e,2026/12,6832.0
2026-07-25,100090,SK오션플랜트,에너지장비및서비스,op_e,2026/12,702.0
2026-07-25,003380,하림지주,식품,target_price,,16500.0
2026-07-25,003380,하림지주,식품,rev_e,2026/12,147130.0
2026-07-25,003380,하림지주,식품,op_e,2026/12,10240.0
2026-07-25,195940,HK이노엔,제약,target_price,,64182.0
2026-07-25,195940,HK이노엔,제약,rev_e,2026/12,10990.0
2026-07-25,195940,HK이노엔,제약,op_e,2026/12,1308.0
2026-07-25,093370,후성,화학,target_price,,20000.0
2026-07-25,093370,후성,화학,rev_e,2026/12,5928.0
2026-07-25,093370,후성,화학,op_e,2026/12,527.0
2026-07-25,166090,하나머티리얼즈,반도체와반도체장비,target_price,,94500.0
2026-07-25,166090,하나머티리얼즈,반도체와반도체장비,rev_e,2026/12,3812.0
2026-07-25,166090,하나머티리얼즈,반도체와반도체장비,op_e,2026/12,973.0
2026-07-25,000080,하이트진로,음료,target_price,,23667.0
2026-07-25,000080,하이트진로,음료,rev_e,2026/12,24973.0
2026-07-25,000080,하이트진로,음료,op_e,2026/12,1941.0
2026-07-25,000210,DL,화학,target_price,,82000.0
2026-07-25,000210,DL,화학,rev_e,2026/12,55205.0
2026-07-25,000210,DL,화학,op_e,2026/12,6038.0
2026-07-25,458870,씨어스,건강관리기술,target_price,,64250.0
2026-07-25,458870,씨어스,건강관리기술,rev_e,2026/12,1456.0
2026-07-25,458870,씨어스,건강관리기술,op_e,2026/12,633.0
2026-07-25,300720,한일시멘트,건축자재,target_price,,19500.0
2026-07-25,300720,한일시멘트,건축자재,rev_e,2026/12,13950.0
2026-07-25,300720,한일시멘트,건축자재,op_e,2026/12,1150.0
2026-07-25,077970,STX엔진,조선,target_price,,78000.0
2026-07-25,077970,STX엔진,조선,rev_e,2026/12,9494.0
2026-07-25,077970,STX엔진,조선,op_e,2026/12,1004.0
2026-07-25,009450,경동나비엔,가정용기기와용품,target_price,,99500.0
2026-07-25,009450,경동나비엔,가정용기기와용품,rev_e,2026/12,17186.0
2026-07-25,009450,경동나비엔,가정용기기와용품,op_e,2026/12,2376.0
2026-08-01,005930,삼성전자,반도체와반도체장비,target_price,,501042.0
2026-08-01,005930,삼성전자,반도체와반도체장비,rev_e,2026/12,7378931.0
2026-08-01,005930,삼성전자,반도체와반도체장비,op_e,2026/12,3911296.0
2026-08-01,000660,SK하이닉스,반도체와반도체장비,target_price,,3322083.0
2026-08-01,000660,SK하이닉스,반도체와반도체장비,rev_e,2026/12,3460728.0
2026-08-01,000660,SK하이닉스,반도체와반도체장비,op_e,2026/12,2660324.0
2026-08-01,402340,SK스퀘어,반도체와반도체장비,target_price,,1900000.0
2026-08-01,402340,SK스퀘어,반도체와반도체장비,rev_e,2026/12,73622.0
2026-08-01,402340,SK스퀘어,반도체와반도체장비,op_e,2026/12,434130.0
2026-08-01,009150,삼성전기,전자장비와기기,target_price,,2503333.0
2026-08-01,009150,삼성전기,전자장비와기기,rev_e,2026/12,143144.0
2026-08-01,009150,삼성전기,전자장비와기기,op_e,2026/12,19264.0
2026-08-01,005380,현대차,자동차,target_price,,724000.0
2026-08-01,005380,현대차,자동차,rev_e,2026/12,1944510.0
2026-08-01,005380,현대차,자동차,op_e,2026/12,115589.0
2026-08-01,373220,LG에너지솔루션,전기제품,target_price,,547318.0
2026-08-01,373220,LG에너지솔루션,전기제품,rev_e,2026/12,320933.0
2026-08-01,373220,LG에너지솔루션,전기제품,op_e,2026/12,9460.0
2026-08-01,207940,삼성바이오로직스,제약,target_price,,2010909.0
2026-08-01,207940,삼성바이오로직스,제약,rev_e,2026/12,54951.0
2026-08-01,207940,삼성바이오로직스,제약,op_e,2026/12,24162.0
2026-08-01,032830,삼성생명,생명보험,target_price,,416808.0
2026-08-01,032830,삼성생명,생명보험,op_e,2026/12,33472.0
2026-08-01,105560,KB금융,은행,target_price,,224889.0
2026-08-01,105560,KB금융,은행,op_e,2026/12,94214.0
2026-08-01,028260,삼성물산,복합기업,target_price,,500000.0
2026-08-01,028260,삼성물산,복합기업,rev_e,2026/12,452904.0
2026-08-01,028260,삼성물산,복합기업,op_e,2026/12,37916.0
2026-08-01,000270,기아,자동차,target_price,,217800.0
2026-08-01,000270,기아,자동차,rev_e,2026/12,1257609.0
2026-08-01,000270,기아,자동차,op_e,2026/12,102340.0
2026-08-01,329180,HD현대중공업,조선,target_price,,865619.0
2026-08-01,329180,HD현대중공업,조선,rev_e,2026/12,249218.0
2026-08-01,329180,HD현대중공업,조선,op_e,2026/12,40239.0
2026-08-01,012450,한화에어로스페이스,우주항공과국방,target_price,,1715882.0
2026-08-01,012450,한화에어로스페이스,우주항공과국방,rev_e,2026/12,307197.0
2026-08-01,012450,한화에어로스페이스,우주항공과국방,op_e,2026/12,42800.0
2026-08-01,055550,신한지주,은행,target_price,,137000.0
2026-08-01,055550,신한지주,은행,op_e,2026/12,80830.0
2026-08-01,068270,셀트리온,제약,target_price,,274784.0
2026-08-01,068270,셀트리온,제약,rev_e,2026/12,55102.0
2026-08-01,068270,셀트리온,제약,op_e,2026/12,18488.0
2026-08-01,012330,현대모비스,자동차부품,target_price,,743750.0
2026-08-01,012330,현대모비스,자동차부품,rev_e,2026/12,650332.0
2026-08-01,012330,현대모비스,자동차부품,op_e,2026/12,37830.0
2026-08-01,034020,두산에너빌리티,기계,target_price,,129375.0
2026-08-01,034020,두산에너빌리티,기계,rev_e,2026/12,183269.0
2026-08-01,034020,두산에너빌리티,기계,op_e,2026/12,11296.0
2026-08-01,034730,SK,석유와가스,target_price,,853692.0
2026-08-01,034730,SK,석유와가스,rev_e,2026/12,1418951.0
2026-08-01,034730,SK,석유와가스,op_e,2026/12,98678.0
2026-08-01,086790,하나금융지주,은행,target_price,,164737.0
2026-08-01,086790,하나금융지주,은행,op_e,2026/12,59861.0
2026-08-01,035420,NAVER,양방향미디어와서비스,target_price,,329682.0
2026-08-01,035420,NAVER,양방향미디어와서비스,rev_e,2026/12,137570.0
2026-08-01,035420,NAVER,양방향미디어와서비스,op_e,2026/12,23869.0
2026-08-01,006400,삼성SDI,전기제품,target_price,,781118.0
2026-08-01,006400,삼성SDI,전기제품,rev_e,2026/12,158646.0
2026-08-01,006400,삼성SDI,전기제품,op_e,2026/12,3063.0
2026-08-01,000810,삼성화재,손해보험,target_price,,736667.0
2026-08-01,000810,삼성화재,손해보험,op_e,2026/12,30987.0
2026-08-01,010120,LS ELECTRIC,전기장비,target_price,,300000.0
2026-08-01,010120,LS ELECTRIC,전기장비,rev_e,2026/12,64979.0
2026-08-01,010120,LS ELECTRIC,전기장비,op_e,2026/12,7165.0
2026-08-01,009540,HD한국조선해양,조선,target_price,,555667.0
2026-08-01,009540,HD한국조선해양,조선,rev_e,2026/12,344746.0
2026-08-01,009540,HD한국조선해양,조선,op_e,2026/12,60493.0
2026-08-01,066570,LG전자,전자제품,target_price,,218250.0
2026-08-01,066570,LG전자,전자제품,rev_e,2026/12,963011.0
2026-08-01,066570,LG전자,전자제품,op_e,2026/12,45778.0
2026-08-01,042660,한화오션,조선,target_price,,141050.0
2026-08-01,042660,한화오션,조선,rev_e,2026/12,157711.0
2026-08-01,042660,한화오션,조선,op_e,2026/12,22395.0
2026-08-01,005490,POSCO홀딩스,철강,target_price,,535544.0
2026-08-01,005490,POSCO홀딩스,철강,rev_e,2026/12,735676.0
2026-08-01,005490,POSCO홀딩스,철강,op_e,2026/12,31198.0
2026-08-01,267260,HD현대일렉트릭,전기장비,target_price,,1201154.0
2026-08-01,267260,HD현대일렉트릭,전기장비,rev_e,2026/12,47012.0
2026-08-01,267260,HD현대일렉트릭,전기장비,op_e,2026/12,12323.0
2026-08-01,316140,우리금융지주,은행,target_price,,43778.0
2026-08-01,316140,우리금융지주,은행,op_e,2026/12,43798.0
2026-08-01,298040,효성중공업,전기장비,target_price,,4688889.0
2026-08-01,298040,효성중공업,전기장비,rev_e,2026/12,71502.0
2026-08-01,298040,효성중공업,전기장비,op_e,2026/12,10928.0
2026-08-01,015760,한국전력,전기유틸리티,target_price,,55133.0
2026-08-01,015760,한국전력,전기유틸리티,rev_e,2026/12,983286.0
2026-08-01,015760,한국전력,전기유틸리티,op_e,2026/12,97891.0
2026-08-01,010130,고려아연,비철금속,target_price,,1689500.0
2026-08-01,010130,고려아연,비철금속,rev_e,2026/12,236658.0
2026-08-01,010130,고려아연,비철금속,op_e,2026/12,23917.0
2026-08-01,138040,메리츠금융지주,증권,target_price,,148250.0
2026-08-01,138040,메리츠금융지주,증권,op_e,2026/12,31481.0
2026-08-01,042700,한미반도체,반도체와반도체장비,target_price,,380000.0
2026-08-01,042700,한미반도체,반도체와반도체장비,rev_e,2026/12,8196.0
2026-08-01,042700,한미반도체,반도체와반도체장비,op_e,2026/12,3822.0
2026-08-01,011200,HMM,해운사,target_price,,22700.0
2026-08-01,011200,HMM,해운사,rev_e,2026/12,121925.0
2026-08-01,011200,HMM,해운사,op_e,2026/12,14633.0
2026-08-01,006800,미래에셋증권,증권,target_price,,65313.0
2026-08-01,006800,미래에셋증권,증권,rev_e,2026/12,412959.0
2026-08-01,006800,미래에셋증권,증권,op_e,2026/12,42638.0
2026-08-01,000150,두산,복합기업,target_price,,2168462.0
2026-08-01,000150,두산,복합기업,rev_e,2026/12,218424.0
2026-08-01,000150,두산,복합기업,op_e,2026/12,18125.0
2026-08-01,010140,삼성중공업,조선,target_price,,38762.0
2026-08-01,010140,삼성중공업,조선,rev_e,2026/12,128208.0
2026-08-01,010140,삼성중공업,조선,op_e,2026/12,13958.0
2026-08-01,096770,SK이노베이션,석유와가스,target_price,,170917.0
2026-08-01,096770,SK이노베이션,석유와가스,rev_e,2026/12,1030905.0
2026-08-01,096770,SK이노베이션,석유와가스,op_e,2026/12,80836.0
2026-08-01,033780,KT&G,담배,target_price,,232857.0
2026-08-01,033780,KT&G,담배,rev_e,2026/12,69535.0
2026-08-01,033780,KT&G,담배,op_e,2026/12,15141.0
2026-08-01,051910,LG화학,화학,target_price,,434938.0
2026-08-01,051910,LG화학,화학,rev_e,2026/12,546586.0
2026-08-01,051910,LG화학,화학,op_e,2026/12,15130.0
2026-08-01,017670,SK텔레콤,무선통신서비스,target_price,,117421.0
2026-08-01,017670,SK텔레콤,무선통신서비스,rev_e,2026/12,177763.0
2026-08-01,017670,SK텔레콤,무선통신서비스,op_e,2026/12,19463.0
2026-08-01,035720,카카오,양방향미디어와서비스,target_price,,63063.0
2026-08-01,035720,카카오,양방향미디어와서비스,rev_e,2026/12,82507.0
2026-08-01,035720,카카오,양방향미디어와서비스,op_e,2026/12,9474.0
2026-08-01,196170,알테오젠,생물공학,target_price,,537500.0
2026-08-01,196170,알테오젠,생물공학,rev_e,2026/12,4613.0
2026-08-01,196170,알테오젠,생물공학,op_e,2026/12,2801.0
2026-08-01,024110,기업은행,은행,target_price,,27333.0
2026-08-01,024110,기업은행,은행,op_e,2026/12,37010.0
2026-08-01,018260,삼성에스디에스,IT서비스,target_price,,257750.0
2026-08-01,018260,삼성에스디에스,IT서비스,rev_e,2026/12,144090.0
2026-08-01,018260,삼성에스디에스,IT서비스,op_e,2026/12,8304.0
2026-08-01,267250,HD현대,조선,target_price,,359167.0
2026-08-01,267250,HD현대,조선,rev_e,2026/12,806873.0
2026-08-01,267250,HD현대,조선,op_e,2026/12,91376.0
2026-08-01,079550,LIG디펜스앤에어로스페이스,우주항공과국방,target_price,,1131765.0
2026-08-01,079550,LIG디펜스앤에어로스페이스,우주항공과국방,rev_e,2026/12,51379.0
2026-08-01,079550,LIG디펜스앤에어로스페이스,우주항공과국방,op_e,2026/12,4612.0
2026-08-01,003550,LG,복합기업,target_price,,140692.0
2026-08-01,003550,LG,복합기업,rev_e,2026/12,81604.0
2026-08-01,003550,LG,복합기업,op_e,2026/12,16388.0
2026-08-01,086280,현대글로비스,항공화물운송과물류,target_price,,322750.0
2026-08-01,086280,현대글로비스,항공화물운송과물류,rev_e,2026/12,331671.0
2026-08-01,086280,현대글로비스,항공화물운송과물류,op_e,2026/12,21493.0
2026-08-01,064350,현대로템,우주항공과국방,target_price,,286813.0
2026-08-01,064350,현대로템,우주항공과국방,rev_e,2026/12,68623.0
2026-08-01,064350,현대로템,우주항공과국방,op_e,2026/12,10960.0
2026-08-01,010950,S-Oil,석유와가스,target_price,,159000.0
2026-08-01,010950,S-Oil,석유와가스,rev_e,2026/12,417089.0
2026-08-01,010950,S-Oil,석유와가스,op_e,2026/12,35905.0
2026-08-01,030200,KT,다각화된통신서비스,target_price,,74833.0
2026-08-01,030200,KT,다각화된통신서비스,rev_e,2026/12,275939.0
2026-08-01,030200,KT,다각화된통신서비스,op_e,2026/12,20602.0
2026-08-01,047810,한국항공우주,우주항공과국방,target_price,,191474.0
2026-08-01,047810,한국항공우주,우주항공과국방,rev_e,2026/12,54722.0
2026-08-01,047810,한국항공우주,우주항공과국방,op_e,2026/12,3835.0
2026-08-01,003670,포스코퓨처엠,화학,target_price,,252222.0
2026-08-01,003670,포스코퓨처엠,화학,rev_e,2026/12,33655.0
2026-08-01,003670,포스코퓨처엠,화학,op_e,2026/12,995.0
2026-08-01,011070,LG이노텍,전자장비와기기,target_price,,1155500.0
2026-08-01,011070,LG이노텍,전자장비와기기,rev_e,2026/12,254154.0
2026-08-01,011070,LG이노텍,전자장비와기기,op_e,2026/12,12651.0
2026-08-01,278470,에이피알,화장품,target_price,,530526.0
2026-08-01,278470,에이피알,화장품,rev_e,2026/12,29443.0
2026-08-01,278470,에이피알,화장품,op_e,2026/12,7313.0
2026-08-01,272210,한화시스템,우주항공과국방,target_price,,110923.0
2026-08-01,272210,한화시스템,우주항공과국방,rev_e,2026/12,44951.0
2026-08-01,272210,한화시스템,우주항공과국방,op_e,2026/12,2518.0
2026-08-01,071050,한국금융지주,증권,target_price,,346500.0
2026-08-01,071050,한국금융지주,증권,rev_e,2026/12,443840.0
2026-08-01,071050,한국금융지주,증권,op_e,2026/12,35391.0
2026-08-01,259960,크래프톤,게임엔터테인먼트,target_price,,370000.0
2026-08-01,259960,크래프톤,게임엔터테인먼트,rev_e,2026/12,48411.0
2026-08-01,259960,크래프톤,게임엔터테인먼트,op_e,2026/12,14593.0
2026-08-01,323410,카카오뱅크,은행,target_price,,29654.0
2026-08-01,323410,카카오뱅크,은행,op_e,2026/12,7127.0
2026-08-01,000720,현대건설,건설,target_price,,197111.0
2026-08-01,000720,현대건설,건설,rev_e,2026/12,269278.0
2026-08-01,000720,현대건설,건설,op_e,2026/12,8321.0
2026-08-01,005940,NH투자증권,증권,target_price,,42706.0
2026-08-01,005940,NH투자증권,증권,rev_e,2026/12,360954.0
2026-08-01,005940,NH투자증권,증권,op_e,2026/12,23417.0
2026-08-01,005830,DB손해보험,손해보험,target_price,,218214.0
2026-08-01,005830,DB손해보험,손해보험,op_e,2026/12,20687.0
2026-08-01,247540,에코프로비엠,전기제품,target_price,,248647.0
2026-08-01,247540,에코프로비엠,전기제품,rev_e,2026/12,29904.0
2026-08-01,247540,에코프로비엠,전기제품,op_e,2026/12,1086.0
2026-08-01,307950,현대오토에버,IT서비스,target_price,,578125.0
2026-08-01,307950,현대오토에버,IT서비스,rev_e,2026/12,48198.0
2026-08-01,307950,현대오토에버,IT서비스,op_e,2026/12,2805.0
2026-08-01,003490,대한항공,항공사,target_price,,36545.0
2026-08-01,003490,대한항공,항공사,rev_e,2026/12,282149.0
2026-08-01,003490,대한항공,항공사,op_e,2026/12,11586.0
2026-08-01,047050,포스코인터내셔널,무역회사와판매업체,target_price,,94786.0
2026-08-01,047050,포스코인터내셔널,무역회사와판매업체,rev_e,2026/12,351532.0
2026-08-01,047050,포스코인터내셔널,무역회사와판매업체,op_e,2026/12,14688.0
2026-08-01,016360,삼성증권,증권,target_price,,165611.0
2026-08-01,016360,삼성증권,증권,rev_e,2026/12,211630.0
2026-08-01,016360,삼성증권,증권,op_e,2026/12,23120.0
2026-08-01,003230,삼양식품,식품,target_price,,1856429.0
2026-08-01,003230,삼양식품,식품,rev_e,2026/12,30904.0
2026-08-01,003230,삼양식품,식품,op_e,2026/12,7338.0
2026-08-01,028050,삼성E&A,건설,target_price,,67069.0
2026-08-01,028050,삼성E&A,건설,rev_e,2026/12,107099.0
2026-08-01,028050,삼성E&A,건설,op_e,2026/12,9814.0
2026-08-01,277810,레인보우로보틱스,기계,target_price,,915000.0
2026-08-01,277810,레인보우로보틱스,기계,rev_e,2026/12,600.0
2026-08-01,277810,레인보우로보틱스,기계,op_e,2026/12,40.0
2026-08-01,161390,한국타이어앤테크놀로지,자동차부품,target_price,,87750.0
2026-08-01,161390,한국타이어앤테크놀로지,자동차부품,rev_e,2026/12,225197.0
2026-08-01,161390,한국타이어앤테크놀로지,자동차부품,op_e,2026/12,21471.0
2026-08-01,006260,LS,전기장비,target_price,,585667.0
2026-08-01,006260,LS,전기장비,rev_e,2026/12,392288.0
2026-08-01,006260,LS,전기장비,op_e,2026/12,17205.0
2026-08-01,078930,GS,석유와가스,target_price,,103000.0
2026-08-01,078930,GS,석유와가스,rev_e,2026/12,274840.0
2026-08-01,078930,GS,석유와가스,op_e,2026/12,41296.0
2026-08-01,443060,HD현대마린솔루션,조선,target_price,,314727.0
2026-08-01,443060,HD현대마린솔루션,조선,rev_e,2026/12,23411.0
2026-08-01,443060,HD현대마린솔루션,조선,op_e,2026/12,4204.0
2026-08-01,039490,키움증권,증권,target_price,,506176.0
2026-08-01,039490,키움증권,증권,rev_e,2026/12,352694.0
2026-08-01,039490,키움증권,증권,op_e,2026/12,22902.0
2026-08-01,090430,아모레퍼시픽,화장품,target_price,,166941.0
2026-08-01,090430,아모레퍼시픽,화장품,rev_e,2026/12,46992.0
2026-08-01,090430,아모레퍼시픽,화장품,op_e,2026/12,4811.0
2026-08-01,352820,하이브,방송과엔터테인먼트,target_price,,339500.0
2026-08-01,352820,하이브,방송과엔터테인먼트,rev_e,2026/12,48539.0
2026-08-01,352820,하이브,방송과엔터테인먼트,op_e,2026/12,2865.0
2026-08-01,021240,코웨이,가정용기기와용품,target_price,,132500.0
2026-08-01,021240,코웨이,가정용기기와용품,rev_e,2026/12,56512.0
2026-08-01,021240,코웨이,가정용기기와용품,op_e,2026/12,10237.0
2026-08-01,032640,LG유플러스,무선통신서비스,target_price,,19917.0
2026-08-01,032640,LG유플러스,무선통신서비스,rev_e,2026/12,156397.0
2026-08-01,032640,LG유플러스,무선통신서비스,op_e,2026/12,11132.0
2026-08-01,326030,SK바이오팜,제약,target_price,,144167.0
2026-08-01,326030,SK바이오팜,제약,rev_e,2026/12,9664.0
2026-08-01,326030,SK바이오팜,제약,op_e,2026/12,3433.0
2026-08-01,064400,LG씨엔에스,IT서비스,target_price,,100700.0
2026-08-01,064400,LG씨엔에스,IT서비스,rev_e,2026/12,66177.0
2026-08-01,064400,LG씨엔에스,IT서비스,op_e,2026/12,5977.0
2026-08-01,267270,HD건설기계,기계,target_price,,204667.0
2026-08-01,267270,HD건설기계,기계,rev_e,2026/12,93778.0
2026-08-01,267270,HD건설기계,기계,op_e,2026/12,7602.0
2026-08-01,000880,한화,복합기업,target_price,,161091.0
2026-08-01,000880,한화,복합기업,rev_e,2026/12,857794.0
2026-08-01,000880,한화,복합기업,op_e,2026/12,56419.0
2026-08-01,000100,유한양행,제약,target_price,,127083.0
2026-08-01,000100,유한양행,제약,rev_e,2026/12,23477.0
2026-08-01,000100,유한양행,제약,op_e,2026/12,1276.0
2026-08-01,036930,주성엔지니어링,반도체와반도체장비,target_price,,190000.0
2026-08-01,036930,주성엔지니어링,반도체와반도체장비,rev_e,2026/12,3498.0
2026-08-01,036930,주성엔지니어링,반도체와반도체장비,op_e,2026/12,559.0
2026-08-01,377300,카카오페이,IT서비스,target_price,,86000.0
2026-08-01,377300,카카오페이,IT서비스,rev_e,2026/12,13047.0
2026-08-01,377300,카카오페이,IT서비스,op_e,2026/12,1424.0
2026-08-01,241560,두산밥캣,기계,target_price,,92214.0
2026-08-01,241560,두산밥캣,기계,rev_e,2026/12,94999.0
2026-08-01,241560,두산밥캣,기계,op_e,2026/12,8283.0
2026-08-01,007660,이수페타시스,반도체와반도체장비,target_price,,177917.0
2026-08-01,007660,이수페타시스,반도체와반도체장비,rev_e,2026/12,15496.0
2026-08-01,007660,이수페타시스,반도체와반도체장비,op_e,2026/12,3272.0
2026-08-01,029780,삼성카드,카드,target_price,,66500.0
2026-08-01,029780,삼성카드,카드,rev_e,2026/12,46925.0
2026-08-01,029780,삼성카드,카드,op_e,2026/12,8148.0
2026-08-01,047040,대우건설,건설,target_price,,29000.0
2026-08-01,047040,대우건설,건설,rev_e,2026/12,80819.0
2026-08-01,047040,대우건설,건설,op_e,2026/12,7522.0
2026-08-01,271560,오리온,식품,target_price,,178357.0
2026-08-01,271560,오리온,식품,rev_e,2026/12,37779.0
2026-08-01,271560,오리온,식품,op_e,2026/12,6453.0
2026-08-01,036570,NC,게임엔터테인먼트,target_price,,367500.0
2026-08-01,036570,NC,게임엔터테인먼트,rev_e,2026/12,26536.0
2026-08-01,036570,NC,게임엔터테인먼트,op_e,2026/12,4987.0
2026-08-01,175330,JB금융지주,은행,target_price,,37375.0
2026-08-01,175330,JB금융지주,은행,op_e,2026/12,10192.0
2026-08-01,058470,리노공업,반도체와반도체장비,target_price,,136000.0
2026-08-01,058470,리노공업,반도체와반도체장비,rev_e,2026/12,4507.0
2026-08-01,058470,리노공업,반도체와반도체장비,op_e,2026/12,2183.0
2026-08-01,240810,원익IPS,반도체와반도체장비,target_price,,176833.0
2026-08-01,240810,원익IPS,반도체와반도체장비,rev_e,2026/12,12926.0
2026-08-01,240810,원익IPS,반도체와반도체장비,op_e,2026/12,1910.0
2026-08-01,353200,대덕전자,전자장비와기기,target_price,,203214.0
2026-08-01,353200,대덕전자,전자장비와기기,rev_e,2026/12,15566.0
2026-08-01,353200,대덕전자,전자장비와기기,op_e,2026/12,2585.0
2026-08-01,138930,BNK금융지주,은행,target_price,,23529.0
2026-08-01,138930,BNK금융지주,은행,op_e,2026/12,10183.0
2026-08-01,034220,LG디스플레이,디스플레이패널,target_price,,16313.0
2026-08-01,034220,LG디스플레이,디스플레이패널,rev_e,2026/12,253470.0
2026-08-01,034220,LG디스플레이,디스플레이패널,op_e,2026/12,9649.0
2026-08-01,001440,대한전선,전기장비,target_price,,53500.0
2026-08-01,001440,대한전선,전기장비,rev_e,2026/12,43889.0
2026-08-01,001440,대한전선,전기장비,op_e,2026/12,2286.0
2026-08-01,062040,산일전기,전기장비,target_price,,332750.0
2026-08-01,062040,산일전기,전기장비,rev_e,2026/12,6714.0
2026-08-01,062040,산일전기,전기장비,op_e,2026/12,2481.0
2026-08-01,009830,한화솔루션,에너지장비및서비스,target_price,,44238.0
2026-08-01,009830,한화솔루션,에너지장비및서비스,rev_e,2026/12,180279.0
2026-08-01,009830,한화솔루션,에너지장비및서비스,op_e,2026/12,8068.0
2026-08-01,051900,LG생활건강,화장품,target_price,,305143.0
2026-08-01,051900,LG생활건강,화장품,rev_e,2026/12,63935.0
2026-08-01,051900,LG생활건강,화장품,op_e,2026/12,3729.0
2026-08-01,128940,한미약품,제약,target_price,,612222.0
2026-08-01,128940,한미약품,제약,rev_e,2026/12,16870.0
2026-08-01,128940,한미약품,제약,op_e,2026/12,3009.0
2026-08-01,000500,가온전선,전기장비,rev_e,2026/12,29455.0
2026-08-01,000500,가온전선,전기장비,op_e,2026/12,1060.0
2026-08-01,004170,신세계,백화점과일반상점,target_price,,853333.0
2026-08-01,004170,신세계,백화점과일반상점,rev_e,2026/12,73424.0
2026-08-01,004170,신세계,백화점과일반상점,op_e,2026/12,7746.0
2026-08-01,454910,두산로보틱스,기계,target_price,,145000.0
2026-08-01,454910,두산로보틱스,기계,rev_e,2026/12,590.0
2026-08-01,454910,두산로보틱스,기계,op_e,2026/12,130.0
2026-08-01,111770,영원무역,"섬유,의류,신발,호화품",target_price,,122000.0
2026-08-01,111770,영원무역,"섬유,의류,신발,호화품",rev_e,2026/12,44843.0
2026-08-01,111770,영원무역,"섬유,의류,신발,호화품",op_e,2026/12,6513.0
2026-08-01,088350,한화생명,생명보험,target_price,,6267.0
2026-08-01,088350,한화생명,생명보험,op_e,2026/12,13570.0
2026-08-01,001040,CJ,복합기업,target_price,,241700.0
2026-08-01,001040,CJ,복합기업,rev_e,2026/12,472376.0
2026-08-01,001040,CJ,복합기업,op_e,2026/12,27152.0
2026-08-01,319660,피에스케이,반도체와반도체장비,target_price,,182857.0
2026-08-01,319660,피에스케이,반도체와반도체장비,rev_e,2026/12,6749.0
2026-08-01,319660,피에스케이,반도체와반도체장비,op_e,2026/12,1792.0
2026-08-01,298380,에이비엘바이오,생물공학,target_price,,210000.0
2026-08-01,298380,에이비엘바이오,생물공학,rev_e,2026/12,262.0
2026-08-01,298380,에이비엘바이오,생물공학,op_e,2026/12,-750.0
2026-08-01,039030,이오테크닉스,반도체와반도체장비,target_price,,532500.0
2026-08-01,039030,이오테크닉스,반도체와반도체장비,rev_e,2026/12,5094.0
2026-08-01,039030,이오테크닉스,반도체와반도체장비,op_e,2026/12,1382.0
2026-08-01,000990,DB하이텍,반도체와반도체장비,target_price,,196000.0
2026-08-01,000990,DB하이텍,반도체와반도체장비,rev_e,2026/12,16114.0
2026-08-01,000990,DB하이텍,반도체와반도체장비,op_e,2026/12,3668.0
2026-08-01,011790,SKC,화학,target_price,,112000.0
2026-08-01,011790,SKC,화학,rev_e,2026/12,23490.0
2026-08-01,011790,SKC,화학,op_e,2026/12,-632.0
2026-08-01,010060,OCI홀딩스,화학,target_price,,430000.0
2026-08-01,010060,OCI홀딩스,화학,rev_e,2026/12,40810.0
2026-08-01,010060,OCI홀딩스,화학,op_e,2026/12,3544.0
2026-08-01,214450,파마리서치,건강관리장비와용품,target_price,,494000.0
2026-08-01,214450,파마리서치,건강관리장비와용품,rev_e,2026/12,6782.0
2026-08-01,214450,파마리서치,건강관리장비와용품,op_e,2026/12,2704.0
2026-08-01,004020,현대제철,철강,target_price,,46546.0
2026-08-01,004020,현대제철,철강,rev_e,2026/12,239125.0
2026-08-01,004020,현대제철,철강,op_e,2026/12,3911.0
2026-08-01,052690,한전기술,전기유틸리티,target_price,,200500.0
2026-08-01,052690,한전기술,전기유틸리티,rev_e,2026/12,5936.0
2026-08-01,052690,한전기술,전기유틸리티,op_e,2026/12,733.0
2026-08-01,018880,한온시스템,자동차부품,target_price,,5068.0
2026-08-01,018880,한온시스템,자동차부품,rev_e,2026/12,114077.0
2026-08-01,018880,한온시스템,자동차부품,op_e,2026/12,4325.0
2026-08-01,002380,KCC,건축자재,target_price,,722200.0
2026-08-01,002380,KCC,건축자재,rev_e,2026/12,67862.0
2026-08-01,002380,KCC,건축자재,op_e,2026/12,4296.0
2026-08-01,023530,롯데쇼핑,백화점과일반상점,target_price,,225000.0
2026-08-01,023530,롯데쇼핑,백화점과일반상점,rev_e,2026/12,142576.0
2026-08-01,023530,롯데쇼핑,백화점과일반상점,op_e,2026/12,8218.0
2026-08-01,001450,현대해상,손해보험,target_price,,43429.0
2026-08-01,082740,한화엔진,조선,target_price,,96833.0
2026-08-01,082740,한화엔진,조선,rev_e,2026/12,15645.0
2026-08-01,082740,한화엔진,조선,op_e,2026/12,2390.0
2026-08-01,141080,리가켐바이오,제약,target_price,,224000.0
2026-08-01,141080,리가켐바이오,제약,rev_e,2026/12,1947.0
2026-08-01,141080,리가켐바이오,제약,op_e,2026/12,-826.0
2026-08-01,036460,한국가스공사,가스유틸리티,target_price,,48750.0
2026-08-01,036460,한국가스공사,가스유틸리티,rev_e,2026/12,365537.0
2026-08-01,036460,한국가스공사,가스유틸리티,op_e,2026/12,22650.0
2026-08-01,440110,파두,반도체와반도체장비,target_price,,130000.0
2026-08-01,440110,파두,반도체와반도체장비,rev_e,2026/12,3856.0
2026-08-01,440110,파두,반도체와반도체장비,op_e,2026/12,859.0
2026-08-01,035250,강원랜드,"호텔,레스토랑,레저",target_price,,21100.0
2026-08-01,035250,강원랜드,"호텔,레스토랑,레저",rev_e,2026/12,14861.0
2026-08-01,035250,강원랜드,"호텔,레스토랑,레저",op_e,2026/12,2232.0
2026-08-01,251270,넷마블,게임엔터테인먼트,target_price,,61538.0
2026-08-01,251270,넷마블,게임엔터테인먼트,rev_e,2026/12,28736.0
2026-08-01,251270,넷마블,게임엔터테인먼트,op_e,2026/12,3508.0
2026-08-01,222800,심텍,전자장비와기기,target_price,,171250.0
2026-08-01,222800,심텍,전자장비와기기,rev_e,2026/12,19317.0
2026-08-01,222800,심텍,전자장비와기기,op_e,2026/12,1896.0
2026-08-01,383220,F&F,"섬유,의류,신발,호화품",target_price,,98800.0
2026-08-01,383220,F&F,"섬유,의류,신발,호화품",rev_e,2026/12,20945.0
2026-08-01,383220,F&F,"섬유,의류,신발,호화품",op_e,2026/12,5371.0
2026-08-01,031210,서울보증보험,손해보험,target_price,,56000.0
2026-08-01,066970,엘앤에프,전기제품,target_price,,241368.0
2026-08-01,066970,엘앤에프,전기제품,rev_e,2026/12,35096.0
2026-08-01,066970,엘앤에프,전기제품,op_e,2026/12,2492.0
2026-08-01,028670,팬오션,해운사,target_price,,7615.0
2026-08-01,028670,팬오션,해운사,rev_e,2026/12,61635.0
2026-08-01,028670,팬오션,해운사,op_e,2026/12,5949.0
2026-08-01,145020,휴젤,생물공학,target_price,,378571.0
2026-08-01,145020,휴젤,생물공학,rev_e,2026/12,5257.0
2026-08-01,145020,휴젤,생물공학,op_e,2026/12,2174.0
2026-08-01,097950,CJ제일제당,식품,target_price,,290769.0
2026-08-01,097950,CJ제일제당,식품,rev_e,2026/12,286222.0
2026-08-01,097950,CJ제일제당,식품,op_e,2026/12,12824.0
2026-08-01,011780,금호석유화학,화학,target_price,,176077.0
2026-08-01,011780,금호석유화학,화학,rev_e,2026/12,74913.0
2026-08-01,011780,금호석유화학,화학,op_e,2026/12,4006.0
2026-08-01,403870,HPSP,반도체와반도체장비,target_price,,68000.0
2026-08-01,403870,HPSP,반도체와반도체장비,rev_e,2026/12,2408.0
2026-08-01,403870,HPSP,반도체와반도체장비,op_e,2026/12,1283.0
2026-08-01,483650,달바글로벌,화장품,target_price,,301786.0
2026-08-01,483650,달바글로벌,화장품,rev_e,2026/12,7509.0
2026-08-01,483650,달바글로벌,화장품,op_e,2026/12,1614.0
2026-08-01,095340,ISC,반도체와반도체장비,target_price,,242600.0
2026-08-01,095340,ISC,반도체와반도체장비,rev_e,2026/12,3105.0
2026-08-01,095340,ISC,반도체와반도체장비,op_e,2026/12,1036.0
2026-08-01,012750,에스원,상업서비스와공급품,target_price,,94000.0
2026-08-01,012750,에스원,상업서비스와공급품,rev_e,2026/12,29680.0
2026-08-01,012750,에스원,상업서비스와공급품,op_e,2026/12,1961.0
2026-08-01,108490,로보티즈,기계,target_price,,398000.0
2026-08-01,108490,로보티즈,기계,rev_e,2026/12,646.0
2026-08-01,108490,로보티즈,기계,op_e,2026/12,24.0
2026-08-01,214150,클래시스,건강관리장비와용품,target_price,,72563.0
2026-08-01,214150,클래시스,건강관리장비와용품,rev_e,2026/12,4559.0
2026-08-01,214150,클래시스,건강관리장비와용품,op_e,2026/12,2107.0
2026-08-01,139130,iM금융지주,은행,target_price,,24125.0
2026-08-01,139130,iM금융지주,은행,op_e,2026/12,6291.0
2026-08-01,302440,SK바이오사이언스,제약,target_price,,49000.0
2026-08-01,302440,SK바이오사이언스,제약,rev_e,2026/12,7392.0
2026-08-01,302440,SK바이오사이언스,제약,op_e,2026/12,-1295.0
2026-08-01,017800,현대엘리베이터,기계,target_price,,95000.0
2026-08-01,017800,현대엘리베이터,기계,rev_e,2026/12,26300.0
2026-08-01,017800,현대엘리베이터,기계,op_e,2026/12,2140.0
2026-08-01,084370,유진테크,반도체와반도체장비,target_price,,156667.0
2026-08-01,084370,유진테크,반도체와반도체장비,rev_e,2026/12,4910.0
2026-08-01,084370,유진테크,반도체와반도체장비,op_e,2026/12,1027.0
2026-08-01,069960,현대백화점,백화점과일반상점,target_price,,223500.0
2026-08-01,069960,현대백화점,백화점과일반상점,rev_e,2026/12,42468.0
2026-08-01,069960,현대백화점,백화점과일반상점,op_e,2026/12,4369.0
2026-08-01,095610,테스,반도체와반도체장비,target_price,,196250.0
2026-08-01,095610,테스,반도체와반도체장비,rev_e,2026/12,4626.0
2026-08-01,095610,테스,반도체와반도체장비,op_e,2026/12,1017.0
2026-08-01,103590,일진전기,전기장비,target_price,,112667.0
2026-08-01,103590,일진전기,전기장비,rev_e,2026/12,22974.0
2026-08-01,103590,일진전기,전기장비,op_e,2026/12,2202.0
2026-08-01,005850,에스엘,자동차부품,target_price,,92000.0
2026-08-01,005850,에스엘,자동차부품,rev_e,2026/12,57293.0
2026-08-01,005850,에스엘,자동차부품,op_e,2026/12,4617.0
2026-08-01,003690,코리안리,손해보험,target_price,,16333.0
2026-08-01,004800,효성,복합기업,target_price,,215000.0
2026-08-01,004800,효성,복합기업,rev_e,2026/12,25973.0
2026-08-01,004800,효성,복합기업,op_e,2026/12,4583.0
2026-08-01,011170,롯데케미칼,화학,target_price,,121615.0
2026-08-01,011170,롯데케미칼,화학,rev_e,2026/12,217260.0
2026-08-01,011170,롯데케미칼,화학,op_e,2026/12,1779.0
2026-08-01,081660,미스토홀딩스,"섬유,의류,신발,호화품",target_price,,60222.0
2026-08-01,081660,미스토홀딩스,"섬유,의류,신발,호화품",rev_e,2026/12,47348.0
2026-08-01,081660,미스토홀딩스,"섬유,의류,신발,호화품",op_e,2026/12,5686.0
2026-08-01,007340,DN오토모티브,자동차부품,target_price,,60000.0
2026-08-01,007340,DN오토모티브,자동차부품,rev_e,2026/12,44387.0
2026-08-01,007340,DN오토모티브,자동차부품,op_e,2026/12,6230.0
2026-08-01,004370,농심,식품,target_price,,541667.0
2026-08-01,004370,농심,식품,rev_e,2026/12,37186.0
2026-08-01,004370,농심,식품,op_e,2026/12,2168.0
2026-08-01,279570,케이뱅크,은행,target_price,,7500.0
2026-08-01,279570,케이뱅크,은행,op_e,2026/12,1227.0
2026-08-01,009420,한올바이오파마,제약,target_price,,79714.0
2026-08-01,009420,한올바이오파마,제약,rev_e,2026/12,1708.0
2026-08-01,009420,한올바이오파마,제약,op_e,2026/12,19.0
2026-08-01,375500,DL이앤씨,건설,target_price,,104316.0
2026-08-01,375500,DL이앤씨,건설,rev_e,2026/12,70566.0
2026-08-01,375500,DL이앤씨,건설,op_e,2026/12,5745.0
2026-08-01,004990,롯데지주,복합기업,target_price,,36500.0
2026-08-01,004990,롯데지주,복합기업,rev_e,2026/12,158390.0
2026-08-01,004990,롯데지주,복합기업,op_e,2026/12,3797.0
2026-08-01,161890,한국콜마,화장품,target_price,,132526.0
2026-08-01,161890,한국콜마,화장품,rev_e,2026/12,30699.0
2026-08-01,161890,한국콜마,화장품,op_e,2026/12,3153.0
2026-08-01,014680,한솔케미칼,화학,target_price,,408571.0
2026-08-01,014680,한솔케미칼,화학,rev_e,2026/12,9990.0
2026-08-01,014680,한솔케미칼,화학,op_e,2026/12,1879.0
2026-08-01,257720,실리콘투,인터넷과카탈로그소매,target_price,,55500.0
2026-08-01,257720,실리콘투,인터넷과카탈로그소매,rev_e,2026/12,15591.0
2026-08-01,257720,실리콘투,인터넷과카탈로그소매,op_e,2026/12,2767.0
2026-08-01,139480,이마트,백화점과일반상점,target_price,,118500.0
2026-08-01,139480,이마트,백화점과일반상점,rev_e,2026/12,291946.0
2026-08-01,139480,이마트,백화점과일반상점,op_e,2026/12,5201.0
2026-08-01,030000,제일기획,광고,target_price,,25136.0
2026-08-01,030000,제일기획,광고,rev_e,2026/12,45472.0
2026-08-01,030000,제일기획,광고,op_e,2026/12,3286.0
2026-08-01,282330,BGF리테일,백화점과일반상점,target_price,,173733.0
2026-08-01,282330,BGF리테일,백화점과일반상점,rev_e,2026/12,95037.0
2026-08-01,282330,BGF리테일,백화점과일반상점,op_e,2026/12,2961.0
2026-08-01,005440,현대지에프홀딩스,복합기업,target_price,,19750.0
2026-08-01,005440,현대지에프홀딩스,복합기업,rev_e,2026/12,84266.0
2026-08-01,005440,현대지에프홀딩스,복합기업,op_e,2026/12,3609.0
2026-08-01,489790,한화비전,통신장비,target_price,,109333.0
2026-08-01,489790,한화비전,통신장비,rev_e,2026/12,17909.0
2026-08-01,489790,한화비전,통신장비,op_e,2026/12,1623.0
2026-08-01,031980,피에스케이홀딩스,반도체와반도체장비,target_price,,191600.0
2026-08-01,031980,피에스케이홀딩스,반도체와반도체장비,rev_e,2026/12,2694.0
2026-08-01,031980,피에스케이홀딩스,반도체와반도체장비,op_e,2026/12,1053.0
2026-08-01,178320,서진시스템,전기장비,target_price,,72250.0
2026-08-01,178320,서진시스템,전기장비,rev_e,2026/12,17736.0
2026-08-01,178320,서진시스템,전기장비,op_e,2026/12,1621.0
2026-08-01,204320,HL만도,자동차부품,target_price,,75111.0
2026-08-01,204320,HL만도,자동차부품,rev_e,2026/12,98294.0
2026-08-01,204320,HL만도,자동차부품,op_e,2026/12,4107.0
2026-08-01,058610,에스피지,전기제품,target_price,,130000.0
2026-08-01,058610,에스피지,전기제품,rev_e,2026/12,3670.0
2026-08-01,058610,에스피지,전기제품,op_e,2026/12,234.0
2026-08-01,192820,코스맥스,화장품,target_price,,247389.0
2026-08-01,192820,코스맥스,화장품,rev_e,2026/12,27672.0
2026-08-01,192820,코스맥스,화장품,op_e,2026/12,2332.0
2026-08-01,073240,금호타이어,자동차부품,target_price,,8114.0
2026-08-01,073240,금호타이어,자동차부품,rev_e,2026/12,51029.0
2026-08-01,073240,금호타이어,자동차부품,op_e,2026/12,6217.0
2026-08-01,085620,미래에셋생명,생명보험,target_price,,14000.0
2026-08-01,263750,펄어비스,게임엔터테인먼트,target_price,,68750.0
2026-08-01,263750,펄어비스,게임엔터테인먼트,rev_e,2026/12,9006.0
2026-08-01,263750,펄어비스,게임엔터테인먼트,op_e,2026/12,4767.0
2026-08-01,007070,GS리테일,백화점과일반상점,target_price,,32000.0
2026-08-01,007070,GS리테일,백화점과일반상점,rev_e,2026/12,124306.0
2026-08-01,007070,GS리테일,백화점과일반상점,op_e,2026/12,3478.0
2026-08-01,018670,SK가스,가스유틸리티,target_price,,367000.0
2026-08-01,018670,SK가스,가스유틸리티,rev_e,2026/12,101795.0
2026-08-01,018670,SK가스,가스유틸리티,op_e,2026/12,6456.0
2026-08-01,131290,티에스이,반도체와반도체장비,target_price,,336667.0
2026-08-01,131290,티에스이,반도체와반도체장비,rev_e,2026/12,6172.0
2026-08-01,131290,티에스이,반도체와반도체장비,op_e,2026/12,1681.0
2026-08-01,051600,한전KPS,전기유틸리티,target_price,,69091.0
2026-08-01,051600,한전KPS,전기유틸리티,rev_e,2026/12,16421.0
2026-08-01,051600,한전KPS,전기유틸리티,op_e,2026/12,1900.0
2026-08-01,006360,GS건설,건설,target_price,,38158.0
2026-08-01,006360,GS건설,건설,rev_e,2026/12,109677.0
2026-08-01,006360,GS건설,건설,op_e,2026/12,4179.0
2026-08-01,103140,풍산,비철금속,target_price,,115370.0
2026-08-01,103140,풍산,비철금속,rev_e,2026/12,61593.0
2026-08-01,103140,풍산,비철금속,op_e,2026/12,3573.0
2026-08-01,067310,하나마이크론,반도체와반도체장비,target_price,,62000.0
2026-08-01,067310,하나마이크론,반도체와반도체장비,rev_e,2026/12,23020.0
2026-08-01,067310,하나마이크론,반도체와반도체장비,op_e,2026/12,3222.0
2026-08-01,357780,솔브레인,반도체와반도체장비,target_price,,521556.0
2026-08-01,357780,솔브레인,반도체와반도체장비,rev_e,2026/12,11143.0
2026-08-01,357780,솔브레인,반도체와반도체장비,op_e,2026/12,1933.0
2026-08-01,439260,대한조선,조선,target_price,,118500.0
2026-08-01,439260,대한조선,조선,rev_e,2026/12,13228.0
2026-08-01,439260,대한조선,조선,op_e,2026/12,3647.0
2026-08-01,098460,고영,전자장비와기기,target_price,,47417.0
2026-08-01,098460,고영,전자장비와기기,rev_e,2026/12,3291.0
2026-08-01,098460,고영,전자장비와기기,op_e,2026/12,537.0
2026-08-01,462870,시프트업,게임엔터테인먼트,target_price,,44556.0
2026-08-01,462870,시프트업,게임엔터테인먼트,rev_e,2026/12,2141.0
2026-08-01,462870,시프트업,게임엔터테인먼트,op_e,2026/12,1068.0
2026-08-01,064760,티씨케이,반도체와반도체장비,target_price,,385000.0
2026-08-01,064760,티씨케이,반도체와반도체장비,rev_e,2026/12,3964.0
2026-08-01,064760,티씨케이,반도체와반도체장비,op_e,2026/12,1233.0
2026-08-01,237690,에스티팜,제약,target_price,,189071.0
2026-08-01,237690,에스티팜,제약,rev_e,2026/12,4177.0
2026-08-01,237690,에스티팜,제약,op_e,2026/12,754.0
2026-08-01,140860,파크시스템스,전자장비와기기,target_price,,361125.0
2026-08-01,140860,파크시스템스,전자장비와기기,rev_e,2026/12,2398.0
2026-08-01,140860,파크시스템스,전자장비와기기,op_e,2026/12,543.0
2026-08-01,089970,브이엠,반도체와반도체장비,target_price,,123333.0
2026-08-01,089970,브이엠,반도체와반도체장비,rev_e,2026/12,3159.0
2026-08-01,089970,브이엠,반도체와반도체장비,op_e,2026/12,958.0
2026-08-01,008770,호텔신라,백화점과일반상점,target_price,,73333.0
2026-08-01,008770,호텔신라,백화점과일반상점,rev_e,2026/12,40516.0
2026-08-01,008770,호텔신라,백화점과일반상점,op_e,2026/12,1885.0
2026-08-01,000120,CJ대한통운,항공화물운송과물류,target_price,,122300.0
2026-08-01,000120,CJ대한통운,항공화물운송과물류,rev_e,2026/12,130914.0
2026-08-01,000120,CJ대한통운,항공화물운송과물류,op_e,2026/12,4816.0
2026-08-01,071970,HD현대마린엔진,조선,target_price,,111200.0
2026-08-01,071970,HD현대마린엔진,조선,rev_e,2026/12,6031.0
2026-08-01,071970,HD현대마린엔진,조선,op_e,2026/12,1516.0
2026-08-01,336260,두산퓨얼셀,에너지장비및서비스,target_price,,60429.0
2026-08-01,336260,두산퓨얼셀,에너지장비및서비스,rev_e,2026/12,5282.0
2026-08-01,336260,두산퓨얼셀,에너지장비및서비스,op_e,2026/12,-653.0
2026-08-01,457190,이수스페셜티케미컬,화학,rev_e,2026/12,4360.0
2026-08-01,457190,이수스페셜티케미컬,화학,op_e,2026/12,-9.0
2026-08-01,011210,현대위아,자동차부품,target_price,,87267.0
2026-08-01,011210,현대위아,자동차부품,rev_e,2026/12,90505.0
2026-08-01,011210,현대위아,자동차부품,op_e,2026/12,2189.0
2026-08-01,112610,씨에스윈드,에너지장비및서비스,target_price,,77889.0
2026-08-01,112610,씨에스윈드,에너지장비및서비스,rev_e,2026/12,28940.0
2026-08-01,112610,씨에스윈드,에너지장비및서비스,op_e,2026/12,3032.0
2026-08-01,041510,에스엠,방송과엔터테인먼트,target_price,,118167.0
2026-08-01,041510,에스엠,방송과엔터테인먼트,rev_e,2026/12,12608.0
2026-08-01,041510,에스엠,방송과엔터테인먼트,op_e,2026/12,1922.0
2026-08-01,006040,동원산업,식품,target_price,,52000.0
2026-08-01,006040,동원산업,식품,rev_e,2026/12,101452.0
2026-08-01,006040,동원산업,식품,op_e,2026/12,5492.0
2026-08-01,475150,SK이터닉스,에너지장비및서비스,target_price,,57250.0
2026-08-01,475150,SK이터닉스,에너지장비및서비스,rev_e,2026/12,3856.0
2026-08-01,475150,SK이터닉스,에너지장비및서비스,op_e,2026/12,530.0
2026-08-01,089030,테크윙,반도체와반도체장비,rev_e,2026/12,3718.0
2026-08-01,089030,테크윙,반도체와반도체장비,op_e,2026/12,985.0
2026-08-01,035900,JYP Ent.,방송과엔터테인먼트,target_price,,78722.0
2026-08-01,035900,JYP Ent.,방송과엔터테인먼트,rev_e,2026/12,8675.0
2026-08-01,035900,JYP Ent.,방송과엔터테인먼트,op_e,2026/12,1677.0
2026-08-01,001800,오리온홀딩스,식품,rev_e,2026/12,37706.0
2026-08-01,001800,오리온홀딩스,식품,op_e,2026/12,6028.0
2026-08-01,001740,SK네트웍스,복합기업,target_price,,10125.0
2026-08-01,001740,SK네트웍스,복합기업,rev_e,2026/12,70030.0
2026-08-01,001740,SK네트웍스,복합기업,op_e,2026/12,1197.0
2026-08-01,001120,LX인터내셔널,무역회사와판매업체,target_price,,66500.0
2026-08-01,001120,LX인터내셔널,무역회사와판매업체,rev_e,2026/12,181248.0
2026-08-01,001120,LX인터내셔널,무역회사와판매업체,op_e,2026/12,4824.0
2026-08-01,120110,코오롱인더,화학,target_price,,108750.0
2026-08-01,120110,코오롱인더,화학,rev_e,2026/12,54407.0
2026-08-01,120110,코오롱인더,화학,op_e,2026/12,2469.0
2026-08-01,020560,아시아나항공,항공사,rev_e,2026/12,69880.0
2026-08-01,020560,아시아나항공,항공사,op_e,2026/12,-5700.0
2026-08-01,020150,롯데에너지머티리얼즈,전자장비와기기,target_price,,82009.0
2026-08-01,020150,롯데에너지머티리얼즈,전자장비와기기,rev_e,2026/12,8824.0
2026-08-01,020150,롯데에너지머티리얼즈,전자장비와기기,op_e,2026/12,-387.0
2026-08-01,089860,롯데렌탈,도로와철도운송,target_price,,45500.0
2026-08-01,089860,롯데렌탈,도로와철도운송,rev_e,2026/12,30636.0
2026-08-01,089860,롯데렌탈,도로와철도운송,op_e,2026/12,3574.0
2026-08-01,097230,HJ중공업,건설,target_price,,37000.0
2026-08-01,097230,HJ중공업,건설,rev_e,2026/12,25720.0
2026-08-01,097230,HJ중공업,건설,op_e,2026/12,2050.0
2026-08-01,096530,씨젠,생명과학도구및서비스,target_price,,44500.0
2026-08-01,096530,씨젠,생명과학도구및서비스,rev_e,2026/12,5316.0
2026-08-01,096530,씨젠,생명과학도구및서비스,op_e,2026/12,790.0
2026-08-01,290650,엘앤씨바이오,건강관리장비와용품,rev_e,2026/12,1624.0
2026-08-01,290650,엘앤씨바이오,건강관리장비와용품,op_e,2026/12,367.0
2026-08-01,281820,케이씨텍,반도체와반도체장비,target_price,,127000.0
2026-08-01,281820,케이씨텍,반도체와반도체장비,rev_e,2026/12,6528.0
2026-08-01,281820,케이씨텍,반도체와반도체장비,op_e,2026/12,1462.0
2026-08-01,060370,LS마린솔루션,건설,target_price,,44000.0
2026-08-01,060370,LS마린솔루션,건설,rev_e,2026/12,3055.0
2026-08-01,060370,LS마린솔루션,건설,op_e,2026/12,187.0
2026-08-01,006280,녹십자,제약,target_price,,195769.0
2026-08-01,006280,녹십자,제약,rev_e,2026/12,20033.0
2026-08-01,006280,녹십자,제약,op_e,2026/12,738.0
2026-08-01,298020,효성티앤씨,무역회사와판매업체,target_price,,542500.0
2026-08-01,298020,효성티앤씨,무역회사와판매업체,rev_e,2026/12,87348.0
2026-08-01,298020,효성티앤씨,무역회사와판매업체,op_e,2026/12,5006.0
2026-08-01,010170,대한광통신,통신장비,rev_e,2026/12,2002.0
2026-08-01,010170,대한광통신,통신장비,op_e,2026/12,-23.0
2026-08-01,069620,대웅제약,제약,target_price,,201667.0
2026-08-01,069620,대웅제약,제약,rev_e,2026/12,16657.0
2026-08-01,069620,대웅제약,제약,op_e,2026/12,2311.0
2026-08-01,420770,기가비스,반도체와반도체장비,target_price,,203333.0
2026-08-01,420770,기가비스,반도체와반도체장비,rev_e,2026/12,928.0
2026-08-01,420770,기가비스,반도체와반도체장비,op_e,2026/12,297.0
2026-08-01,294870,IPARK현대산업개발,건설,target_price,,30125.0
2026-08-01,294870,IPARK현대산업개발,건설,rev_e,2026/12,38562.0
2026-08-01,294870,IPARK현대산업개발,건설,op_e,2026/12,5214.0
2026-08-01,192080,더블유게임즈,게임엔터테인먼트,target_price,,83846.0
2026-08-01,192080,더블유게임즈,게임엔터테인먼트,rev_e,2026/12,8415.0
2026-08-01,192080,더블유게임즈,게임엔터테인먼트,op_e,2026/12,2857.0
2026-08-01,322000,HD현대에너지솔루션,에너지장비및서비스,target_price,,267500.0
2026-08-01,322000,HD현대에너지솔루션,에너지장비및서비스,rev_e,2026/12,6964.0
2026-08-01,322000,HD현대에너지솔루션,에너지장비및서비스,op_e,2026/12,1471.0
2026-08-01,083650,비에이치아이,에너지장비및서비스,target_price,,110000.0
2026-08-01,083650,비에이치아이,에너지장비및서비스,rev_e,2026/12,11030.0
2026-08-01,083650,비에이치아이,에너지장비및서비스,op_e,2026/12,1201.0
2026-08-01,082920,비츠로셀,전기제품,target_price,,50333.0
2026-08-01,082920,비츠로셀,전기제품,rev_e,2026/12,3114.0
2026-08-01,082920,비츠로셀,전기제품,op_e,2026/12,927.0
2026-08-01,131970,두산테스나,반도체와반도체장비,target_price,,185714.0
2026-08-01,131970,두산테스나,반도체와반도체장비,rev_e,2026/12,3446.0
2026-08-01,131970,두산테스나,반도체와반도체장비,op_e,2026/12,443.0
2026-08-01,229640,LS에코에너지,전기장비,target_price,,81200.0
2026-08-01,229640,LS에코에너지,전기장비,rev_e,2026/12,11953.0
2026-08-01,229640,LS에코에너지,전기장비,op_e,2026/12,826.0
2026-08-01,003540,대신증권,증권,target_price,,41667.0
2026-08-01,003540,대신증권,증권,op_e,2026/12,4550.0
2026-08-01,181710,NHN,IT서비스,target_price,,53778.0
2026-08-01,181710,NHN,IT서비스,rev_e,2026/12,28651.0
2026-08-01,181710,NHN,IT서비스,op_e,2026/12,1781.0
2026-08-01,001430,세아베스틸지주,철강,target_price,,57878.0
2026-08-01,001430,세아베스틸지주,철강,rev_e,2026/12,40864.0
2026-08-01,001430,세아베스틸지주,철강,op_e,2026/12,1626.0
2026-08-01,012630,HDC,건설,target_price,,35000.0
2026-08-01,012630,HDC,건설,rev_e,2026/12,69186.0
2026-08-01,012630,HDC,건설,op_e,2026/12,6860.0
2026-08-01,004000,롯데정밀화학,화학,target_price,,64250.0
2026-08-01,004000,롯데정밀화학,화학,rev_e,2026/12,20898.0
2026-08-01,004000,롯데정밀화학,화학,op_e,2026/12,1558.0
2026-08-01,218410,RFHIC,통신장비,target_price,,125250.0
2026-08-01,218410,RFHIC,통신장비,rev_e,2026/12,2640.0
2026-08-01,218410,RFHIC,통신장비,op_e,2026/12,557.0
2026-08-01,183300,코미코,반도체와반도체장비,target_price,,170932.0
2026-08-01,183300,코미코,반도체와반도체장비,rev_e,2026/12,7194.0
2026-08-01,183300,코미코,반도체와반도체장비,op_e,2026/12,1289.0
2026-08-01,007810,코리아써키트,전자장비와기기,target_price,,156667.0
2026-08-01,007810,코리아써키트,전자장비와기기,rev_e,2026/12,18086.0
2026-08-01,007810,코리아써키트,전자장비와기기,op_e,2026/12,1467.0
2026-08-01,078600,대주전자재료,전자장비와기기,target_price,,191500.0
2026-08-01,078600,대주전자재료,전자장비와기기,rev_e,2026/12,3924.0
2026-08-01,078600,대주전자재료,전자장비와기기,op_e,2026/12,396.0
2026-08-01,950160,코오롱티슈진,생물공학,target_price,,280000.0
2026-08-01,950160,코오롱티슈진,생물공학,rev_e,2026/12,60.0
2026-08-01,950160,코오롱티슈진,생물공학,op_e,2026/12,-290.0
2026-08-01,017960,한국카본,조선,target_price,,54667.0
2026-08-01,017960,한국카본,조선,rev_e,2026/12,9480.0
2026-08-01,017960,한국카본,조선,op_e,2026/12,1808.0
2026-08-01,361610,SK아이이테크놀로지,전기제품,target_price,,25667.0
2026-08-01,361610,SK아이이테크놀로지,전기제품,rev_e,2026/12,1806.0
2026-08-01,361610,SK아이이테크놀로지,전기제품,op_e,2026/12,-2512.0
2026-08-01,000080,하이트진로,음료,target_price,,23400.0
2026-08-01,000080,하이트진로,음료,rev_e,2026/12,24686.0
2026-08-01,000080,하이트진로,음료,op_e,2026/12,1913.0
2026-08-01,005070,코스모신소재,화학,target_price,,50500.0
2026-08-01,005070,코스모신소재,화학,rev_e,2026/12,6010.0
2026-08-01,005070,코스모신소재,화학,op_e,2026/12,157.0
2026-08-01,003380,하림지주,식품,target_price,,16500.0
2026-08-01,003380,하림지주,식품,rev_e,2026/12,147130.0
2026-08-01,003380,하림지주,식품,op_e,2026/12,10240.0
2026-08-01,043260,성호전자,전기제품,target_price,,85000.0
2026-08-01,043260,성호전자,전기제품,rev_e,2026/12,3020.0
2026-08-01,043260,성호전자,전기제품,op_e,2026/12,452.0
2026-08-01,166090,하나머티리얼즈,반도체와반도체장비,target_price,,94500.0
2026-08-01,166090,하나머티리얼즈,반도체와반도체장비,rev_e,2026/12,3812.0
2026-08-01,166090,하나머티리얼즈,반도체와반도체장비,op_e,2026/12,973.0
2026-08-01,003570,SNT다이내믹스,자동차부품,target_price,,77000.0
2026-08-01,003570,SNT다이내믹스,자동차부품,rev_e,2026/12,8077.0
2026-08-01,003570,SNT다이내믹스,자동차부품,op_e,2026/12,1121.0
2026-08-01,195940,HK이노엔,제약,target_price,,63231.0
2026-08-01,195940,HK이노엔,제약,rev_e,2026/12,10983.0
2026-08-01,195940,HK이노엔,제약,op_e,2026/12,1303.0
2026-08-01,300720,한일시멘트,건축자재,target_price,,19500.0
2026-08-01,300720,한일시멘트,건축자재,rev_e,2026/12,13950.0
2026-08-01,300720,한일시멘트,건축자재,op_e,2026/12,1150.0
2026-08-01,093370,후성,화학,target_price,,20000.0
2026-08-01,093370,후성,화학,rev_e,2026/12,5928.0
2026-08-01,093370,후성,화학,op_e,2026/12,527.0
2026-08-01,280360,롯데웰푸드,식품,target_price,,163182.0
2026-08-01,280360,롯데웰푸드,식품,rev_e,2026/12,44277.0
2026-08-01,280360,롯데웰푸드,식품,op_e,2026/12,1916.0
2026-08-01,491000,리브스메드,건강관리장비와용품,target_price,,120000.0
2026-08-01,491000,리브스메드,건강관리장비와용품,rev_e,2026/12,867.0
2026-08-01,491000,리브스메드,건강관리장비와용품,op_e,2026/12,-205.0
2026-08-01,005300,롯데칠성,음료,target_price,,155909.0
2026-08-01,005300,롯데칠성,음료,rev_e,2026/12,41132.0
2026-08-01,005300,롯데칠성,음료,op_e,2026/12,2116.0
2026-08-01,192400,쿠쿠홀딩스,가정용기기와용품,target_price,,35000.0
2026-08-01,192400,쿠쿠홀딩스,가정용기기와용품,rev_e,2026/12,9950.0
2026-08-01,192400,쿠쿠홀딩스,가정용기기와용품,op_e,2026/12,1140.0
2026-08-01,032350,롯데관광개발,"호텔,레스토랑,레저",target_price,,24600.0
2026-08-01,032350,롯데관광개발,"호텔,레스토랑,레저",rev_e,2026/12,7819.0
2026-08-01,032350,롯데관광개발,"호텔,레스토랑,레저",op_e,2026/12,1988.0
2026-08-01,077970,STX엔진,조선,target_price,,78000.0
2026-08-01,077970,STX엔진,조선,rev_e,2026/12,9494.0
2026-08-01,077970,STX엔진,조선,op_e,2026/12,1004.0
